id_247,name,pos_247,hs_name,hs_city,hs_state,transfer_rating,transfer_year,transfer_ovr_rank,transfer_pos_rank,transfer_stars,transfer_origin,transfer_destination,hs_class,hs_rating_247,hs_pos,composite_rating,composite_natl_rank,composite_pos_rank,source_hs_url,hs_stars,source_player_url,transfer_status
46100635,Isaiah World,OT,Lincoln,San Diego,CA,98,2025,2,1,5,Nevada,Oregon,2021,81,OT,0.8322,1682,137,https://247sports.com/player/isaiah-world-46100635/high-school-249681,3,https://247sports.com/player/isaiah-world-46100635/college-325778,
46134398,Eric Singleton Jr.,WR,Alexander,Douglasville,GA,96,2025,5,1,4,Georgia Tech,Auburn,2023,88,WR,0.8619,1072,149,https://247sports.com/player/eric-singleton-jr-46134398/high-school-282205,3,https://247sports.com/player/eric-singleton-jr-46134398/college-297869,
46078807,John Mateer,QB,Little Elm,Little Elm,TX,95,2025,6,3,4,Washington State,Oklahoma,2022,82,QB,0.8267,1766,119,https://247sports.com/player/john-mateer-46078807/high-school-227882,3,https://247sports.com/player/john-mateer-46078807/college-282972,
46102449,Nic Anderson,WR,Katy,Katy,TX,95,2025,9,3,4,Oklahoma,LSU,2022,89,WR,0.9116,243,38,https://247sports.com/player/nic-anderson-46102449/high-school-252500,3,https://247sports.com/player/nic-anderson-46102449/college-278244,
46101236,Nico Iamaleava,QB,Warren,Downey,CA,98,2025,1,1,5,Tennessee,UCLA,2023,100,QB,0.9981,3,2,https://247sports.com/player/nico-iamaleava-46101236/high-school-257323,5,https://247sports.com/player/nico-iamaleava-46101236/college-289779,
46117935,Xavier Chaplin,OT,Whale Branch,Seabrook,SC,95,2025,10,2,4,Virginia Tech,Auburn,2022,86,OT,0.8652,875,77,https://247sports.com/player/xavier-chaplin-46117935/high-school-268445,3,https://247sports.com/player/xavier-chaplin-46117935/college-282273,
46114588,Damon Wilson II,EDGE,Venice,Venice,FL,98,2025,3,1,5,Georgia,Missouri,2023,97,EDGE,0.9869,17,3,https://247sports.com/player/damon-wilson-ii-46114588/high-school-263168,4,https://247sports.com/player/damon-wilson-ii-46114588/college-291463,
46117033,Dillon Thieneman,S,Westfield,Westfield,IN,95,2025,11,1,4,Purdue,Oregon,2023,87,S,0.8647,988,85,https://247sports.com/player/dillon-thieneman-46117033/high-school-267052,3,https://247sports.com/player/dillon-thieneman-46117033/college-292224,
46084884,David Bailey,EDGE,Mater Dei,Santa Ana,CA,95,2025,12,3,4,Stanford,Texas Tech,2022,97,EDGE,0.9718,66,7,https://247sports.com/player/david-bailey-46084884/high-school-236231,4,https://247sports.com/player/david-bailey-46084884/college-286049,
46081171,Zachariah Branch,WR,Bishop Gorman,Las Vegas,NV,95,2025,13,4,4,USC,Georgia,2023,99,WR,0.9961,5,1,https://247sports.com/player/zachariah-branch-46081171/high-school-231075,5,https://247sports.com/player/zachariah-branch-46081171/college-294380,
46084313,Patrick Payton,EDGE,Miami Northwestern,Miami,FL,95,2025,7,2,4,Florida State,LSU,2021,93,LB,0.8986,329,38,https://247sports.com/player/patrick-payton-46084313/high-school-235332,4,https://247sports.com/player/patrick-payton-46084313/college-266654,
46053141,Carson Beck,QB,Mandarin,Jacksonville,FL,96,2025,4,2,4,Georgia,Miami,2020,92,PRO,0.9095,254,9,https://247sports.com/player/carson-beck-46053141/high-school-223714,4,https://247sports.com/player/carson-beck-46053141/college-245988,
46129672,Howard Sampson,OT,Humble,Humble,TX,94,2025,14,3,4,North Carolina,Texas Tech,2022,83,OT,0.8167,1923,193,https://247sports.com/player/howard-sampson-46129672/high-school-275557,3,https://247sports.com/player/howard-sampson-46129672/college-310950,
46103516,Patrick Kutas,IOL,Christian Brothers,Memphis,TN,94,2025,15,1,4,Arkansas,Ole Miss,2022,93,DL,0.8946,373,15,https://247sports.com/player/patrick-kutas-46103516/high-school-254547,4,https://247sports.com/player/patrick-kutas-46103516/college-283274,
46086662,Duce Robinson,WR,Pinnacle,Phoenix,AZ,95,2025,8,2,4,USC,Florida State,2023,98,TE,0.9875,15,1,https://247sports.com/player/duce-robinson-46086662/high-school-239975,5,https://247sports.com/player/duce-robinson-46086662/college-298925,
46058434,Josh Thompson,IOL,Fenton,Fenton,MI,94,2025,16,2,4,Northwestern,LSU,2021,86,OT,0.8467,1284,78,https://247sports.com/player/josh-thompson-46058434/high-school-224531,3,https://247sports.com/player/josh-thompson-46058434/college-269348,
46113612,Max Klare,TE,St. Xavier,Cincinnati,OH,94,2025,17,1,4,Purdue,Ohio State,2022,87,TE,0.8522,1191,69,https://247sports.com/player/max-klare-46113612/high-school-261898,3,https://247sports.com/player/max-klare-46113612/college-285916,
46140927,Emmanuel Pregnon,IOL,Jefferson,Denver,CO,93,2025,21,3,4,Wyoming,Oregon,2020,,IOL,,,,https://247sports.com/player/emmanuel-pregnon-46140927/high-school-295102,,https://247sports.com/player/emmanuel-pregnon-46140927/college-299861,
46135130,Xavier Lucas,CB,American Heritage,Fort Lauderdale,FL,93,2025,20,1,4,Wisconsin,Miami,2024,89,S,0.8988,374,35,https://247sports.com/player/xavier-lucas-46135130/high-school-298382,3,https://247sports.com/player/xavier-lucas-46135130/college-317482,
46117246,Princewill Umanmielen,EDGE,Manor,Manor,TX,94,2025,19,4,4,Nebraska,Ole Miss,2023,92,EDGE,0.9105,268,26,https://247sports.com/player/princewill-umanmielen-46117246/high-school-267420,4,https://247sports.com/player/princewill-umanmielen-46117246/college-292265,
46133353,Jaron-Keawe Sagapolutele,QB,James Campbell,Ewa Beach,HI,93,2025,23,5,4,Oregon,California,2025,96,QB,0.9662,67,7,https://247sports.com/player/jaron-keawe-sagapolutele-46133353/high-school-280225,4,https://247sports.com/player/jaron-keawe-sagapolutele-46133353/college-326610,
46099875,Fernando Mendoza,QB,Columbus,Miami,FL,93,2025,22,4,4,California,Indiana,2022,82,QB,0.7933,2149,140,https://247sports.com/player/fernando-mendoza-46099875/high-school-248689,3,https://247sports.com/player/fernando-mendoza-46099875/college-286014,
46116580,Luke Kromenhoek,QB,Benedictine Military School,Savannah,GA,93,2025,24,6,4,Florida State,Mississippi State,2024,97,QB,0.9718,59,5,https://247sports.com/player/luke-kromenhoek-46116580/high-school-266217,4,https://247sports.com/player/luke-kromenhoek-46116580/college-307091,
46057590,Keeshawn Silver,DL,Rocky Mount,Rocky Mount,NC,93,2025,25,1,4,Kentucky,USC,2021,98,DL,0.9841,31,8,https://247sports.com/player/keeshawn-silver-46057590/high-school-221211,5,https://247sports.com/player/keeshawn-silver-46057590/college-291259,
46085182,David Gusta,DL,Cajon,San Bernardino,CA,93,2025,26,2,4,Washington State,Kentucky,2021,86,DL,0.8489,1227,146,https://247sports.com/player/david-gusta-46085182/high-school-236656,3,https://247sports.com/player/david-gusta-46085182/college-269925,
46080260,Romello Height,EDGE,Dublin,Dublin,GA,93,2025,27,5,4,Georgia Tech,Texas Tech,2020,90,OLB,0.8926,384,25,https://247sports.com/player/romello-height-46080260/high-school-229766,4,https://247sports.com/player/romello-height-46080260/college-316458,
46128681,James Williams,EDGE,Park Hill South,Riverside,MO,93,2025,28,6,4,Nebraska,Florida State,2023,,DL,,,,https://247sports.com/player/james-williams-46128681/junior-college-325292,,https://247sports.com/player/james-williams-46128681/college-325293,
46111961,Horatio Fields,WR,New Manchester,Douglasville,GA,93,2025,29,6,4,Wake Forest,Auburn,2021,83,WR,0.8293,1767,238,https://247sports.com/player/horatio-fields-46111961/high-school-260121,3,https://247sports.com/player/horatio-fields-46111961/college-269076,
46115983,Chase Sowell,WR,Atascocita,Humble,TX,93,2025,30,7,4,Colorado,Iowa State,2022,86,WR,0.8489,1297,172,https://247sports.com/player/chase-sowell-46115983/high-school-265039,3,https://247sports.com/player/chase-sowell-46115983/college-297924,
46098459,Noah Thomas,WR,Clear Springs,League City,TX,93,2025,31,8,4,Texas A&amp;M,Georgia,2022,91,WR,0.9011,302,44,https://247sports.com/player/noah-thomas-46098459/high-school-246869,4,https://247sports.com/player/noah-thomas-46098459/college-281793,
46110503,Tacario Davis,CB,Millikan,Long Beach,CA,93,2025,32,2,4,Arizona,Washington,2022,85,CB,0.8544,1140,107,https://247sports.com/player/tacario-davis-46110503/high-school-258979,3,https://247sports.com/player/tacario-davis-46110503/college-285993,
46093743,Dane Key,WR,Frederick Douglass,Lexington,KY,93,2025,34,10,4,Kentucky,Nebraska,2022,91,WR,0.9129,235,36,https://247sports.com/player/dane-key-46093743/high-school-241988,4,https://247sports.com/player/dane-key-46093743/college-275585,
46096621,Barion Brown,WR,Pearl-Cohn,Nashville,TN,93,2025,33,9,4,Kentucky,LSU,2022,96,WR,0.9586,97,16,https://247sports.com/player/barion-brown-46096621/high-school-244738,4,https://247sports.com/player/barion-brown-46096621/college-284033,
46100412,Malachi Fields,WR,Monticello,Charlottesville,VA,93,2025,37,11,4,Virginia,Notre Dame,2021,84,ATH,0.8296,1763,141,https://247sports.com/player/malachi-fields-46100412/high-school-249387,3,https://247sports.com/player/malachi-fields-46100412/college-269057,
46125725,Williams Nwaneri,DL,Lee's Summit North,Lee's Summit,MO,93,2025,36,3,4,Missouri,Nebraska,2024,99,DL,0.996,8,1,https://247sports.com/player/williams-nwaneri-46125725/high-school-271765,5,https://247sports.com/player/williams-nwaneri-46125725/college-318160,
46081750,Braelin Moore,IOL,Freedom,Bethlehem,PA,93,2025,38,4,4,Virginia Tech,LSU,2022,85,IOL,0.8715,748,37,https://247sports.com/player/braelin-moore-46081750/high-school-231799,3,https://247sports.com/player/braelin-moore-46081750/college-275341,
46053278,Hunter Zambrano,IOL,University School,Fort Lauderdale,FL,93,2025,39,5,4,Illinois State,Texas Tech,2020,80,OT,0.8,2819,228,https://247sports.com/player/hunter-zambrano-46053278/high-school-214071,3,https://247sports.com/player/hunter-zambrano-46053278/college-325405,
46129245,Phillip Daniels,OT,Princeton,Cincinnati,OH,92,2025,44,5,4,Minnesota,Ohio State,2023,88,IOL,0.8731,770,64,https://247sports.com/player/phillip-daniels-46129245/high-school-274711,3,https://247sports.com/player/phillip-daniels-46129245/college-298927,
46057059,Monroe Mills,OT,Father Tolton,Columbia,MO,92,2025,43,4,4,Texas Tech,Virginia,2020,83,OT,0.8411,1487,123,https://247sports.com/player/monroe-mills-46057059/high-school-219952,3,https://247sports.com/player/monroe-mills-46057059/college-310934,
46094657,Justice Haynes,RB,Buford,Buford,GA,92,2025,42,1,4,Alabama,Michigan,2023,97,RB,0.9842,29,3,https://247sports.com/player/justice-haynes-46094657/high-school-282293,4,https://247sports.com/player/justice-haynes-46094657/college-290606,
46116093,Will Heldt,EDGE,Carmel,Carmel,IN,93,2025,41,7,4,Purdue,Clemson,2023,86,LB,0.8753,717,69,https://247sports.com/player/will-heldt-46116093/high-school-265530,3,https://247sports.com/player/will-heldt-46116093/college-292222,
46100449,Elijah Pritchett,OT,Carver,Columbus,GA,92,2025,45,6,4,Alabama,Nebraska,2022,98,OT,0.9825,37,5,https://247sports.com/player/elijah-pritchett-46100449/high-school-249449,5,https://247sports.com/player/elijah-pritchett-46100449/college-281917,
46058557,Kevin Coleman Jr.,WR,St. Mary's,St. Louis,MO,93,2025,40,12,4,Mississippi State,Missouri,2022,96,WR,0.9773,54,6,https://247sports.com/player/kevin-coleman-jr-46058557/high-school-224974,4,https://247sports.com/player/kevin-coleman-jr-46058557/college-312419,
46157818,Elo Modozie,EDGE,Bartram Trail,Jacksonville,FL,92,2025,46,8,4,Army,Georgia,2022,,EDGE,,,,https://247sports.com/player/elo-modozie-46157818/high-school-336182,,https://247sports.com/player/elo-modozie-46157818/college-336185,
46151875,David Blay Jr.,DL,Truman,Levittown,PA,92,2025,51,5,4,West Chester,Miami,2021,,DL,,,,https://247sports.com/player/david-blay-jr-46151875/high-school-321025,,https://247sports.com/player/david-blay-jr-46151875/college-321027,
46079570,Jaydn Ott,RB,Norco,Norco,CA,92,2025,50,3,4,California,Oklahoma,2022,91,RB,0.9049,274,23,https://247sports.com/player/jaydn-ott-46079570/high-school-228730,4,https://247sports.com/player/jaydn-ott-46079570/college-281180,
46042097,Rahsul Faison,RB,Pottsgrove,Pottstown,PA,92,2025,49,2,4,Utah State,South Carolina,2023,,RB,,,,https://247sports.com/player/rahsul-faison-46042097/junior-college-296900,,https://247sports.com/player/rahsul-faison-46042097/college-313995,
46116055,Darian Mensah,QB,St. Joseph,San Luis Obispo,CA,92,2025,48,7,4,Tulane,Duke,2023,82,QB,0.7933,2289,135,https://247sports.com/player/darian-mensah-46116055/high-school-265190,3,https://247sports.com/player/darian-mensah-46116055/college-302024,
46098651,Bernard Gooden,DL,Park Crossing,Montgomery,AL,92,2025,47,4,4,Wake Forest,LSU,2021,84,DL,0.8511,1157,137,https://247sports.com/player/bernard-gooden-46098651/high-school-247150,3,https://247sports.com/player/bernard-gooden-46098651/college-303326,
46058870,Daniel King,OT,Cairo,Cairo,GA,92,2025,54,8,4,Troy,North Carolina,2022,,IOL,,,,https://247sports.com/player/daniel-king-46058870/junior-college-276494,,https://247sports.com/player/daniel-king-46058870/college-287614,
46154030,Zechariah Poyser,S,Wildwood,Wildwood,FL,92,2025,57,2,4,Jacksonville State,Miami,2023,,S,,,,https://247sports.com/player/zechariah-poyser-46154030/high-school-325723,,https://247sports.com/player/zechariah-poyser-46154030/college-325724,
46085647,Will Jados,OT,Westerville Central,Westerville,OH,92,2025,53,7,4,Miami (OH),Texas Tech,2021,79,OT,0.8189,2036,168,https://247sports.com/player/will-jados-46085647/high-school-237515,2,https://247sports.com/player/will-jados-46085647/college-271559,
46056334,Thaddeus Dixon,CB,Paramount,Paramount,CA,92,2025,52,3,4,Washington,North Carolina,2023,,CB,,,,https://247sports.com/player/thaddeus-dixon-46056334/junior-college-289475,,https://247sports.com/player/thaddeus-dixon-46056334/college-293389,
46085599,Carver Willis,OT,Durango,Durango,CO,92,2025,55,9,4,Kansas State,Washington,2020,85,OT,0.8574,995,82,https://247sports.com/player/carver-willis-46085599/high-school-237422,3,https://247sports.com/player/carver-willis-46085599/college-247921,
46145565,Maraad Watson,DL,Irvington,Irvington,NJ,92,2025,56,6,4,Syracuse,Texas,2024,88,DL,0.86,1220,128,https://247sports.com/player/maraad-watson-46145565/high-school-305393,3,https://247sports.com/player/maraad-watson-46145565/college-312040,
46086136,Mi'Quise Humphrey-Grace,EDGE,Princeton,Cincinnati,OH,92,2025,59,9,4,South Dakota,Kentucky,2022,,EDGE,,,,https://247sports.com/player/miquise-humphrey-grace-46086136/high-school-238461,,https://247sports.com/player/miquise-humphrey-grace-46086136/college-324656,
46058922,Lee Hunter,DL,Blount,Eight Mile,AL,92,2025,62,9,4,UCF,Texas Tech,2021,94,DL,0.9633,81,12,https://247sports.com/player/lee-hunter-46058922/high-school-225495,4,https://247sports.com/player/lee-hunter-46058922/college-286279,
46058199,Isaiah Horton,WR,Oakland,Murfreesboro,TN,92,2025,63,14,4,Miami,Alabama,2022,90,WR,0.8948,372,56,https://247sports.com/player/isaiah-horton-46058199/high-school-253765,4,https://247sports.com/player/isaiah-horton-46058199/college-281474,
46047745,Jehiem Oatis,DL,Columbia,Columbia,MS,92,2025,60,7,4,Alabama,Colorado,2022,95,DL,0.971,71,12,https://247sports.com/player/jehiem-oatis-46047745/high-school-202414,4,https://247sports.com/player/jehiem-oatis-46047745/college-275054,
46128632,Mario Craver,WR,Clay-Chalkville,Pinson,AL,92,2025,58,13,4,Mississippi State,Texas A&amp;M,2024,90,WR,0.9056,309,49,https://247sports.com/player/mario-craver-46128632/high-school-273854,4,https://247sports.com/player/mario-craver-46128632/college-308338,
46076651,Bear Alexander,DL,IMG Academy,Terrell,TX,92,2025,61,8,4,Georgia,Oregon,2022,94,DL,0.9782,50,9,https://247sports.com/player/bear-alexander-46076651/high-school-264343,4,https://247sports.com/player/bear-alexander-46076651/college-299863,
46114316,Micah Hudson,WR,Lake Belton,Temple,TX,92,2025,64,15,4,Texas A&amp;M,Texas Tech,2024,98,WR,0.9934,16,4,https://247sports.com/player/micah-hudson-46114316/high-school-262888,5,https://247sports.com/player/micah-hudson-46114316/college-331612,
46096439,Fa'alili Fa'amoe,OT,Leone,American Samoa,AMER,92,2025,67,10,4,Washington State,Wake Forest,2020,85,SDE,0.85,1200,59,https://247sports.com/player/faalili-faamoe-46096439/high-school-244497,3,https://247sports.com/player/faalili-faamoe-46096439/college-257250,
46047260,Tre Williams,DL,St. John's College,Washington,DC,92,2025,66,10,4,Clemson,Michigan,2020,95,DT,0.9569,94,11,https://247sports.com/player/tre-williams-46047260/high-school-200793,4,https://247sports.com/player/tre-williams-46047260/college-255242,
46051396,Nikhai Hill-Green,LB,St. Frances Academy,Baltimore,MD,92,2025,65,1,4,Colorado,Alabama,2020,90,OLB,0.8926,384,25,https://247sports.com/player/nikhai-hill-green-46051396/high-school-211314,4,https://247sports.com/player/nikhai-hill-green-46051396/college-319502,
46049051,Luke Petitbon,IOL,Gonzaga,Washington,DC,92,2025,68,6,4,Wake Forest,Florida State,2020,85,OC,0.8685,714,17,https://247sports.com/player/luke-petitbon-46049051/high-school-207044,3,https://247sports.com/player/luke-petitbon-46049051/college-255102,
46094716,Marvin Jones Jr.,EDGE,American Heritage,Fort Lauderdale,FL,92,2025,69,10,4,Florida State,Oklahoma,2022,98,EDGE,0.9887,24,3,https://247sports.com/player/marvin-jones-jr-46094716/high-school-243378,5,https://247sports.com/player/marvin-jones-jr-46094716/college-307104,
46097332,Tanner Koziol,TE,Nazareth Academy,La Grange Park,IL,92,2025,72,3,4,Wisconsin,Houston,2021,72,WR,0.7859,2603,323,https://247sports.com/player/tanner-koziol-46097332/high-school-245255,2,https://247sports.com/player/tanner-koziol-46097332/college-333336,
46125851,Khmori House,LB,St. John Bosco,Bellflower,CA,92,2025,71,3,4,Washington,North Carolina,2024,87,LB,0.8833,592,56,https://247sports.com/player/khmori-house-46125851/high-school-272075,3,https://247sports.com/player/khmori-house-46125851/college-308038,
46100114,Julian Neal,CB,Mission,San Francisco,CA,92,2025,73,4,4,Fresno State,Arkansas,2021,84,ATH,0.8348,1608,128,https://247sports.com/player/julian-neal-46100114/high-school-248971,3,https://247sports.com/player/julian-neal-46100114/college-335932,
46140922,Jaylen Brown,DL,James Clemens,Madison,AL,92,2025,74,11,4,Missouri,South Carolina,2024,94,DL,0.909,282,37,https://247sports.com/player/jaylen-brown-46140922/high-school-295084,4,https://247sports.com/player/jaylen-brown-46140922/college-318162,
46078972,Julio Humphrey,CB,Clear Lake,Houston,TX,92,2025,76,6,4,Georgia,Texas A&amp;M,2022,95,CB,0.9655,81,9,https://247sports.com/player/julio-humphrey-46078972/high-school-228094,4,https://247sports.com/player/julio-humphrey-46078972/college-281878,
46129060,Cam Calhoun,CB,Winton Woods,Cincinnati,OH,92,2025,77,7,4,Michigan,Alabama,2023,90,CB,0.8942,397,41,https://247sports.com/player/cam-calhoun-46129060/high-school-274488,4,https://247sports.com/player/cam-calhoun-46129060/college-311543,
46041510,Keelan Marion,WR,Grayson,Lawrenceville,GA,92,2025,79,16,4,BYU,Miami,2020,81,WR,0.8085,7,2,https://247sports.com/player/keelan-marion-46041510/prep-233920,3,https://247sports.com/player/keelan-marion-46041510/college-297051,
46102475,Jerry Wilson,CB,Osceola,Kissimmee,FL,92,2025,78,8,4,Houston,Florida State,2022,84,CB,0.8533,1161,110,https://247sports.com/player/jerry-wilson-46102475/high-school-252549,3,https://247sports.com/player/jerry-wilson-46102475/college-311515,
46117241,Brandon Cisse,CB,Lakewood,Sumter,SC,92,2025,80,9,4,NC State,South Carolina,2023,89,CB,0.8866,505,51,https://247sports.com/player/brandon-cisse-46117241/high-school-267411,3,https://247sports.com/player/brandon-cisse-46117241/college-292236,
46109950,Jordan Dwyer,WR,Puyallup,Puyallup,WA,92,2025,84,18,4,Idaho,TCU,2022,83,WR,,,,https://247sports.com/player/jordan-dwyer-46109950/high-school-257996,3,https://247sports.com/player/jordan-dwyer-46109950/college-326008,
46109887,Harrison Wallace III,WR,Pike Road,Pike Road,AL,92,2025,83,17,4,Penn State,Ole Miss,2021,91,WR,0.8841,465,71,https://247sports.com/player/harrison-wallace-iii-46109887/high-school-257872,4,https://247sports.com/player/harrison-wallace-iii-46109887/college-267288,
46100795,Eric Rivers,WR,McCallie School,Chattanooga,TN,92,2025,85,19,4,Memphis,Georgia Tech,2021,84,ATH,0.8467,1305,98,https://247sports.com/player/eric-rivers-46100795/high-school-249885,3,https://247sports.com/player/eric-rivers-46100795/college-299586,
46079369,Maalik Murphy,QB,Junipero Serra,Gardena,CA,92,2025,82,8,4,Texas,Oregon State,2022,93,QB,0.9292,179,12,https://247sports.com/player/maalik-murphy-46079369/high-school-228615,4,https://247sports.com/player/maalik-murphy-46079369/college-307326,
46109296,Ethan O'Connor,CB,Los Alamitos,Los Alamitos,CA,92,2025,81,10,4,Washington State,Miami,2023,88,ATH,0.8769,673,42,https://247sports.com/player/ethan-oconnor-46109296/high-school-261032,3,https://247sports.com/player/ethan-oconnor-46109296/college-299894,
46056563,James Thompson Jr.,DL,Roger Bacon,Cincinnati,OH,92,2025,87,12,4,Wisconsin,Illinois,2020,86,SDE,0.8467,1310,64,https://247sports.com/player/james-thompson-jr-46056563/high-school-218956,3,https://247sports.com/player/james-thompson-jr-46056563/college-254228,
46101764,Jimmori Robinson,EDGE,Hayfield,Alexandria,VA,92,2025,88,11,4,UTSA,West Virginia,2021,,EDGE,,,,https://247sports.com/player/jimmori-robinson-46101764/junior-college-251414,,https://247sports.com/player/jimmori-robinson-46101764/college-271069,
46041296,Josh Moten,CB,National Christian Academy,Fort Washington,MD,92,2025,86,11,4,Marshall,Southern Miss,2020,88,CB,0.8951,364,28,https://247sports.com/player/josh-moten-46041296/high-school-193316,3,https://247sports.com/player/josh-moten-46041296/college-300914,
46135712,Nate Johnson,EDGE,Gaffney,Gaffney,SC,92,2025,89,12,4,Appalachian State,Missouri,2023,84,EDGE,0.847,1515,130,https://247sports.com/player/nate-johnson-46135712/high-school-284476,3,https://247sports.com/player/nate-johnson-46135712/college-292490,
46101607,Pryce Yates,DL,Reagan,San Antonio,TX,92,2025,90,13,4,UConn,North Carolina,2021,80,DL,0.817,2062,240,https://247sports.com/player/pryce-yates-46101607/high-school-251220,3,https://247sports.com/player/pryce-yates-46101607/college-301478,
46080142,Mark Gronowski,QB,Neuqua Valley,Naperville,IL,91,2025,93,10,4,South Dakota State,Iowa,2020,,PRO,,,,https://247sports.com/player/mark-gronowski-46080142/high-school-229569,,https://247sports.com/player/mark-gronowski-46080142/college-326805,
46109834,Tyreese Fearbry,EDGE,Perry Traditional Academy,Pittsburgh,PA,92,2025,91,13,4,Kentucky,Wisconsin,2022,93,EDGE,0.9281,185,18,https://247sports.com/player/tyreese-fearbry-46109834/high-school-257780,4,https://247sports.com/player/tyreese-fearbry-46109834/college-284034,
46115868,Jack Pyburn,EDGE,The Bolles School,Jacksonville,FL,91,2025,94,14,4,Florida,LSU,2022,88,EDGE,0.8889,435,35,https://247sports.com/player/jack-pyburn-46115868/high-school-264891,3,https://247sports.com/player/jack-pyburn-46115868/college-281898,
46094199,Conner Weigman,QB,Bridgeland,Cypress,TX,91,2025,92,9,4,Texas A&amp;M,Houston,2022,98,QB,0.9899,22,2,https://247sports.com/player/conner-weigman-46094199/high-school-242803,5,https://247sports.com/player/conner-weigman-46094199/college-275138,
46094682,Beau Atkinson,EDGE,Leesville Road,Raleigh,NC,91,2025,95,15,4,North Carolina,Ohio State,2022,89,EDGE,0.9106,249,22,https://247sports.com/player/beau-atkinson-46094682/high-school-243251,3,https://247sports.com/player/beau-atkinson-46094682/college-274918,
46058188,Charles Brantley,CB,Venice,Venice,FL,91,2025,96,12,4,Michigan State,Miami,2021,88,CB,0.88,520,38,https://247sports.com/player/charles-brantley-46058188/high-school-240922,3,https://247sports.com/player/charles-brantley-46058188/college-268834,
46099592,Emmanuel Karnley,CB,Las Lomas,Walnut Creek,CA,91,2025,97,13,4,Miami,Virginia,2023,87,CB,0.8706,835,84,https://247sports.com/player/emmanuel-karnley-46099592/high-school-248316,3,https://247sports.com/player/emmanuel-karnley-46099592/college-333243,
46154021,Rahtrel Perry,OT,Trinity-Pawling School,Pawling,NY,91,2025,98,11,4,Central Connecticut State,Maryland,2022,,OT,,,,https://247sports.com/player/rahtrel-perry-46154021/high-school-325703,,https://247sports.com/player/rahtrel-perry-46154021/college-325704,
46102381,Parker Petersen,DL,Father Ryan,Nashville,TN,91,2025,99,14,4,Tulane,Wisconsin,2021,84,ATH,0.8326,1671,192,https://247sports.com/player/parker-petersen-46102381/high-school-252362,3,https://247sports.com/player/parker-petersen-46102381/college-286382,
46139098,Wayshawn Parker,RB,Grant Union,Sacramento,CA,91,2025,100,4,4,Washington State,Utah,2024,86,ATH,0.8467,1739,164,https://247sports.com/player/wayshawn-parker-46139098/high-school-298256,3,https://247sports.com/player/wayshawn-parker-46139098/college-308023,
46156292,Joe Cotton,OT,Roosevelt,Sioux Falls,SD,91,2025,103,14,4,South Dakota,Cincinnati,2022,,OT,,,,https://247sports.com/player/joe-cotton-46156292/high-school-331102,,https://247sports.com/player/joe-cotton-46156292/college-331105,
46099220,Corey Robinson II,OT,Roswell,Roswell,GA,91,2025,101,12,4,Georgia Tech,Arkansas,2021,83,OT,0.8367,1551,127,https://247sports.com/player/corey-robinson-ii-46099220/high-school-247717,3,https://247sports.com/player/corey-robinson-ii-46099220/college-283073,
46129031,DJ Wingfield,IOL,Redondo Union,Redondo Beach,CA,91,2025,104,7,4,Purdue,USC,2022,,IOL,,,,https://247sports.com/player/dj-wingfield-46129031/junior-college-274445,,https://247sports.com/player/dj-wingfield-46129031/college-311332,
46101064,Ethan Onianwa,OT,Cinco Ranch,Katy,TX,91,2025,102,13,4,Rice,Ohio State,2021,85,IOL,0.8404,1463,89,https://247sports.com/player/ethan-onianwa-46101064/high-school-250248,3,https://247sports.com/player/ethan-onianwa-46101064/college-271009,
46049014,Cole Brevard,DL,Carmel,Carmel,IN,91,2025,105,15,4,Purdue,Texas,2020,88,DT,0.9206,206,19,https://247sports.com/player/cole-brevard-46049014/high-school-206985,3,https://247sports.com/player/cole-brevard-46049014/college-285433,
46114798,Jamaal Jarrett,DL,Grimsley,Greensboro,NC,91,2025,106,16,4,Georgia,USC,2023,95,DL,0.9266,187,21,https://247sports.com/player/jamaal-jarrett-46114798/high-school-263423,4,https://247sports.com/player/jamaal-jarrett-46114798/college-291453,
46100900,Jahmal Edrine,WR,Fort Lauderdale,Fort Lauderdale,FL,91,2025,107,20,4,Florida Atlantic,Virginia,2021,85,WR,0.8404,1463,201,https://247sports.com/player/jahmal-edrine-46100900/high-school-250013,3,https://247sports.com/player/jahmal-edrine-46100900/college-300592,
46083221,CJ Daniels,WR,Parkview,Lilburn,GA,91,2025,109,22,4,LSU,Miami,2020,79,WR,0.8115,2450,321,https://247sports.com/player/cj-daniels-46083221/high-school-233712,2,https://247sports.com/player/cj-daniels-46083221/college-311348,
46129509,Malik Benson,WR,Lansing,Lansing,KS,91,2025,108,21,4,Alabama,Oregon,2023,,WR,,,,https://247sports.com/player/malik-benson-46129509/junior-college-275285,,https://247sports.com/player/malik-benson-46129509/college-307242,
46116352,Amier Boyd,CB,Mountain Pointe,Phoenix,AZ,91,2025,110,14,4,UTEP,Texas Tech,2022,80,ATH,0.7944,2144,170,https://247sports.com/player/amier-boyd-46116352/high-school-265938,3,https://247sports.com/player/amier-boyd-46116352/college-286890,
46110656,Mansoor Delane,CB,Archbishop Spalding,Severn,MD,91,2025,111,15,4,Virginia Tech,LSU,2022,87,CB,0.8752,650,59,https://247sports.com/player/mansoor-delane-46110656/high-school-259394,3,https://247sports.com/player/mansoor-delane-46110656/college-282281,
46142514,Fluff Bothwell,RB,Oneonta,Oneonta,AL,91,2025,112,5,4,South Alabama,Mississippi State,2024,85,RB,0.8256,2364,168,https://247sports.com/player/fluff-bothwell-46142514/high-school-298354,3,https://247sports.com/player/fluff-bothwell-46142514/college-319977,
46083665,De'Zhaun Stribling,WR,Kapolei,Kapolei,HI,91,2025,113,23,4,Washington State,Ole Miss,2021,83,WR,0.8206,1981,268,https://247sports.com/player/dezhaun-stribling-46083665/high-school-234287,3,https://247sports.com/player/dezhaun-stribling-46083665/college-293529,
46094820,O'Mega Blake,WR,South Pointe,Rock Hill,SC,91,2025,114,24,4,Charlotte,Arkansas,2021,87,WR,0.8685,707,110,https://247sports.com/player/omega-blake-46094820/high-school-243566,3,https://247sports.com/player/omega-blake-46094820/college-320431,
46085766,Mason Murphy,OT,JSerra Catholic,San Juan Capistrano,CA,91,2025,115,15,4,USC,Auburn,2021,88,OT,0.8914,386,28,https://247sports.com/player/mason-murphy-46085766/high-school-237771,3,https://247sports.com/player/mason-murphy-46085766/college-268981,
46109306,Makhi Hughes,RB,Huffman,Birmingham,AL,91,2025,117,7,4,Tulane,Oregon,2022,84,RB,0.8541,1149,87,https://247sports.com/player/makhi-hughes-46109306/high-school-257387,3,https://247sports.com/player/makhi-hughes-46109306/college-286333,
46054479,Akelo Stone,DL,Jenkins,Savannah,GA,91,2025,118,17,4,Ole Miss,Georgia Tech,2020,85,DT,0.8641,836,38,https://247sports.com/player/akelo-stone-46054479/high-school-215692,3,https://247sports.com/player/akelo-stone-46054479/college-301019,
46057330,Travis Shaw,DL,Grimsley,Greensboro,NC,91,2025,119,18,4,North Carolina,Texas,2022,98,DL,0.99,20,6,https://247sports.com/player/travis-shaw-46057330/high-school-220716,5,https://247sports.com/player/travis-shaw-46057330/college-275157,
46129580,Ja'Keem Jackson,CB,Osceola,Kissimmee,FL,91,2025,121,16,4,Florida,LSU,2023,97,CB,0.9715,53,7,https://247sports.com/player/jakeem-jackson-46129580/high-school-275390,4,https://247sports.com/player/jakeem-jackson-46129580/college-290476,
46114478,Da'Shawn Womack,EDGE,St. Frances Academy,Baltimore,MD,91,2025,120,16,4,LSU,Ole Miss,2023,98,EDGE,0.9826,32,5,https://247sports.com/player/dashawn-womack-46114478/high-school-263045,5,https://247sports.com/player/dashawn-womack-46114478/college-292083,
46153725,Derek Simmons,OT,Duncan U. Fletcher,Neptune Beach,FL,91,2025,122,16,4,Western Carolina,Oklahoma,2020,,OT,,,,https://247sports.com/player/derek-simmons-46153725/high-school-324985,,https://247sports.com/player/derek-simmons-46153725/college-324988,
46059433,Dasan McCullough,LB,Bloomington South,Bloomington,IN,91,2025,123,4,4,Oklahoma,Nebraska,2022,94,S,0.9701,75,9,https://247sports.com/player/dasan-mccullough-46059433/high-school-226570,4,https://247sports.com/player/dasan-mccullough-46059433/college-289609,
46080278,Kendal Daniels,LB,Beggs,Beggs,OK,91,2025,124,5,4,Oklahoma State,Oklahoma,2021,97,S,0.9578,101,5,https://247sports.com/player/kendal-daniels-46080278/high-school-229797,4,https://247sports.com/player/kendal-daniels-46080278/college-269558,
46130416,Alex Harkey,OT,Hays,Buda,TX,91,2025,125,17,4,Colorado,Oregon,2022,,OT,,,,https://247sports.com/player/alex-harkey-46130416/junior-college-276127,,https://247sports.com/player/alex-harkey-46130416/college-300104,
46083007,Micah Pettus,OT,James Clemens,Harvest,AL,91,2025,126,18,4,Ole Miss,Florida State,2021,85,OT,0.8478,1250,107,https://247sports.com/player/micah-pettus-46083007/high-school-233546,3,https://247sports.com/player/micah-pettus-46083007/college-261468,
46083673,Alex Wollschlaeger,OT,Oswego East,Oswego,IL,91,2025,127,19,4,Bowling Green,Kentucky,2020,77,OT,0.7794,3548,280,https://247sports.com/player/alex-wollschlaeger-46083673/high-school-234296,2,https://247sports.com/player/alex-wollschlaeger-46083673/college-256608,
46083117,J. Michael Sturdivant,WR,Marcus,Flower Mound,TX,91,2025,128,25,4,California,Florida,2021,92,WR,0.9369,145,24,https://247sports.com/player/j-michael-sturdivant-46083117/high-school-233573,4,https://247sports.com/player/j-michael-sturdivant-46083117/college-294649,
46085837,Trebor Pena,WR,Ocean Township,Oakhurst,NJ,91,2025,129,26,4,Syracuse,Penn State,2020,85,WR,0.8426,1434,102,https://247sports.com/player/trebor-pena-46085837/high-school-237898,3,https://247sports.com/player/trebor-pena-46085837/college-255082,
46103007,Jack Endries,TE,Monte Vista,Danville,CA,91,2025,131,4,4,California,Texas,2022,83,TE,,,,https://247sports.com/player/jack-endries-46103007/high-school-253659,3,https://247sports.com/player/jack-endries-46103007/college-336293,
46154198,Shiyazh Pete,OT,Shiprock,Shiprock,NM,91,2025,132,20,4,New Mexico State,Kentucky,2021,,OT,,,,https://247sports.com/player/shiyazh-pete-46154198/high-school-326208,,https://247sports.com/player/shiyazh-pete-46154198/college-326209,
46118192,Amare Campbell,LB,Unity Reed,Manassas,VA,91,2025,130,6,4,North Carolina,Penn State,2023,85,LB,0.8542,1286,109,https://247sports.com/player/amare-campbell-46118192/high-school-269024,3,https://247sports.com/player/amare-campbell-46118192/college-293469,
46154477,Conner Moore,OT,Lake,Millbury,OH,91,2025,133,21,4,Montana State,Michigan State,2022,,OT,,,,https://247sports.com/player/conner-moore-46154477/high-school-327180,,https://247sports.com/player/conner-moore-46154477/college-327181,
46112079,T.J. Searcy,EDGE,Upson-Lee,Thomaston,GA,91,2025,134,17,4,Florida,Texas A&amp;M,2023,92,DL,0.9138,250,33,https://247sports.com/player/tj-searcy-46112079/high-school-260278,4,https://247sports.com/player/tj-searcy-46112079/college-290478,
46133230,Micheal Garner,DL,Bloom,Chicago Heights,IL,91,2025,136,20,4,Grambling State,Wisconsin,2023,82,DL,,,,https://247sports.com/player/micheal-garner-46133230/high-school-279972,3,https://247sports.com/player/micheal-garner-46133230/college-326100,
46134647,Delano Townsend,IOL,Hamady Community,Flint,MI,91,2025,137,8,4,UAB,Ole Miss,2023,82,IOL,0.8137,2158,170,https://247sports.com/player/delano-townsend-46134647/high-school-282629,3,https://247sports.com/player/delano-townsend-46134647/college-320612,
46127855,Jayson Jenkins,DL,Notre Dame,Lawrenceville,NJ,91,2025,135,19,4,Tennessee,Florida State,2022,84,DL,0.8519,1214,152,https://247sports.com/player/jayson-jenkins-46127855/high-school-272688,3,https://247sports.com/player/jayson-jenkins-46127855/college-282841,
46083976,Pat Coogan,IOL,Marist,Chicago,IL,91,2025,138,9,4,Notre Dame,Indiana,2021,87,OT,0.8737,613,42,https://247sports.com/player/pat-coogan-46083976/high-school-234696,3,https://247sports.com/player/pat-coogan-46083976/college-268426,
46049869,Rocco Spindler,IOL,Clarkston,Clarkston,MI,91,2025,139,10,4,Notre Dame,Nebraska,2021,95,IOL,0.9713,60,3,https://247sports.com/player/rocco-spindler-46049869/high-school-208834,4,https://247sports.com/player/rocco-spindler-46049869/college-261693,
46111510,Traylon Ray,WR,North Florida Christian,Tallahassee,FL,91,2025,140,27,4,West Virginia,Ole Miss,2023,88,WR,0.8971,366,54,https://247sports.com/player/traylon-ray-46111510/high-school-259535,3,https://247sports.com/player/traylon-ray-46111510/college-299927,
46055582,Jordan White,IOL,DeMatha Catholic,Hyattsville,MD,91,2025,141,11,4,Liberty,Vanderbilt,2020,86,OG,0.863,855,56,https://247sports.com/player/jordan-white-46055582/high-school-217592,3,https://247sports.com/player/jordan-white-46055582/college-320651,
46078791,Beau Pribula,QB,Central York,York,PA,90,2025,143,12,4,Penn State,Missouri,2022,88,QB,0.8859,464,29,https://247sports.com/player/beau-pribula-46078791/high-school-227861,3,https://247sports.com/player/beau-pribula-46078791/college-275023,
46057390,A.J. Turner,RB,Life Christian Academy,Hampton,VA,90,2025,144,8,4,Marshall,Minnesota,2022,78,RB,0.817,1918,138,https://247sports.com/player/aj-turner-46057390/high-school-259072,2,https://247sports.com/player/aj-turner-46057390/college-311164,
46051144,Miller Moss,QB,Bishop Alemany,Mission Hills,CA,90,2025,142,11,4,USC,Louisville,2021,94,QB,0.9663,76,12,https://247sports.com/player/miller-moss-46051144/high-school-210981,4,https://247sports.com/player/miller-moss-46051144/college-261844,
46109935,Quinten Joyner,RB,Manor,Manor,TX,90,2025,145,9,4,USC,Texas Tech,2023,95,RB,0.9236,202,14,https://247sports.com/player/quinten-joyner-46109935/high-school-257979,4,https://247sports.com/player/quinten-joyner-46109935/college-294388,
46115051,Jackson Arnold,QB,Denton Guyer,Denton,TX,90,2025,146,13,4,Oklahoma,Auburn,2023,99,QB,0.9947,8,4,https://247sports.com/player/jackson-arnold-46115051/high-school-263724,5,https://247sports.com/player/jackson-arnold-46115051/college-290943,
46100509,Mahamane Moussa,IOL,Pike,Indianapolis,IN,90,2025,147,12,4,Purdue,Louisville,2021,83,OT,0.8485,1240,105,https://247sports.com/player/mahamane-moussa-46100509/high-school-249516,3,https://247sports.com/player/mahamane-moussa-46100509/college-269630,
46137204,J'Onre Reed,IOL,Aldine Eisenhower,Houston,TX,90,2025,148,13,4,Syracuse,USC,2023,,IOL,,,,https://247sports.com/player/jonre-reed-46137204/junior-college-288314,,https://247sports.com/player/jonre-reed-46137204/college-300485,
46085254,Sincere Brown,WR,First Baptist Church School,Charleston,SC,90,2025,149,28,4,Campbell,Colorado,2020,80,WR,0.8096,2606,345,https://247sports.com/player/sincere-brown-46085254/high-school-236763,3,https://247sports.com/player/sincere-brown-46085254/college-334050,
46153815,Tristan Smith,WR,LaGrange,LaGrange,GA,90,2025,150,29,4,Southeast Missouri State,Clemson,2024,,WR,,,,https://247sports.com/player/tristan-smith-46153815/junior-college-325245,,https://247sports.com/player/tristan-smith-46153815/college-325246,
46111677,A.J. Haulcy,S,Fort Bend Marshall,Missouri City,TX,90,2025,151,3,4,Houston,LSU,2022,81,S,0.8196,1900,144,https://247sports.com/player/aj-haulcy-46111677/high-school-259762,3,https://247sports.com/player/aj-haulcy-46111677/college-292056,
46111704,Devonte Ross,WR,Cartersville,Cartersville,GA,90,2025,152,30,4,Troy,Penn State,2021,86,WR,0.8511,1157,83,https://247sports.com/player/devonte-ross-46111704/high-school-259798,3,https://247sports.com/player/devonte-ross-46111704/college-326061,
46100919,Tomas Rimac,IOL,Brunswick,Brunswick,OH,90,2025,153,14,4,West Virginia,Virginia Tech,2021,89,OT,0.8656,776,68,https://247sports.com/player/tomas-rimac-46100919/high-school-250040,3,https://247sports.com/player/tomas-rimac-46100919/college-268626,
46050868,TJ Ferguson,IOL,Peach County,Fort Valley,GA,90,2025,154,15,4,Florida State,Syracuse,2021,95,IOL,0.9719,58,2,https://247sports.com/player/tj-ferguson-46050868/high-school-210587,4,https://247sports.com/player/tj-ferguson-46050868/college-307379,
46112947,DT Sheffield,WR,Corinth,Corinth,MS,90,2025,155,31,4,North Texas,Rutgers,2023,,WR,,,,https://247sports.com/player/dt-sheffield-46112947/junior-college-260752,,https://247sports.com/player/dt-sheffield-46112947/college-309764,
46129802,Tamarcus Cooley,S,Rolesville,Rolesville,NC,90,2025,156,4,4,Maryland,LSU,2023,87,WR,0.8647,988,85,https://247sports.com/player/tamarcus-cooley-46129802/high-school-278037,3,https://247sports.com/player/tamarcus-cooley-46129802/college-310912,
46153787,Mason Reiger,EDGE,Conant,River Grove,IL,90,2025,159,18,4,Louisville,Wisconsin,2020,,EDGE,,,,https://247sports.com/player/mason-reiger-46153787/high-school-325147,,https://247sports.com/player/mason-reiger-46153787/college-325148,
46082412,Cole Wisniewski,S,Sparta,Sparta,WI,90,2025,157,5,4,North Dakota State,Texas Tech,2020,79,S,0.79,3115,229,https://247sports.com/player/cole-wisniewski-46082412/high-school-232642,2,https://247sports.com/player/cole-wisniewski-46082412/college-303164,
46137604,Red Hibbler,DL,Louisville,Louisville,MS,90,2025,158,21,4,NC State,Mississippi State,2023,,EDGE,,,,https://247sports.com/player/red-hibbler-46137604/junior-college-289194,,https://247sports.com/player/red-hibbler-46137604/college-292239,
46084334,DeVonta Smith,S,La Salle,Cincinnati,OH,90,2025,160,6,4,Alabama,Notre Dame,2021,93,CB,0.9114,250,19,https://247sports.com/player/devonta-smith-46084334/high-school-235359,4,https://247sports.com/player/devonta-smith-46084334/college-266271,
46093813,Jimari Butler,EDGE,Murphy,Mobile,AL,90,2025,161,19,4,Nebraska,LSU,2020,84,OLB,0.8659,794,37,https://247sports.com/player/jimari-butler-46093813/high-school-242111,3,https://247sports.com/player/jimari-butler-46093813/college-259500,
46100045,Kam Olds,EDGE,Fork Union Military (HS),Midlothian,VA,90,2025,164,21,4,Kent State,Kentucky,2022,83,EDGE,0.8219,1853,101,https://247sports.com/player/kam-olds-46100045/high-school-268339,3,https://247sports.com/player/kam-olds-46100045/college-320254,
46054589,Smith Vilbert,EDGE,St. Joseph Regional,Montvale,NJ,90,2025,162,20,4,Penn State,North Carolina,2019,88,SDE,0.8763,618,38,https://247sports.com/player/smith-vilbert-46054589/high-school-215878,3,https://247sports.com/player/smith-vilbert-46054589/college-238156,
46100253,Amariyun Knighten,CB,Deerfield Beach,Deerfield Beach,FL,90,2025,163,17,4,Northern Illinois,Indiana,2022,79,CB,0.8115,2010,166,https://247sports.com/player/amariyun-knighten-46100253/high-school-271575,2,https://247sports.com/player/amariyun-knighten-46100253/college-325484,
46111494,Hykeem Williams,WR,Stranahan,Fort Lauderdale,FL,90,2025,165,32,4,Florida State,Colorado,2023,98,WR,0.9838,30,3,https://247sports.com/player/hykeem-williams-46111494/high-school-259517,5,https://247sports.com/player/hykeem-williams-46111494/college-290381,
46084792,Gabriel Brownlow-Dindy,DL,Lakeland,Lakeland,FL,90,2025,166,22,4,Texas A&amp;M,South Carolina,2022,98,DL,0.9913,17,5,https://247sports.com/player/gabriel-brownlow-dindy-46084792/high-school-236098,5,https://247sports.com/player/gabriel-brownlow-dindy-46084792/college-275135,
46115876,Reggie Virgil,WR,Mount Dora Christian Academy,Mount Dora,FL,90,2025,168,33,4,Miami (OH),Texas Tech,2022,82,ATH,0.8259,1794,138,https://247sports.com/player/reggie-virgil-46115876/high-school-264903,3,https://247sports.com/player/reggie-virgil-46115876/college-325688,
46128471,Jamari Johnson,TE,Inglewood,Inglewood,CA,90,2025,170,6,4,Louisville,Oregon,2023,93,ATH,0.9008,328,15,https://247sports.com/player/jamari-johnson-46128471/high-school-273646,4,https://247sports.com/player/jamari-johnson-46128471/college-293017,
46113077,Jaden Platt,TE,Eaton,Haslet,TX,90,2025,169,5,4,Texas A&amp;M,Arkansas,2023,95,TE,0.9125,258,15,https://247sports.com/player/jaden-platt-46113077/high-school-260981,4,https://247sports.com/player/jaden-platt-46113077/college-290664,
46114735,Terrance Carter Jr.,TE,Harker Heights,Harker Heights,TX,90,2025,171,7,4,Louisiana,Texas Tech,2022,84,TE,0.8393,1510,92,https://247sports.com/player/terrance-carter-jr-46114735/high-school-263338,3,https://247sports.com/player/terrance-carter-jr-46114735/college-287238,
46086402,Dominick Giudice,IOL,Mater Dei,Freehold,NJ,90,2025,172,16,4,Michigan,Missouri,2021,83,EDGE,0.8293,1767,95,https://247sports.com/player/dominick-giudice-46086402/high-school-239410,3,https://247sports.com/player/dominick-giudice-46086402/college-270469,
46129007,Jamare Glasker,CB,Potomac,Oxon Hill,MD,90,2025,175,18,4,Wake Forest,Maryland,2022,84,CB,0.8348,1624,143,https://247sports.com/player/jamare-glasker-46129007/high-school-274410,3,https://247sports.com/player/jamare-glasker-46129007/college-282764,
46117707,Walker White,QB,Little Rock Christian Academy,Little Rock,AR,90,2025,173,14,4,Auburn,Baylor,2024,97,QB,0.9497,107,8,https://247sports.com/player/walker-white-46117707/high-school-268046,4,https://247sports.com/player/walker-white-46117707/college-307133,
46099555,Kelby Collins,DL,Gardendale,Gardendale,AL,90,2025,177,24,4,Florida,Alabama,2023,96,DL,0.9764,45,5,https://247sports.com/player/kelby-collins-46099555/high-school-248241,4,https://247sports.com/player/kelby-collins-46099555/college-290474,
46102927,Air Noland,QB,Langston Hughes,Fairburn,GA,90,2025,174,15,4,Ohio State,South Carolina,2024,96,QB,0.9743,56,4,https://247sports.com/player/air-noland-46102927/high-school-253559,4,https://247sports.com/player/air-noland-46102927/college-309281,
46110350,Jaylon Braxton,CB,Frisco Lone Star,Frisco,TX,90,2025,176,19,4,Arkansas,Ole Miss,2023,94,CB,0.9397,140,16,https://247sports.com/player/jaylon-braxton-46110350/high-school-258634,4,https://247sports.com/player/jaylon-braxton-46110350/college-296651,
46078990,Deamontae Diggs,DL,McKeesport,McKeesport,PA,90,2025,178,25,4,Coastal Carolina,Florida State,2020,,WR,,,,https://247sports.com/player/deamontae-diggs-46078990/high-school-228112,,https://247sports.com/player/deamontae-diggs-46078990/college-319798,
46154208,Blake Cotton,CB,Campbell Hall School,Valley Village,CA,90,2025,179,20,4,UC Davis,Utah,2022,,CB,,,,https://247sports.com/player/blake-cotton-46154208/high-school-326227,,https://247sports.com/player/blake-cotton-46154208/college-326228,
46143538,Kyran Duhon,EDGE,Summer Creek,Humble,TX,90,2025,180,22,4,UTEP,Oklahoma State,2024,85,EDGE,0.8306,2194,225,https://247sports.com/player/kyran-duhon-46143538/high-school-300986,3,https://247sports.com/player/kyran-duhon-46143538/college-319319,
46077129,DJ Harvey,CB,Sierra Canyon,Palmdale,CA,90,2025,181,21,4,San Jose State,USC,2021,90,CB,0.8978,334,28,https://247sports.com/player/dj-harvey-46077129/high-school-227774,4,https://247sports.com/player/dj-harvey-46077129/college-325626,
46130477,Brice Pollock,CB,Shiloh,Snellville,GA,90,2025,182,22,4,Mississippi State,Texas Tech,2023,90,CB,0.8886,469,48,https://247sports.com/player/brice-pollock-46130477/high-school-276201,4,https://247sports.com/player/brice-pollock-46130477/college-297568,
46128360,Raion Strader,CB,Penn Hills,Pittsburgh,PA,90,2025,183,23,4,Miami (OH),Auburn,2023,70,CB,0.777,,,https://247sports.com/player/raion-strader-46128360/high-school-273498,2,https://247sports.com/player/raion-strader-46128360/college-320776,
46149118,Jay'viar Suggs,DL,Clarkston,Clarkston,MI,90,2025,184,26,4,LSU,Wisconsin,2019,,DL,,,,https://247sports.com/player/jayviar-suggs-46149118/high-school-313758,,https://247sports.com/player/jayviar-suggs-46149118/college-315452,
46085500,Tyler Onyedim,DL,Foster,Richmond,TX,90,2025,185,27,4,Iowa State,Texas A&amp;M,2021,84,DL,0.8422,1405,166,https://247sports.com/player/tyler-onyedim-46085500/high-school-237236,3,https://247sports.com/player/tyler-onyedim-46085500/college-267576,
46058788,CJ Donaldson,RB,Gulliver Prep,Miami,FL,90,2025,187,10,4,West Virginia,Ohio State,2022,86,TE,0.863,931,52,https://247sports.com/player/cj-donaldson-46058788/high-school-249611,3,https://247sports.com/player/cj-donaldson-46058788/college-282230,
46117058,D'Antre Robinson,DL,Jones,Orlando,FL,90,2025,186,28,4,Florida,North Carolina,2024,88,DL,0.911,262,36,https://247sports.com/player/dantre-robinson-46117058/high-school-267122,3,https://247sports.com/player/dantre-robinson-46117058/college-307900,
46130457,Shaq McRoy,OT,Clay-Chalkville,Pinson,AL,90,2025,188,22,4,Oregon,Arkansas,2024,95,OT,0.9335,156,13,https://247sports.com/player/shaq-mcroy-46130457/high-school-283265,4,https://247sports.com/player/shaq-mcroy-46130457/college-312193,
46056881,Rodney Newsom Jr.,IOL,Briarcrest Christian,Memphis,TN,90,2025,189,17,4,Western Kentucky,South Carolina,2024,,IOL,,,,https://247sports.com/player/rodney-newsom-jr-46056881/junior-college-304026,,https://247sports.com/player/rodney-newsom-jr-46056881/college-312498,
46113149,Sam Pendleton,IOL,Reagan,Pfafftown,NC,90,2025,190,18,4,Notre Dame,Tennessee,2023,89,OT,0.8933,405,27,https://247sports.com/player/sam-pendleton-46113149/high-school-261128,3,https://247sports.com/player/sam-pendleton-46113149/college-291076,
46154230,Dwight Lewis III,CB,Fairborn,Fairborn,OH,90,2025,191,24,4,Marian (NA),Mississippi State,2021,,CB,,,,https://247sports.com/player/dwight-lewis-iii-46154230/high-school-326281,,https://247sports.com/player/dwight-lewis-iii-46154230/college-326918,
46113452,Sincere Edwards,EDGE,Wekiva,Apopka,FL,90,2025,192,23,4,Pittsburgh,UCF,2024,88,DL,0.8842,571,66,https://247sports.com/player/sincere-edwards-46113452/high-school-264546,3,https://247sports.com/player/sincere-edwards-46113452/college-311114,
46085419,Keanu Koht,EDGE,Vero Beach,Vero Beach,FL,90,2025,193,24,4,Alabama,Vanderbilt,2021,96,EDGE,0.9715,59,3,https://247sports.com/player/keanu-koht-46085419/high-school-237107,4,https://247sports.com/player/keanu-koht-46085419/college-260651,
46082821,Mikai Gbayor,LB,Irvington,Irvington,NJ,90,2025,194,7,4,Nebraska,North Carolina,2021,87,LB,0.8737,613,68,https://247sports.com/player/mikai-gbayor-46082821/high-school-233282,3,https://247sports.com/player/mikai-gbayor-46082821/college-332542,
46141328,Noah King,CB,Hamilton,Hamilton,OH,90,2025,195,25,4,Kansas State,Colorado,2025,92,CB,0.8985,364,35,https://247sports.com/player/noah-king-46141328/high-school-295960,4,https://247sports.com/player/noah-king-46141328/college-333141,
46110449,Bradley Weaver,DL,Hilliard Darby,Hilliard,OH,90,2025,196,29,4,Ohio,Rutgers,2021,83,DL,0.8144,2155,250,https://247sports.com/player/bradley-weaver-46110449/high-school-258890,3,https://247sports.com/player/bradley-weaver-46110449/college-271692,
46134564,Bryce Hawthorne,DL,Osseo Senior,Osseo,MN,90,2025,197,30,4,South Dakota State,Iowa,2023,78,DL,,,,https://247sports.com/player/bryce-hawthorne-46134564/high-school-282502,2,https://247sports.com/player/bryce-hawthorne-46134564/college-326989,
46113720,Carter Miller,IOL,Ravenwood,Brentwood,TN,90,2025,198,19,4,Louisiana-Monroe,UCF,2022,,IOL,,,,https://247sports.com/player/carter-miller-46113720/high-school-262064,,https://247sports.com/player/carter-miller-46113720/college-310669,
46111899,Squirrel White,WR,Clay-Chalkville,Pinson,AL,90,2025,199,34,4,Tennessee,Florida State,2022,88,WR,0.8815,545,78,https://247sports.com/player/squirrel-white-46111899/high-school-260044,3,https://247sports.com/player/squirrel-white-46111899/college-275917,
46127954,Nyziah Hunter,WR,Salinas,Salinas,CA,90,2025,200,35,4,California,Nebraska,2023,90,WR,0.8939,401,59,https://247sports.com/player/nyziah-hunter-46127954/high-school-272811,4,https://247sports.com/player/nyziah-hunter-46127954/college-300612,
46103875,Deuce Alexander,WR,Douglas County,Douglasville,GA,90,2025,202,37,4,Wake Forest,Ole Miss,2023,87,WR,0.8653,970,136,https://247sports.com/player/deuce-alexander-46103875/high-school-255358,3,https://247sports.com/player/deuce-alexander-46103875/college-290461,
46100282,Kendrick Law,WR,Captain Shreve,Shreveport,LA,90,2025,201,36,4,Alabama,Kentucky,2022,95,ATH,0.9629,86,3,https://247sports.com/player/kendrick-law-46100282/high-school-249193,4,https://247sports.com/player/kendrick-law-46100282/college-275202,
46055521,Kaidon Salter,QB,Cedar Hill,Cedar Hill,TX,89,2025,203,16,3,Liberty,Colorado,2021,97,QB,0.9375,143,17,https://247sports.com/player/kaidon-salter-46055521/high-school-217527,4,https://247sports.com/player/kaidon-salter-46055521/college-268604,
46055782,Josh McCray,RB,Enterprise,Enterprise,AL,89,2025,204,11,3,Illinois,Georgia,2021,82,RB,0.843,1392,100,https://247sports.com/player/josh-mccray-46055782/high-school-217850,3,https://247sports.com/player/josh-mccray-46055782/college-268030,
92032,Adrian Medley,IOL,Pensacola,Pensacola,FL,89,2025,207,20,3,UCF,Florida State,2019,85,OT,0.8693,770,59,https://247sports.com/player/adrian-medley-92032/high-school-176973,3,https://247sports.com/player/adrian-medley-92032/college-240864,
46129814,Steven Curtis,EDGE,Cardinal Newman,West Palm Beach,FL,89,2025,208,25,3,Illinois State,Minnesota,2023,80,ATH,,,,https://247sports.com/player/steven-curtis-46129814/high-school-275801,3,https://247sports.com/player/steven-curtis-46129814/college-325423,
46127549,Michael Van Buren Jr.,QB,St. Frances Academy,Baltimore,MD,89,2025,205,17,3,Mississippi State,LSU,2024,89,QB,0.9148,239,15,https://247sports.com/player/michael-van-buren-jr-46127549/high-school-272224,3,https://247sports.com/player/michael-van-buren-jr-46127549/college-308342,
83391,Joshua Braun,IOL,Suwannee,Live Oak,FL,89,2025,212,21,3,Arkansas,Kentucky,2020,91,OT,0.9049,280,22,https://247sports.com/player/joshua-braun-83391/high-school-187660,4,https://247sports.com/player/joshua-braun-83391/college-296745,
46084563,Theran Johnson,CB,North Central,Indianapolis,IN,89,2025,211,26,3,Northwestern,Oregon,2021,88,CB,0.8674,732,60,https://247sports.com/player/theran-johnson-46084563/high-school-235714,3,https://247sports.com/player/theran-johnson-46084563/college-269341,
46084737,Markell Samuel,OT,E.E. Smith,Fayetteville,NC,89,2025,213,24,3,Appalachian State,Oklahoma State,2020,82,OLB,0.8333,1735,90,https://247sports.com/player/markell-samuel-46084737/high-school-236037,3,https://247sports.com/player/markell-samuel-46084737/college-254257,
46102909,Skyler Gill-Howard,DL,Greenfield,Milwaukee,WI,89,2025,210,32,3,Upper Iowa (NA),Texas Tech,2021,,LB,,,,https://247sports.com/player/skyler-gill-howard-46102909/high-school-253537,,https://247sports.com/player/skyler-gill-howard-46102909/college-325917,
46093547,Justus Boone,DL,Sumter,Sumter,SC,89,2025,209,31,3,Florida,Arkansas,2021,92,DL,0.8992,325,42,https://247sports.com/player/justus-boone-46093547/high-school-241603,4,https://247sports.com/player/justus-boone-46093547/college-260501,
46085851,Marcellus Marshall,IOL,Morgantown,Morgantown,WV,89,2025,214,22,3,Kent State,Minnesota,2020,81,OT,0.8106,2488,196,https://247sports.com/player/marcellus-marshall-46085851/high-school-237923,3,https://247sports.com/player/marcellus-marshall-46085851/college-295142,
46137090,Andrew Marshall,CB,Eleanor Roosevelt,Corona,CA,89,2025,215,27,3,Idaho,Nebraska,2023,82,ATH,,,,https://247sports.com/player/andrew-marshall-46137090/high-school-287814,3,https://247sports.com/player/andrew-marshall-46137090/college-326135,
46133726,Kahlee Tafai,OT,Leuzinger,Lawndale,CA,89,2025,217,25,3,Washington,Minnesota,2023,85,OT,0.8628,1047,80,https://247sports.com/player/kahlee-tafai-46133726/high-school-281000,3,https://247sports.com/player/kahlee-tafai-46133726/college-300432,
46085708,Jaden Rashada,QB,Pittsburg,Pittsburg,CA,89,2025,216,18,3,Georgia,Sacramento State,2023,97,QB,0.9591,84,7,https://247sports.com/player/jaden-rashada-46085708/high-school-255588,4,https://247sports.com/player/jaden-rashada-46085708/college-318120,
46056698,Kam Dewberry,IOL,Atascocita,Humble,TX,89,2025,218,23,3,Texas A&amp;M,Alabama,2022,95,IOL,0.9723,64,3,https://247sports.com/player/kam-dewberry-46056698/high-school-219314,4,https://247sports.com/player/kam-dewberry-46056698/college-281786,
46114714,Javonnie Gibson,WR,Opelousas,Opelousas,LA,89,2025,220,39,3,Arkansas-Pine Bluff,Oklahoma,2022,,WR,,,,https://247sports.com/player/javonnie-gibson-46114714/high-school-263317,,https://247sports.com/player/javonnie-gibson-46114714/college-324556,
46127632,Tawee Walker,RB,Centennial,San Marcos,CA,89,2025,221,12,3,Oklahoma,Cincinnati,2022,,RB,,,,https://247sports.com/player/tawee-walker-46127632/junior-college-272327,,https://247sports.com/player/tawee-walker-46127632/college-312406,
46084955,Omari Kelly,WR,Hewitt-Trussville,Trussville,AL,89,2025,219,38,3,Auburn,Michigan State,2022,89,ATH,0.8967,356,17,https://247sports.com/player/omari-kelly-46084955/high-school-236323,3,https://247sports.com/player/omari-kelly-46084955/college-312491,
46146009,TreyShun Hurry,WR,Paraclete,Lancaster,CA,89,2025,222,40,3,Weber State,Louisville,2022,,WR,,,,https://247sports.com/player/treyshun-hurry-46146009/high-school-306353,,https://247sports.com/player/treyshun-hurry-46146009/college-312793,
46114765,Hero Kanu,DL,Santa Margarita Catholic,Germany,GERM,89,2025,223,33,3,Ohio State,Texas,2022,94,DL,0.9502,129,19,https://247sports.com/player/hero-kanu-46114765/high-school-263385,4,https://247sports.com/player/hero-kanu-46114765/college-285770,
46113840,Isaiah Johnson,DL,Chandler,Chandler,AZ,89,2025,224,34,3,Arizona,North Carolina,2022,83,DL,0.8381,1527,184,https://247sports.com/player/isaiah-johnson-46113840/high-school-262238,3,https://247sports.com/player/isaiah-johnson-46113840/college-285995,
46113721,Lavon Johnson,DL,Cheshire Academy,Cheshire,CT,89,2025,225,35,3,Maryland,Texas,2023,84,DL,0.8525,1324,142,https://247sports.com/player/lavon-johnson-46113721/high-school-262066,3,https://247sports.com/player/lavon-johnson-46113721/college-298909,
46117173,Mark Hamper,WR,West Linn,West Linn,OR,89,2025,226,41,3,Idaho,California,2023,86,ATH,,,,https://247sports.com/player/mark-hamper-46117173/high-school-267315,3,https://247sports.com/player/mark-hamper-46117173/college-333327,
46111989,Kobe Prentice,WR,Calera,Calera,AL,89,2025,227,42,3,Alabama,Baylor,2022,95,WR,0.9687,78,12,https://247sports.com/player/kobe-prentice-46111989/high-school-260158,4,https://247sports.com/player/kobe-prentice-46111989/college-281915,
46114439,Kam Pringle,IOL,Woodland,Dorchester,SC,89,2025,228,24,3,South Carolina,Syracuse,2024,92,OT,0.9261,180,15,https://247sports.com/player/kam-pringle-46114439/high-school-263004,4,https://247sports.com/player/kam-pringle-46114439/college-307051,
46154059,Zelmar Vedder,CB,East Union,Modesto,CA,89,2025,229,28,3,Sacramento State,Houston,2022,,CB,,,,https://247sports.com/player/zelmar-vedder-46154059/junior-college-325824,,https://247sports.com/player/zelmar-vedder-46154059/college-325826,
46138198,Marcellus Barnes Jr.,CB,McCallie School,Chattanooga,TN,89,2025,230,29,3,Syracuse,SMU,2024,88,CB,0.905,318,27,https://247sports.com/player/marcellus-barnes-jr-46138198/high-school-290271,3,https://247sports.com/player/marcellus-barnes-jr-46138198/college-312036,
46110710,Jaivian Thomas,RB,McClymonds,Oakland,CA,89,2025,231,13,3,California,UCLA,2023,87,RB,0.8678,888,61,https://247sports.com/player/jaivian-thomas-46110710/high-school-259481,3,https://247sports.com/player/jaivian-thomas-46110710/college-300615,
46080702,Eddie Kelly Jr.,DL,West Orange,Winter Garden,FL,89,2025,232,36,3,Missouri,West Virginia,2022,85,DL,0.867,838,115,https://247sports.com/player/eddie-kelly-jr-46080702/high-school-268926,3,https://247sports.com/player/eddie-kelly-jr-46080702/college-318180,
46099767,Holden Staes,TE,Westminster School,Atlanta,GA,89,2025,233,8,3,Tennessee,Indiana,2022,90,TE,0.9026,288,11,https://247sports.com/player/holden-staes-46099767/high-school-248532,4,https://247sports.com/player/holden-staes-46099767/college-308377,
46112989,Riley Williams,TE,IMG Academy,Bradenton,FL,89,2025,234,9,3,Miami,Oregon State,2023,94,TE,0.9481,106,3,https://247sports.com/player/riley-williams-46112989/high-school-283295,4,https://247sports.com/player/riley-williams-46112989/college-291433,
46056974,Roman Hemby,RB,John Carroll School,Bel Air,MD,89,2025,236,15,3,Maryland,Indiana,2021,83,ATH,0.8293,1767,127,https://247sports.com/player/roman-hemby-46056974/high-school-219820,3,https://247sports.com/player/roman-hemby-46056974/college-270493,
46110457,Percy Lewis,OT,McAdams,Sallis,MS,89,2025,237,26,3,Mississippi State,Ole Miss,2022,,OT,,,,https://247sports.com/player/percy-lewis-46110457/junior-college-258898,,https://247sports.com/player/percy-lewis-46110457/college-307690,
46117024,Dante Dowdell,RB,Picayune Memorial,Picayune,MS,89,2025,235,14,3,Oregon,Kentucky,2023,93,RB,0.9442,123,6,https://247sports.com/player/dante-dowdell-46117024/high-school-267043,4,https://247sports.com/player/dante-dowdell-46117024/college-311455,
46095098,Micah Riley,TE,Bellevue West,Bellevue,NE,89,2025,238,10,3,Auburn,Texas A&amp;M,2022,89,TE,0.8922,402,19,https://247sports.com/player/micah-riley-46095098/high-school-244268,3,https://247sports.com/player/micah-riley-46095098/college-281144,
46145641,Bauer Sharp,TE,Dothan,Dothan,AL,89,2025,239,11,3,Oklahoma,LSU,2021,,TE,,,,https://247sports.com/player/bauer-sharp-46145641/high-school-305569,,https://247sports.com/player/bauer-sharp-46145641/college-312143,
46084387,Keyan Burnett,TE,Servite,Anaheim,CA,89,2025,240,12,3,Kansas,Arizona,2022,92,TE,0.9127,236,7,https://247sports.com/player/keyan-burnett-46084387/high-school-247018,4,https://247sports.com/player/keyan-burnett-46084387/college-328446,
46093619,Malick Sylla,EDGE,Katy,Katy,TX,89,2025,241,26,3,Texas A&amp;M,Mississippi State,2022,96,EDGE,0.959,94,10,https://247sports.com/player/malick-sylla-46093619/high-school-241941,4,https://247sports.com/player/malick-sylla-46093619/college-281790,
46133364,DJ Warner,EDGE,Desert Edge,Goodyear,AZ,89,2025,242,27,3,Kansas,SMU,2024,96,EDGE,0.9438,124,10,https://247sports.com/player/dj-warner-46133364/high-school-280290,4,https://247sports.com/player/dj-warner-46133364/college-315913,
46137049,Bishop Fitzgerald,S,Gar-Field,Woodbridge,VA,89,2025,243,7,3,NC State,USC,2023,,S,,,,https://247sports.com/player/bishop-fitzgerald-46137049/junior-college-287757,,https://247sports.com/player/bishop-fitzgerald-46137049/college-300326,
46154038,Tre Bell,CB,Parkway West,Ballwin,MO,89,2025,245,31,3,Lindenwood,Iowa State,2022,,WR,,,,https://247sports.com/player/tre-bell-46154038/high-school-325749,,https://247sports.com/player/tre-bell-46154038/college-325750,
46125729,Malachi Coleman,WR,Lincoln East,Lincoln,NE,89,2025,246,43,3,Nebraska,Minnesota,2023,96,WR,0.9653,67,11,https://247sports.com/player/malachi-coleman-46125729/high-school-271769,4,https://247sports.com/player/malachi-coleman-46125729/college-295474,
46079334,Nyland Green,CB,Newton,Covington,GA,89,2025,244,30,3,Purdue,Arizona State,2021,98,CB,0.9682,72,4,https://247sports.com/player/nyland-green-46079334/high-school-228575,5,https://247sports.com/player/nyland-green-46079334/college-311326,
46113362,Eugene Brooks,IOL,Sierra Canyon,Chatsworth,CA,89,2025,247,25,3,Oklahoma,UCLA,2024,96,IOL,0.9523,97,3,https://247sports.com/player/eugene-brooks-46113362/high-school-278591,4,https://247sports.com/player/eugene-brooks-46113362/college-312103,
46153915,Christo Kelly,IOL,Loyola Academy,Wilmette,IL,89,2025,248,26,3,Holy Cross,North Carolina,2020,,IOL,,,,https://247sports.com/player/christo-kelly-46153915/high-school-325433,,https://247sports.com/player/christo-kelly-46153915/college-325434,
46116081,Cameron Seldon,WR,Northumberland,Heathsville,VA,89,2025,249,44,3,Tennessee,Virginia Tech,2023,96,WR,0.9402,137,5,https://247sports.com/player/cameron-seldon-46116081/high-school-265471,4,https://247sports.com/player/cameron-seldon-46116081/college-291475,
46080187,Miles McVay,OT,East St. Louis,East St. Louis,IL,89,2025,250,27,3,Alabama,North Carolina,2023,92,OT,0.929,180,15,https://247sports.com/player/miles-mcvay-46080187/high-school-229626,4,https://247sports.com/player/miles-mcvay-46080187/college-290615,
46128204,Caleb Odom,WR,Carrollton,Carrollton,GA,89,2025,251,45,3,Alabama,Ole Miss,2024,95,TE,0.9753,53,2,https://247sports.com/player/caleb-odom-46128204/high-school-284828,4,https://247sports.com/player/caleb-odom-46128204/college-307291,
46104115,Emmett Mosley V,WR,Santa Margarita Catholic,Rancho Santa Margarita,CA,89,2025,253,47,3,Stanford,Texas,2024,88,WR,0.8883,500,72,https://247sports.com/player/emmett-mosley-v-46104115/high-school-274867,3,https://247sports.com/player/emmett-mosley-v-46104115/college-309968,
46118250,Jayshawn Ross,EDGE,Liberty North,Kansas City,MO,89,2025,254,28,3,Alabama,Kansas State,2024,93,EDGE,0.9282,174,15,https://247sports.com/player/jayshawn-ross-46118250/high-school-269293,4,https://247sports.com/player/jayshawn-ross-46118250/college-307298,
46094935,Ta'Mere Robinson,LB,Brashear,Pittsburgh,PA,89,2025,255,8,3,Penn State,USC,2023,91,EDGE,0.9087,279,29,https://247sports.com/player/tamere-robinson-46094935/high-school-243817,4,https://247sports.com/player/tamere-robinson-46094935/college-290686,
46132846,Wendell Gregory,EDGE,Walton,Marietta,GA,89,2025,256,29,3,South Carolina,Oklahoma State,2024,92,EDGE,0.9262,179,16,https://247sports.com/player/wendell-gregory-46132846/high-school-279385,4,https://247sports.com/player/wendell-gregory-46132846/college-307050,
46117794,Ayden Knapik,OT,Kennewick,Kennewick,WA,89,2025,258,28,3,Idaho,Illinois,2022,81,OT,,,,https://247sports.com/player/ayden-knapik-46117794/high-school-268200,3,https://247sports.com/player/ayden-knapik-46117794/college-326107,
46133524,Sam Greene,EDGE,St. Frances Academy,Baltimore,MD,89,2025,257,30,3,USC,Kentucky,2023,89,DL,0.8878,483,52,https://247sports.com/player/sam-greene-46133524/high-school-280721,3,https://247sports.com/player/sam-greene-46133524/college-294402,
46133879,Luke McGary,TE,Prestonwood Christian,Plano,TX,89,2025,259,13,3,Tulsa,Houston,2023,,EDGE,,,,https://247sports.com/player/luke-mcgary-46133879/high-school-281318,,https://247sports.com/player/luke-mcgary-46133879/college-292292,
46129183,Zylon Crisler,IOL,Copiah Academy,Perkinston,MS,89,2025,260,27,3,Illinois,Colorado,2022,,IOL,,,,https://247sports.com/player/zylon-crisler-46129183/junior-college-274635,,https://247sports.com/player/zylon-crisler-46129183/college-276285,
46111788,Jakobe Thomas,S,Tullahoma,Tullahoma,TN,89,2025,261,8,3,Tennessee,Miami,2021,81,S,0.8183,2048,174,https://247sports.com/player/jakobe-thomas-46111788/high-school-259915,3,https://247sports.com/player/jakobe-thomas-46111788/college-308379,
46086180,Steve Angeli,QB,Bergen Catholic,Oradell,NJ,88,2025,262,19,3,Notre Dame,Syracuse,2022,87,QB,0.8962,365,21,https://247sports.com/player/steve-angeli-46086180/high-school-238576,3,https://247sports.com/player/steve-angeli-46086180/college-275468,
46135117,Justin Okoronkwo,LB,Germany,Germany,GERM,88,2025,263,9,3,Alabama,South Carolina,2024,89,LB,0.8878,508,47,https://247sports.com/player/justin-okoronkwo-46135117/high-school-283455,3,https://247sports.com/player/justin-okoronkwo-46135117/college-307304,
46110117,Ryan Turner,CB,Chaminade-Madonna,Hollywood,FL,88,2025,264,32,3,Ohio State,Purdue,2022,88,CB,0.8979,341,37,https://247sports.com/player/ryan-turner-46110117/high-school-258264,3,https://247sports.com/player/ryan-turner-46110117/college-309856,
46094236,Andre Roye Jr.,OT,St. Frances Academy,Baltimore,MD,88,2025,265,29,3,Maryland,Colorado,2022,88,OT,0.8763,632,52,https://247sports.com/player/andre-roye-jr-46094236/high-school-242850,3,https://247sports.com/player/andre-roye-jr-46094236/college-281091,
46056903,Kyron Hudson,WR,Mater Dei,Santa Ana,CA,88,2025,266,48,3,USC,Penn State,2021,90,WR,0.9421,126,22,https://247sports.com/player/kyron-hudson-46056903/high-school-219701,4,https://247sports.com/player/kyron-hudson-46056903/college-268974,
46096380,Justyn Martin,QB,Inglewood,Inglewood,CA,88,2025,268,20,3,UCLA,Maryland,2022,90,QB,0.902,295,20,https://247sports.com/player/justyn-martin-46096380/high-school-247835,4,https://247sports.com/player/justyn-martin-46096380/college-284989,
46103876,Jaylon White-McClain,DL,Kempsville,Virginia Beach,VA,88,2025,267,37,3,Old Dominion,Cincinnati,2022,78,EDGE,0.8052,2073,109,https://247sports.com/player/jaylon-white-mcclain-46103876/high-school-255360,2,https://247sports.com/player/jaylon-white-mcclain-46103876/college-325804,
46145313,Matthew Sluka,QB,Kellenberg Memorial,Uniondale,NY,88,2025,269,21,3,Holy Cross,James Madison,2020,,QB,,,,https://247sports.com/player/matthew-sluka-46145313/high-school-304736,,https://247sports.com/player/matthew-sluka-46145313/college-321765,
46130933,Kamal Bonner,LB,Colquitt County,Moultrie,GA,88,2025,270,10,3,NC State,Miami,2023,86,S,0.8636,1021,81,https://247sports.com/player/kamal-bonner-46130933/high-school-276886,3,https://247sports.com/player/kamal-bonner-46130933/college-292240,
46129963,Chris Johnson Jr.,RB,Dillard,Fort Lauderdale,FL,88,2025,272,17,3,Miami,SMU,2023,89,RB,0.9121,261,17,https://247sports.com/player/chris-johnson-jr-46129963/high-school-276045,3,https://247sports.com/player/chris-johnson-jr-46129963/college-298570,
46080082,Addison Nichols,IOL,Greater Atlanta Christian School,Norcross,GA,88,2025,273,28,3,Tennessee,SMU,2022,93,IOL,0.9422,143,6,https://247sports.com/player/addison-nichols-46080082/high-school-229472,4,https://247sports.com/player/addison-nichols-46080082/college-311192,
46115374,Wendell Moe Jr.,IOL,Long Beach Poly,Long Beach,CA,88,2025,274,29,3,Arizona,Tennessee,2022,84,IOL,0.8256,1807,109,https://247sports.com/player/wendell-moe-jr-46115374/high-school-264109,3,https://247sports.com/player/wendell-moe-jr-46115374/college-285998,
46130644,Sterling Porcher,IOL,Sumter,Sumter,SC,88,2025,275,30,3,Texas Tech,Vanderbilt,2022,,IOL,,,,https://247sports.com/player/sterling-porcher-46130644/junior-college-276474,,https://247sports.com/player/sterling-porcher-46130644/college-311152,
46139660,Malachi Hosley,RB,Northside,Columbus,GA,88,2025,278,19,3,Pennsylvania,Georgia Tech,2023,,RB,,,,https://247sports.com/player/malachi-hosley-46139660/high-school-292842,,https://247sports.com/player/malachi-hosley-46139660/college-325006,
46128272,Kewan Lacy,RB,Lancaster,Lancaster,TX,88,2025,277,18,3,Missouri,Ole Miss,2024,89,RB,0.9268,178,15,https://247sports.com/player/kewan-lacy-46128272/high-school-273358,3,https://247sports.com/player/kewan-lacy-46128272/college-318166,
46113155,King Mack,S,St. Thomas Aquinas,Fort Lauderdale,FL,88,2025,276,9,3,Alabama,Penn State,2023,95,S,0.9547,91,7,https://247sports.com/player/king-mack-46113155/high-school-261145,4,https://247sports.com/player/king-mack-46113155/college-315507,
46146043,Justin Bowick,WR,Pace Academy,Atlanta,GA,88,2025,279,49,3,Ball State,Illinois,2022,,WR,,,,https://247sports.com/player/justin-bowick-46146043/high-school-306402,,https://247sports.com/player/justin-bowick-46146043/college-310616,
46137884,David Santiago,EDGE,Millbrook,Raleigh,NC,88,2025,282,31,3,Air Force,Michigan State,2023,,LB,,,,https://247sports.com/player/david-santiago-46137884/high-school-289664,,https://247sports.com/player/david-santiago-46137884/college-326472,
46043168,Jalil Farooq,WR,Dr. Henry Wise,Upper Marlboro,MD,88,2025,280,50,3,Oklahoma,Maryland,2021,92,WR,0.9441,123,21,https://247sports.com/player/jalil-farooq-46043168/high-school-195817,4,https://247sports.com/player/jalil-farooq-46043168/college-269196,
46138335,Courtney Crutchfield,WR,Pine Bluff,Pine Bluff,AR,88,2025,284,52,3,Missouri,Arkansas,2024,97,WR,0.9518,100,18,https://247sports.com/player/courtney-crutchfield-46138335/high-school-290638,4,https://247sports.com/player/courtney-crutchfield-46138335/college-318161,
46086744,Tomiwa Durojaiye,DL,Middletown,Middletown,DE,88,2025,281,38,3,Florida State,Illinois,2022,86,DL,0.8607,984,131,https://247sports.com/player/tomiwa-durojaiye-46086744/high-school-240255,3,https://247sports.com/player/tomiwa-durojaiye-46086744/college-307241,
46083713,Andrel Anthony,WR,East Lansing,East Lansing,MI,88,2025,283,51,3,Oklahoma,Duke,2021,88,WR,0.8793,526,81,https://247sports.com/player/andrel-anthony-46083713/high-school-234350,3,https://247sports.com/player/andrel-anthony-46083713/college-334254,
46059520,James Brockermeyer,IOL,All Saints Episcopal,Fort Worth,TX,88,2025,286,31,3,Alabama,Miami,2021,90,IOL,0.9224,194,13,https://247sports.com/player/james-brockermeyer-46059520/high-school-226728,4,https://247sports.com/player/james-brockermeyer-46059520/college-319620,
46128235,John Nestor,CB,Marist,Chicago,IL,88,2025,289,34,3,Iowa,Minnesota,2023,89,S,0.8708,832,66,https://247sports.com/player/john-nestor-46128235/high-school-273293,3,https://247sports.com/player/john-nestor-46128235/college-298134,
46085415,Kani Walker,CB,Douglas County,Douglasville,GA,88,2025,287,33,3,Louisville,Arkansas,2021,86,CB,0.863,837,68,https://247sports.com/player/kani-walker-46085415/high-school-237090,3,https://247sports.com/player/kani-walker-46085415/college-278251,
46057467,Donaven McCulley,WR,Lawrence North,Indianapolis,IN,88,2025,285,53,3,Indiana,Michigan,2021,91,QB,0.9167,223,24,https://247sports.com/player/donaven-mcculley-46057467/high-school-221003,4,https://247sports.com/player/donaven-mcculley-46057467/college-266660,
46054841,Jeffrey M'ba,DL,St. Thomas More,France,FRAN,88,2025,288,39,3,Purdue,SMU,2022,,DL,,,,https://247sports.com/player/jeffrey-mba-46054841/junior-college-257904,,https://247sports.com/player/jeffrey-mba-46054841/college-300591,
46117182,Michael Dansby,CB,McClymonds,Oakland,CA,88,2025,292,36,3,San Jose State,Arizona,2022,77,ATH,,,,https://247sports.com/player/michael-dansby-46117182/high-school-267326,2,https://247sports.com/player/michael-dansby-46117182/college-283813,
46153539,Bryce Henderson,OT,Aurora Christian Schools,Aurora,IL,88,2025,294,30,3,South Dakota,Vanderbilt,2020,,OT,,,,https://247sports.com/player/bryce-henderson-46153539/high-school-324647,,https://247sports.com/player/bryce-henderson-46153539/college-324648,
46056573,Elijah Jackson,CB,Lawndale,Harbor City,CA,88,2025,293,37,3,Washington,TCU,2020,88,CB,0.8793,533,38,https://247sports.com/player/elijah-jackson-46056573/high-school-223299,3,https://247sports.com/player/elijah-jackson-46056573/college-253417,
46104085,Hunter Osborne,DL,Hewitt-Trussville,Trussville,AL,88,2025,291,40,3,Alabama,Virginia,2023,93,DL,0.9281,183,19,https://247sports.com/player/hunter-osborne-46104085/high-school-255839,4,https://247sports.com/player/hunter-osborne-46104085/college-290617,
46057832,Xavier Hill,IOL,Olive Branch,Olive Branch,MS,88,2025,295,32,3,LSU,Colorado,2020,88,OG,0.8837,471,24,https://247sports.com/player/xavier-hill-46057832/high-school-221630,3,https://247sports.com/player/xavier-hill-46057832/college-299393,
46157557,Jaylon Stone,DL,Clarke Central,Athens,GA,88,2025,297,41,3,Southeast Missouri State,Vanderbilt,2023,,DL,,,,https://247sports.com/player/jaylon-stone-46157557/high-school-335747,,https://247sports.com/player/jaylon-stone-46157557/college-335748,
46082155,Matthew McDoom,CB,West Orange,Winter Garden,FL,88,2025,298,38,3,Coastal Carolina,Cincinnati,2022,86,ATH,0.8748,663,45,https://247sports.com/player/matthew-mcdoom-46082155/high-school-232297,3,https://247sports.com/player/matthew-mcdoom-46082155/college-287102,
46114668,JB Nelson,IOL,Mt. Lebanon,Pittsburgh,PA,88,2025,296,33,3,Penn State,Kansas State,2022,,OT,,,,https://247sports.com/player/jb-nelson-46114668/junior-college-263266,,https://247sports.com/player/jb-nelson-46114668/college-275028,
46153826,Walter Young Bear,IOL,Norman North,Norman,OK,88,2025,300,35,3,Tulsa,West Virginia,2021,,IOL,,,,https://247sports.com/player/walter-young-bear-46153826/high-school-325282,,https://247sports.com/player/walter-young-bear-46153826/college-325283,
46052719,Carson Lee,IOL,Cherry Creek,Englewood,CO,88,2025,299,34,3,Mississippi State,West Virginia,2020,84,OC,0.8593,942,21,https://247sports.com/player/carson-lee-46052719/high-school-213316,3,https://247sports.com/player/carson-lee-46052719/college-332645,
46147690,Eddie Walls III,EDGE,South Fort Myers,Fort Myers,FL,88,2025,303,33,3,Bethune-Cookman,Houston,2021,,EDGE,,,,https://247sports.com/player/eddie-walls-iii-46147690/high-school-309778,,https://247sports.com/player/eddie-walls-iii-46147690/college-311733,
46130666,Hezekiah Masses,CB,Deerfield Beach,Deerfield Beach,FL,88,2025,301,39,3,FIU,California,2022,80,CB,0.7833,2198,183,https://247sports.com/player/hezekiah-masses-46130666/high-school-276508,3,https://247sports.com/player/hezekiah-masses-46130666/college-286543,
46099185,Miles Mitchell,EDGE,Paramus Catholic,Paramus,NJ,88,2025,304,34,3,Monmouth,Purdue,2022,,LB,,,,https://247sports.com/player/miles-mitchell-46099185/junior-college-336930,,https://247sports.com/player/miles-mitchell-46099185/college-336931,
46154415,Arkel Anugwom,OT,Antioch,Antioch,TN,88,2025,305,31,3,Ball State,Alabama,2023,,IOL,,,,https://247sports.com/player/arkel-anugwom-46154415/high-school-326922,,https://247sports.com/player/arkel-anugwom-46154415/college-326923,
46111841,A.J. Hoffler,EDGE,Woodward Academy,Atlanta,GA,88,2025,302,32,3,Clemson,Georgia Tech,2023,92,EDGE,0.9025,312,37,https://247sports.com/player/aj-hoffler-46111841/high-school-259979,4,https://247sports.com/player/aj-hoffler-46111841/college-300353,
46142028,Dylan Ray,IOL,Noblesville,Noblesville,IN,88,2025,306,36,3,West Virginia,Minnesota,2021,,IOL,,,,https://247sports.com/player/dylan-ray-46142028/high-school-297278,,https://247sports.com/player/dylan-ray-46142028/college-300898,
46081485,Elijah Tau-Tolliver,RB,Reed,Sparks,NV,88,2025,309,20,3,Sacramento State,Michigan State,2021,82,ATH,,,,https://247sports.com/player/elijah-tau-tolliver-46081485/high-school-231472,3,https://247sports.com/player/elijah-tau-tolliver-46081485/college-326140,
46102533,Phillip Lee,EDGE,First Coast,Jacksonville,FL,88,2025,307,35,3,Troy,Arkansas,2021,83,EDGE,0.8389,1491,82,https://247sports.com/player/phillip-lee-46102533/high-school-252653,3,https://247sports.com/player/phillip-lee-46102533/college-271988,
46082442,Emar'rion Winston,EDGE,Central Catholic,Portland,OR,88,2025,308,36,3,Oregon,Baylor,2022,90,LB,0.8852,488,40,https://247sports.com/player/emarrion-winston-46082442/high-school-232685,4,https://247sports.com/player/emarrion-winston-46082442/college-284797,
46115937,Scottre Humphrey,RB,Rainier Beach,Seattle,WA,88,2025,310,21,3,Montana State,New Mexico,2023,83,RB,,,,https://247sports.com/player/scottre-humphrey-46115937/high-school-264981,3,https://247sports.com/player/scottre-humphrey-46115937/college-324408,
46115484,Jahron Manning,S,Brother Martin,New Orleans,LA,88,2025,313,12,3,Old Dominion,Mississippi State,2024,,S,,,,https://247sports.com/player/jahron-manning-46115484/junior-college-306386,,https://247sports.com/player/jahron-manning-46115484/college-310724,
46128426,Adrian Wilson,S,Keller Central,Keller,TX,88,2025,311,10,3,Washington State,Arizona State,2023,85,S,0.8611,1092,99,https://247sports.com/player/adrian-wilson-46128426/high-school-273586,3,https://247sports.com/player/adrian-wilson-46128426/college-300264,
46128104,Micheal Caraway Jr.,S,Jefferson Davis County,Bassfield,MS,88,2025,312,11,3,Southern Miss,Florida,2022,,CB,,,,https://247sports.com/player/micheal-caraway-jr-46128104/junior-college-273034,,https://247sports.com/player/micheal-caraway-jr-46128104/college-326774,
46130497,Ka'Morreun Pimpton,TE,North Crowley,Fort Worth,TX,88,2025,315,14,3,LSU,TCU,2023,95,TE,0.9366,150,8,https://247sports.com/player/kamorreun-pimpton-46130497/high-school-276250,4,https://247sports.com/player/kamorreun-pimpton-46130497/college-297380,
46101254,TJ Shanahan Jr.,IOL,Austin Westlake,Austin,TX,88,2025,314,37,3,Texas A&amp;M,Penn State,2023,90,IOL,0.9353,155,8,https://247sports.com/player/tj-shanahan-jr-46101254/high-school-250493,4,https://247sports.com/player/tj-shanahan-jr-46101254/college-290913,
46103084,Dre Washington,RB,Hemphill,Hemphill,TX,88,2025,317,22,3,Louisiana,Alabama,2021,80,RB,0.8281,1798,131,https://247sports.com/player/dre-washington-46103084/high-school-253755,3,https://247sports.com/player/dre-washington-46103084/college-271884,
46094204,Alex Bauman,TE,Red Bank Catholic,Red Bank,NJ,88,2025,316,15,3,Tulane,Miami,2022,82,EDGE,0.8267,1770,98,https://247sports.com/player/alex-bauman-46094204/high-school-242809,3,https://247sports.com/player/alex-bauman-46094204/college-286343,
46125678,Durell Robinson,RB,St. Frances Academy,Baltimore,MD,88,2025,318,23,3,Charlotte,Auburn,2023,86,RB,0.8769,673,48,https://247sports.com/player/durell-robinson-46125678/high-school-271628,3,https://247sports.com/player/durell-robinson-46125678/college-310493,
46095004,Emmanuel Henderson Jr.,WR,Geneva County,Hartford,AL,88,2025,320,54,3,Alabama,Kansas,2022,97,RB,0.9809,41,2,https://247sports.com/player/emmanuel-henderson-jr-46095004/high-school-244062,4,https://247sports.com/player/emmanuel-henderson-jr-46095004/college-281909,
46113616,Caleb Wheatland,LB,Westfield,Chantilly,VA,88,2025,319,11,3,Maryland,Auburn,2022,86,LB,0.86,994,91,https://247sports.com/player/caleb-wheatland-46113616/high-school-261902,3,https://247sports.com/player/caleb-wheatland-46113616/college-281092,
46110627,Creed Whittemore,WR,Buchholz,Gainesville,FL,88,2025,321,55,3,Mississippi State,Utah,2023,94,ATH,0.8994,339,18,https://247sports.com/player/creed-whittemore-46110627/high-school-259299,4,https://247sports.com/player/creed-whittemore-46110627/college-291616,
46145559,Tony Johnson,WR,Vanguard,Ocala,FL,88,2025,324,58,3,Florida Atlantic,Miami,2021,,WR,,,,https://247sports.com/player/tony-johnson-46145559/high-school-305373,,https://247sports.com/player/tony-johnson-46145559/college-310185,
46114844,Hardley Gilmore IV,WR,Pahokee,Pahokee,FL,88,2025,322,56,3,Nebraska,Kentucky,2024,88,WR,0.9052,317,52,https://247sports.com/player/hardley-gilmore-iv-46114844/high-school-285048,3,https://247sports.com/player/hardley-gilmore-iv-46114844/college-333845,
46051150,Keontez Lewis,WR,East St. Louis,East St. Louis,IL,88,2025,323,57,3,Southern Illinois,Oklahoma,2021,89,WR,0.8826,480,72,https://247sports.com/player/keontez-lewis-46051150/high-school-210987,3,https://247sports.com/player/keontez-lewis-46051150/college-311355,
46136819,Aziah Johnson,WR,Thomas Jefferson,Richmond,VA,88,2025,325,59,3,Michigan State,North Carolina,2023,86,ATH,0.8664,927,70,https://247sports.com/player/aziah-johnson-46136819/high-school-287343,3,https://247sports.com/player/aziah-johnson-46136819/college-298765,
46157724,Terrill Davis,WR,Choctaw,Choctaw,OK,88,2025,327,61,3,Central Oklahoma (NA),Oklahoma State,2021,,WR,,,,https://247sports.com/player/terrill-davis-46157724/high-school-336003,,https://247sports.com/player/terrill-davis-46157724/college-336004,
46101006,Larry Simmons,WR,Moss Point,Moss Point,MS,88,2025,326,60,3,Ole Miss,Utah,2022,89,WR,0.8796,573,82,https://247sports.com/player/larry-simmons-46101006/high-school-250161,3,https://247sports.com/player/larry-simmons-46101006/college-312581,
46102554,Nico Davillier,EDGE,Maumelle,Maumelle,AR,88,2025,329,37,3,Arkansas,UCLA,2022,87,DL,0.8878,449,60,https://247sports.com/player/nico-davillier-46102554/high-school-252703,3,https://247sports.com/player/nico-davillier-46102554/college-283282,
46131295,Tre Richardson,WR,Highland Park,Topeka,KS,88,2025,328,62,3,Toledo,Vanderbilt,2024,,WR,,,,https://247sports.com/player/tre-richardson-46131295/junior-college-301888,,https://247sports.com/player/tre-richardson-46131295/college-335553,
46081801,Leon Lowery Jr.,EDGE,North Brunswick Township,North Brunswick,NJ,88,2025,330,38,3,Wisconsin,Illinois,2020,82,WDE,0.8422,1448,72,https://247sports.com/player/leon-lowery-jr-46081801/high-school-231872,3,https://247sports.com/player/leon-lowery-jr-46081801/college-312404,
46138871,Chasen Johnson,CB,Seminole,Sanford,FL,88,2025,333,40,3,UCF,USC,2024,86,CB,0.8622,1158,103,https://247sports.com/player/chasen-johnson-46138871/high-school-291630,3,https://247sports.com/player/chasen-johnson-46138871/college-307245,
46154474,Boaz Stanley,IOL,North Oconee,Bogart,GA,88,2025,332,38,3,Troy,South Carolina,2023,,IOL,,,,https://247sports.com/player/boaz-stanley-46154474/junior-college-327173,,https://247sports.com/player/boaz-stanley-46154474/college-327174,
46157903,Paul Tangelo,EDGE,Mt. Zion Prep,Bethesda,MD,88,2025,331,39,3,Saint Francis (PA),Colorado State,2023,,EDGE,,,,https://247sports.com/player/paul-tangelo-46157903/junior-college-336422,,https://247sports.com/player/paul-tangelo-46157903/college-336423,
46132014,Brian Nelson II,CB,Shadow Creek,Pearland,TX,88,2025,334,41,3,North Texas,NC State,2023,85,CB,0.8417,1638,138,https://247sports.com/player/brian-nelson-ii-46132014/high-school-278257,3,https://247sports.com/player/brian-nelson-ii-46132014/college-318408,
46110091,Andre Jordan Jr.,CB,Federal Way,Federal Way,WA,88,2025,335,42,3,Oregon State,UCLA,2023,88,CB,0.8625,1053,102,https://247sports.com/player/andre-jordan-jr-46110091/high-school-258229,3,https://247sports.com/player/andre-jordan-jr-46110091/college-299103,
46137704,Michael Coats Jr.,CB,Biloxi,Biloxi,MS,88,2025,339,45,3,Nevada,West Virginia,2023,,CB,,,,https://247sports.com/player/michael-coats-jr-46137704/junior-college-289365,,https://247sports.com/player/michael-coats-jr-46137704/college-319653,
46101955,Colin Weber,TE,Hopkins,Hopkins,MI,88,2025,338,16,3,Charlotte,Rutgers,2021,79,TE,0.8093,2267,120,https://247sports.com/player/colin-weber-46101955/high-school-251650,2,https://247sports.com/player/colin-weber-46101955/college-270787,
46131915,Tarrion Grant,CB,Siegel,Murfreesboro,TN,88,2025,337,44,3,Purdue,Texas Tech,2024,93,CB,0.9612,77,10,https://247sports.com/player/tarrion-grant-46131915/high-school-278106,4,https://247sports.com/player/tarrion-grant-46131915/college-318506,
46133351,Anelu Lafaele,EDGE,Farrington,Honolulu,HI,88,2025,341,40,3,Wisconsin,Michigan State,2024,90,EDGE,0.8828,603,41,https://247sports.com/player/anelu-lafaele-46133351/high-school-280223,4,https://247sports.com/player/anelu-lafaele-46133351/college-307569,
46117021,Derion Gullette,LB,Teague,Teague,TX,88,2025,340,12,3,Texas,Mississippi State,2023,90,LB,0.9448,118,18,https://247sports.com/player/derion-gullette-46117021/high-school-267039,4,https://247sports.com/player/derion-gullette-46117021/college-291651,
46138752,Tyrell Green,IOL,Central Catholic,Toledo,OH,88,2025,342,39,3,Eastern Kentucky,Purdue,2024,77,OT,0.77,3253,244,https://247sports.com/player/tyrell-green-46138752/high-school-291392,2,https://247sports.com/player/tyrell-green-46138752/college-336118,
46114947,Kyle Altuner,IOL,Our Lady of Good Counsel,Olney,MD,88,2025,343,40,3,West Virginia,Virginia Tech,2024,91,IOL,0.8857,547,37,https://247sports.com/player/kyle-altuner-46114947/high-school-263593,4,https://247sports.com/player/kyle-altuner-46114947/college-316474,
46082680,Jacoby Mathews,S,Ponchatoula,Ponchatoula,LA,88,2025,345,14,3,Texas A&amp;M,Auburn,2022,96,S,0.9817,39,2,https://247sports.com/player/jacoby-mathews-46082680/high-school-233082,4,https://247sports.com/player/jacoby-mathews-46082680/college-281788,
46142693,Greg Smith,S,Sumner,Riverview,FL,88,2025,344,13,3,Florida,North Carolina,2024,91,WR,0.9049,320,13,https://247sports.com/player/greg-smith-46142693/high-school-298645,4,https://247sports.com/player/greg-smith-46142693/college-307007,
46103009,Nadame Tucker,EDGE,Teaneck,New York,NY,88,2025,347,42,3,Houston,Western Michigan,2022,,EDGE,,,,https://247sports.com/player/nadame-tucker-46103009/junior-college-271630,,https://247sports.com/player/nadame-tucker-46103009/college-282818,
46114103,Corey Gordon Jr.,S,Putnam City West,Oklahoma City,OK,87,2025,348,15,3,Baylor,Louisville,2022,88,S,0.8719,735,61,https://247sports.com/player/corey-gordon-jr-46114103/high-school-262624,3,https://247sports.com/player/corey-gordon-jr-46114103/college-281977,
46080687,Lyrik Rawls,S,Marshall,Marshall,TX,87,2025,349,16,3,Oklahoma State,Kansas,2021,89,S,0.8826,480,37,https://247sports.com/player/lyrik-rawls-46080687/high-school-230417,3,https://247sports.com/player/lyrik-rawls-46080687/college-262959,
46058533,Zion Branch,S,Bishop Gorman,Las Vegas,NV,87,2025,350,17,3,USC,Georgia,2022,97,S,0.9758,58,6,https://247sports.com/player/zion-branch-46058533/high-school-224946,4,https://247sports.com/player/zion-branch-46058533/college-285267,
46103695,Tyson Flowers,S,Southwest Christian,Fort Worth,TX,87,2025,351,18,3,Rice,Virginia Tech,2022,83,S,0.845,1404,110,https://247sports.com/player/tyson-flowers-46103695/high-school-254870,3,https://247sports.com/player/tyson-flowers-46103695/college-286840,
46111853,Zaquan Patterson,S,Chaminade-Madonna,Hollywood,FL,87,2025,352,19,3,Miami,Oklahoma State,2024,96,S,0.954,93,6,https://247sports.com/player/zaquan-patterson-46111853/high-school-259996,4,https://247sports.com/player/zaquan-patterson-46111853/college-308653,
46104068,Kennedy Urlacher,S,Chandler,Chandler,AZ,87,2025,354,21,3,Notre Dame,USC,2024,87,S,0.8808,643,61,https://247sports.com/player/kennedy-urlacher-46104068/high-school-255783,3,https://247sports.com/player/kennedy-urlacher-46104068/college-307483,
46086509,Jalen Stroman,S,Patriot,Nokesville,VA,87,2025,353,20,3,Virginia Tech,Notre Dame,2021,88,S,0.8674,732,58,https://247sports.com/player/jalen-stroman-46086509/high-school-239611,3,https://247sports.com/player/jalen-stroman-46086509/college-260871,
46096591,Ben Perry,S,Mount Carmel,Chicago,IL,87,2025,356,23,3,Louisville,UCLA,2021,93,S,0.8945,361,27,https://247sports.com/player/ben-perry-46096591/high-school-244692,4,https://247sports.com/player/ben-perry-46096591/college-260828,
46113823,Joshua Bates,IOL,Durango,Durango,CO,87,2025,357,41,3,Oklahoma,SMU,2023,90,IOL,0.8958,381,22,https://247sports.com/player/joshua-bates-46113823/high-school-262217,4,https://247sports.com/player/joshua-bates-46113823/college-290954,
46113383,De'Marion Thomas,DL,Union,Tulsa,OK,87,2025,358,42,3,Vanderbilt,Oklahoma State,2023,87,DL,0.8728,776,86,https://247sports.com/player/demarion-thomas-46113383/high-school-261567,3,https://247sports.com/player/demarion-thomas-46113383/college-297701,
46094693,Jonah Pace,DL,Marengo,Marengo,IL,87,2025,361,45,3,Central Michigan,Iowa,2021,78,DL,0.7985,2467,288,https://247sports.com/player/jonah-pace-46094693/high-school-243284,2,https://247sports.com/player/jonah-pace-46094693/college-271448,
46118394,Deante McCray,DL,Sandalwood,Jacksonville,FL,87,2025,359,43,3,Western Kentucky,Florida State,2022,81,EDGE,,,,https://247sports.com/player/deante-mccray-46118394/high-school-269638,3,https://247sports.com/player/deante-mccray-46118394/college-321078,
46128188,Will Whitson,DL,Winton Woods,Cincinnati,OH,87,2025,360,44,3,Coastal Carolina,Mississippi State,2023,,DL,,,,https://247sports.com/player/will-whitson-46128188/junior-college-273196,,https://247sports.com/player/will-whitson-46128188/college-319843,
46154142,Charles Perkins,DL,Memphis Academy of Health Sciences,Memphis,TN,87,2025,362,46,3,UT Martin,Wisconsin,2022,,DL,,,,https://247sports.com/player/charles-perkins-46154142/high-school-326086,,https://247sports.com/player/charles-perkins-46154142/college-326087,
46154103,Jerry Lawson,DL,Breckenridge,Breckenridge,TX,87,2025,363,47,3,Abilene Christian,Louisville,2023,,DL,,,,https://247sports.com/player/jerry-lawson-46154103/high-school-325953,,https://247sports.com/player/jerry-lawson-46154103/college-325954,
46102957,Kalib Perry,LB,Great Crossing,Georgetown,KY,87,2025,364,13,3,Tennessee,Louisville,2022,86,LB,0.8674,826,77,https://247sports.com/player/kalib-perry-46102957/high-school-253593,3,https://247sports.com/player/kalib-perry-46102957/college-282844,
46100767,Josiah Trotter,LB,St. Joseph's Prep,Philadelphia,PA,87,2025,365,14,3,West Virginia,Missouri,2023,88,LB,0.885,521,44,https://247sports.com/player/josiah-trotter-46100767/high-school-249845,3,https://247sports.com/player/josiah-trotter-46100767/college-290506,
46086645,Lewis Carter,LB,Tampa Catholic,Tampa,FL,87,2025,366,15,3,Oklahoma,UCF,2023,94,LB,0.9336,164,15,https://247sports.com/player/lewis-carter-46086645/high-school-239935,4,https://247sports.com/player/lewis-carter-46086645/college-300808,
46128318,Jalen Smith,LB,Grayson,Loganville,GA,87,2025,367,16,3,Tennessee,Mississippi State,2023,89,LB,0.8921,428,36,https://247sports.com/player/jalen-smith-46128318/high-school-273419,3,https://247sports.com/player/jalen-smith-46128318/college-289786,
46114181,David Oke,DL,Alief Hastings,Houston,TX,87,2025,368,48,3,Abilene Christian,Arkansas,2022,83,EDGE,0.8317,1670,93,https://247sports.com/player/david-oke-46114181/high-school-262732,3,https://247sports.com/player/david-oke-46114181/college-325919,
46101499,Santana Hopper,DL,Shelby,Shelby,NC,87,2025,371,51,3,Appalachian State,Tulane,2022,87,DL,0.8826,522,73,https://247sports.com/player/santana-hopper-46101499/high-school-251095,3,https://247sports.com/player/santana-hopper-46101499/college-283666,
46131497,DD Holmes,DL,Gonzaga,Washington,DC,87,2025,370,50,3,Florida State,Maryland,2024,88,DL,0.9036,329,42,https://247sports.com/player/dd-holmes-46131497/high-school-277590,3,https://247sports.com/player/dd-holmes-46131497/college-316276,
46085523,Deshawn McKnight,DL,Sumter,Sumter,SC,87,2025,369,49,3,Appalachian State,Arizona,2021,83,LB,0.845,1338,149,https://247sports.com/player/deshawn-mcknight-46085523/high-school-237293,3,https://247sports.com/player/deshawn-mcknight-46085523/college-326327,
46158015,Roy Alexander,WR,Bridgton Academy,Fort Myers,FL,87,2025,374,65,3,Albany,Texas Tech,2020,,WR,,,,https://247sports.com/player/roy-alexander-46158015/high-school-336702,,https://247sports.com/player/roy-alexander-46158015/college-336705,
46117762,Tre Spivey III,WR,Hamilton,Chandler,AZ,87,2025,372,63,3,Kansas State,Arizona,2023,89,WR,0.8836,545,78,https://247sports.com/player/tre-spivey-iii-46117762/high-school-268141,3,https://247sports.com/player/tre-spivey-iii-46117762/college-301143,
46059211,Cam Ross,WR,St. John's College,Washington,DC,87,2025,375,66,3,James Madison,Virginia,2019,82,WR,0.8259,1854,217,https://247sports.com/player/cam-ross-46059211/high-school-226172,3,https://247sports.com/player/cam-ross-46059211/college-310643,
46100208,Brenen Thompson,WR,Spearman,Spearman,TX,87,2025,377,68,3,Texas,Mississippi State,2022,94,WR,0.9476,131,20,https://247sports.com/player/brenen-thompson-46100208/high-school-249087,4,https://247sports.com/player/brenen-thompson-46100208/college-296635,
46100431,Isaiah Sategna,WR,Fayetteville,Fayetteville,AR,87,2025,376,67,3,Arkansas,Oklahoma,2022,94,WR,0.9432,137,23,https://247sports.com/player/isaiah-sategna-46100431/high-school-249424,4,https://247sports.com/player/isaiah-sategna-46100431/college-283271,
45572864,Christian Fitzpatrick,WR,Southfield,Southfield,MI,87,2025,379,70,3,Michigan State,Oklahoma State,2020,86,WR,0.8681,745,119,https://247sports.com/player/christian-fitzpatrick-45572864/high-school-181731,3,https://247sports.com/player/christian-fitzpatrick-45572864/college-319366,
46059232,Tobias Merriweather,WR,Union,Camas,WA,87,2025,380,71,3,California,Utah,2022,95,WR,0.9512,121,18,https://247sports.com/player/tobias-merriweather-46059232/high-school-226193,4,https://247sports.com/player/tobias-merriweather-46059232/college-309873,
46047339,Logan Loya,WR,St. John Bosco,Bellflower,CA,87,2025,382,73,3,UCLA,Minnesota,2020,92,WR,0.8993,323,54,https://247sports.com/player/logan-loya-46047339/high-school-228798,4,https://247sports.com/player/logan-loya-46047339/college-247281,
46102699,Javon Tracy,WR,Decatur Central,Indianapolis,IN,87,2025,381,72,3,Miami (OH),Minnesota,2022,85,WR,0.8456,1385,103,https://247sports.com/player/javon-tracy-46102699/high-school-253037,3,https://247sports.com/player/javon-tracy-46102699/college-325732,
46154066,VJ Wilkins,WR,Reagan,Pfafftown,NC,87,2025,383,74,3,Campbell,Boston College,2022,,WR,,,,https://247sports.com/player/vj-wilkins-46154066/high-school-325852,,https://247sports.com/player/vj-wilkins-46154066/college-325853,
46097411,Ayden Williams,WR,Ridgeland,Ridgeland,MS,87,2025,385,76,3,Ole Miss,Mississippi State,2023,94,WR,0.9593,82,16,https://247sports.com/player/ayden-williams-46097411/high-school-245298,4,https://247sports.com/player/ayden-williams-46097411/college-300975,
46117866,Jaren Hamilton,WR,Buchholz,Gainesville,FL,87,2025,386,77,3,Alabama,Arizona State,2023,91,WR,0.9159,238,35,https://247sports.com/player/jaren-hamilton-46117866/high-school-282938,4,https://247sports.com/player/jaren-hamilton-46117866/college-290605,
46093917,Marcus Burke,WR,Trinity Christian Academy,Jacksonville,FL,87,2025,387,78,3,Florida,UCF,2021,92,WR,0.9245,185,33,https://247sports.com/player/marcus-burke-46093917/high-school-242271,4,https://247sports.com/player/marcus-burke-46093917/college-265666,
46043074,Dacari Collins,WR,Westlake,Atlanta,GA,87,2025,388,79,3,Clemson,Louisville,2021,90,WR,0.9248,182,32,https://247sports.com/player/dacari-collins-46043074/high-school-246213,4,https://247sports.com/player/dacari-collins-46043074/college-293894,
46157295,Cam Abshire,WR,Northside,Roanoke,VA,87,2025,389,80,3,Emory &amp; Henry (NA),Oklahoma State,2022,,WR,,,,https://247sports.com/player/cam-abshire-46157295/high-school-335042,,https://247sports.com/player/cam-abshire-46157295/college-335043,
46134252,Nitro Tuggle,WR,Northwood,Nappanee,IN,87,2025,390,81,3,Georgia,Purdue,2024,94,WR,0.951,102,20,https://247sports.com/player/nitro-tuggle-46134252/high-school-294975,4,https://247sports.com/player/nitro-tuggle-46134252/college-308318,
46136138,Cataurus Hicks,WR,Miami Central,Miami,FL,87,2025,391,82,3,Louisville,Pittsburgh,2023,86,WR,0.8478,1475,218,https://247sports.com/player/cataurus-hicks-46136138/high-school-285757,3,https://247sports.com/player/cataurus-hicks-46136138/college-290650,
46056940,Bobby Golden,WR,Miami Palmetto,Miami,FL,87,2025,392,83,3,Akron,Louisville,2022,82,WR,0.84,1506,196,https://247sports.com/player/bobby-golden-46056940/high-school-219781,3,https://247sports.com/player/bobby-golden-46056940/college-287621,
46100443,Luke Wysong,WR,Cleveland,Rio Rancho,NM,87,2025,393,84,3,New Mexico,Arizona,2021,78,WR,0.8081,2280,289,https://247sports.com/player/luke-wysong-46100443/high-school-249443,2,https://247sports.com/player/luke-wysong-46100443/college-272131,
46112767,Devon Dampier,QB,Saguaro,Scottsdale,AZ,87,2025,394,22,3,New Mexico,Utah,2023,84,QB,0.8392,1693,88,https://247sports.com/player/devon-dampier-46112767/high-school-260426,3,https://247sports.com/player/devon-dampier-46112767/college-319678,
46101870,Tommy Castellanos,QB,Ware County,Waycross,GA,87,2025,395,23,3,UCF,Florida State,2022,88,ATH,0.8815,545,33,https://247sports.com/player/tommy-castellanos-46101870/high-school-251543,3,https://247sports.com/player/tommy-castellanos-46101870/college-297863,
46140687,Gavin Hoffman,TE,Blue Valley Northwest,Overland Park,KS,87,2025,396,17,3,Iowa,Missouri,2024,92,TE,0.9093,277,17,https://247sports.com/player/gavin-hoffman-46140687/high-school-294542,4,https://247sports.com/player/gavin-hoffman-46140687/college-311210,
46102579,Brody Dalton,TE,Fyffe,Fyffe,AL,87,2025,398,19,3,Troy,Alabama,2021,79,TE,0.8083,2275,121,https://247sports.com/player/brody-dalton-46102579/high-school-252758,2,https://247sports.com/player/brody-dalton-46102579/college-336424,
46080272,Amari Niblack,TE,Lakewood,Clearwater,FL,87,2025,399,20,3,Alabama,Texas,2022,95,ATH,0.9416,146,5,https://247sports.com/player/amari-niblack-46080272/high-school-229789,4,https://247sports.com/player/amari-niblack-46080272/college-310984,
46131020,Davon Mitchell,TE,Los Alamitos,Los Alamitos,CA,87,2025,400,21,3,Oklahoma,Louisville,2024,92,TE,0.9341,154,11,https://247sports.com/player/davon-mitchell-46131020/high-school-292447,4,https://247sports.com/player/davon-mitchell-46131020/college-312110,
46117080,Perry Fisher,CB,Lincoln,Tallahassee,FL,87,2025,403,46,3,Maryland,UAB,2022,86,ATH,0.8622,948,68,https://247sports.com/player/perry-fisher-46117080/high-school-267163,3,https://247sports.com/player/perry-fisher-46117080/college-285807,
46130705,Dylan Wade,TE,Jones,Orlando,FL,87,2025,402,23,3,Maryland,UCF,2023,89,EDGE,0.865,980,81,https://247sports.com/player/dylan-wade-46130705/high-school-276577,3,https://247sports.com/player/dylan-wade-46130705/college-298903,
46109419,Jahlil Hurley,CB,Florence,Florence,AL,87,2025,404,47,3,Alabama,Kansas,2023,96,CB,0.974,49,6,https://247sports.com/player/jahlil-hurley-46109419/high-school-257493,4,https://247sports.com/player/jahlil-hurley-46109419/college-290610,
46113104,Rickie Collins,QB,Woodlawn,Baton Rouge,LA,87,2025,406,24,3,LSU,Syracuse,2023,92,QB,0.9167,231,17,https://247sports.com/player/rickie-collins-46113104/high-school-261030,4,https://247sports.com/player/rickie-collins-46113104/college-292073,
46093959,Dylan Lonergan,QB,Brookwood,Snellville,GA,87,2025,407,25,3,Alabama,Boston College,2023,91,QB,0.9359,154,12,https://247sports.com/player/dylan-lonergan-46093959/high-school-242341,4,https://247sports.com/player/dylan-lonergan-46093959/college-290613,
46051591,Zach Calzada,QB,Lanier,Buford,GA,87,2025,408,26,3,Incarnate Word,Kentucky,2019,88,PRO,0.8859,476,19,https://247sports.com/player/zach-calzada-46051591/high-school-211609,3,https://247sports.com/player/zach-calzada-46051591/college-326071,
46102317,Marcos Davila,QB,Midland Legacy,Midland,TX,87,2025,411,29,3,Purdue,Nebraska,2024,90,QB,0.8958,402,27,https://247sports.com/player/marcos-davila-46102317/high-school-252228,4,https://247sports.com/player/marcos-davila-46102317/college-311308,
46040236,Chandler Morris,QB,Highland Park,Dallas,TX,87,2025,409,27,3,North Texas,Virginia,2020,88,DUAL,0.8827,485,18,https://247sports.com/player/chandler-morris-46040236/high-school-191713,3,https://247sports.com/player/chandler-morris-46040236/college-318236,
46084485,Billy Edwards Jr.,QB,Lake Braddock,Burke,VA,87,2025,410,28,3,Wake Forest,Wisconsin,2021,82,QB,0.8356,1589,103,https://247sports.com/player/billy-edwards-jr-46084485/high-school-235526,3,https://247sports.com/player/billy-edwards-jr-46084485/college-281802,
46116608,Rodrick Pleasant,CB,Junipero Serra,Gardena,CA,87,2025,413,49,3,Oregon,UCLA,2023,95,CB,0.9553,90,9,https://247sports.com/player/rodrick-pleasant-46116608/high-school-266255,4,https://247sports.com/player/rodrick-pleasant-46116608/college-300640,
46134895,Dorian Fleming,TE,Life Christian Academy,Colonial Heights,VA,87,2025,412,24,3,Georgia State,Maryland,2023,83,TE,0.8304,1866,161,https://247sports.com/player/dorian-fleming-46134895/high-school-283059,3,https://247sports.com/player/dorian-fleming-46134895/college-290512,
46104034,Makari Vickers,CB,Robert F. Munroe Day School,Tallahassee,FL,87,2025,414,50,3,Oklahoma,Colorado,2023,95,S,0.9629,73,6,https://247sports.com/player/makari-vickers-46104034/high-school-255749,4,https://247sports.com/player/makari-vickers-46104034/college-290949,
46142303,Jaren Sensabaugh,CB,Ensworth,Nashville,TN,87,2025,415,51,3,Missouri,NC State,2024,91,CB,0.8819,625,57,https://247sports.com/player/jaren-sensabaugh-46142303/high-school-297976,4,https://247sports.com/player/jaren-sensabaugh-46142303/college-318163,
46127956,Colton Hood,CB,Eagle's Landing Christian Academy,McDonough,GA,87,2025,416,52,3,Auburn,Tennessee,2023,89,CB,0.8963,375,38,https://247sports.com/player/colton-hood-46127956/high-school-272827,3,https://247sports.com/player/colton-hood-46127956/college-319501,
46086351,Jayden Bellamy,CB,Bergen Catholic,Oradell,NJ,87,2025,419,55,3,Notre Dame,UCF,2022,89,CB,0.887,452,43,https://247sports.com/player/jayden-bellamy-46086351/high-school-239303,3,https://247sports.com/player/jayden-bellamy-46086351/college-293811,
46056063,Jaylin Davies,CB,Mater Dei,Santa Ana,CA,87,2025,418,54,3,UCLA,Oklahoma State,2021,90,CB,0.935,152,10,https://247sports.com/player/jaylin-davies-46056063/high-school-218180,4,https://247sports.com/player/jaylin-davies-46056063/college-277807,
46113814,Hauss Hejny,QB,Aledo,Aledo,TX,87,2025,420,30,3,TCU,Oklahoma State,2024,92,QB,0.9075,295,19,https://247sports.com/player/hauss-hejny-46113814/high-school-262197,4,https://247sports.com/player/hauss-hejny-46113814/college-307598,
46102804,Xavier Loyd,WR,Blue Springs,Blue Springs,MO,87,2025,423,85,3,Kansas State,Missouri,2021,,WR,,,,https://247sports.com/player/xavier-loyd-46102804/high-school-253297,,https://247sports.com/player/xavier-loyd-46102804/college-336278,
46131417,Gio Lopez,QB,James Clemens,Madison,AL,87,2025,421,31,3,South Alabama,North Carolina,2023,85,QB,0.8525,1324,63,https://247sports.com/player/gio-lopez-46131417/high-school-277459,3,https://247sports.com/player/gio-lopez-46131417/college-292099,
46081356,Malachi Singleton,QB,North Cobb,Kennesaw,GA,87,2025,422,32,3,Arkansas,Purdue,2023,91,QB,0.895,389,26,https://247sports.com/player/malachi-singleton-46081356/high-school-231303,4,https://247sports.com/player/malachi-singleton-46081356/college-296653,
46154439,Griffin Wilde,WR,Jefferson,Sioux Falls,SD,87,2025,424,86,3,South Dakota State,Northwestern,2023,,WR,,,,https://247sports.com/player/griffin-wilde-46154439/high-school-326985,,https://247sports.com/player/griffin-wilde-46154439/college-326986,
46100577,Mikey Matthews,WR,Mission Viejo,Mission Viejo,CA,87,2025,426,88,3,Utah,UCLA,2023,89,WR,0.9095,275,39,https://247sports.com/player/mikey-matthews-46100577/high-school-249616,3,https://247sports.com/player/mikey-matthews-46100577/college-309872,
46080144,Tyler Morris,WR,Nazareth Academy,Bolingbrook,IL,87,2025,425,87,3,Michigan,Indiana,2022,94,WR,0.9462,133,22,https://247sports.com/player/tyler-morris-46080144/high-school-229571,4,https://247sports.com/player/tyler-morris-46080144/college-281098,
46059004,Troy Stellato,WR,Cardinal Gibbons,Fort Lauderdale,FL,87,2025,428,90,3,Clemson,Kentucky,2021,91,WR,0.9253,178,30,https://247sports.com/player/troy-stellato-46059004/high-school-225659,4,https://247sports.com/player/troy-stellato-46059004/college-268954,
46133769,Jayvin James,OT,Blanche Ely,Pompano Beach,FL,87,2025,429,32,3,Akron,Mississippi State,2023,82,OT,0.8163,2120,164,https://247sports.com/player/jayvin-james-46133769/high-school-281056,3,https://247sports.com/player/jayvin-james-46133769/college-333193,
46051490,Aki Ogunbiyi,OT,Kempner,Sugar Land,TX,87,2025,430,33,3,Texas A&amp;M,Colorado,2020,90,OG,0.9183,218,9,https://247sports.com/player/aki-ogunbiyi-46051490/high-school-211488,4,https://247sports.com/player/aki-ogunbiyi-46051490/college-251877,
46110141,Jordan Shaw,CB,St. Pius X-St. Matthias Academy,Downey,CA,87,2025,432,57,3,Washington,Texas A&amp;M,2023,88,CB,0.8794,613,61,https://247sports.com/player/jordan-shaw-46110141/high-school-258289,3,https://247sports.com/player/jordan-shaw-46110141/college-311484,
46108989,Jordan Robinson,CB,Westwood,Blythewood,SC,87,2025,433,58,3,Cincinnati,Virginia,2021,,WR,,,,https://247sports.com/player/jordan-robinson-46108989/high-school-256964,,https://247sports.com/player/jordan-robinson-46108989/college-317731,
46117569,Ricky Fletcher,CB,Holmes County,Lexington,MS,87,2025,434,59,3,South Alabama,Ole Miss,2022,84,CB,0.8144,1962,147,https://247sports.com/player/ricky-fletcher-46117569/high-school-267855,3,https://247sports.com/player/ricky-fletcher-46117569/college-287405,
46100556,Jadon Canady,CB,Sandalwood,Jacksonville,FL,87,2025,436,61,3,Ole Miss,Oregon,2021,85,CB,0.8456,1325,111,https://247sports.com/player/jadon-canady-46100556/high-school-249587,3,https://247sports.com/player/jadon-canady-46100556/college-301016,
46156539,Dontae Pollard,CB,Penn Hills,Pittsburgh,PA,87,2025,437,62,3,Akron,Temple,2021,,CB,,,,https://247sports.com/player/dontae-pollard-46156539/high-school-331581,,https://247sports.com/player/dontae-pollard-46156539/college-331584,
46127862,Jon Mitchell,CB,Mandarin,Jacksonville,FL,87,2025,438,63,3,Penn State,Georgia Tech,2024,94,CB,0.9419,128,16,https://247sports.com/player/jon-mitchell-46127862/high-school-272697,4,https://247sports.com/player/jon-mitchell-46127862/college-307261,
46117495,JC Hart,CB,Loachapoka,Auburn,AL,87,2025,439,64,3,Auburn,Utah,2023,88,CB,0.8761,701,71,https://247sports.com/player/jc-hart-46117495/high-school-267775,3,https://247sports.com/player/jc-hart-46117495/college-298252,
46142132,Amarion Fortenberry,CB,Columbia,Columbia,MS,87,2025,441,66,3,South Alabama,Kansas State,2024,85,S,0.8403,1912,183,https://247sports.com/player/amarion-fortenberry-46142132/high-school-297609,3,https://247sports.com/player/amarion-fortenberry-46142132/college-319979,
46102671,Cam Miller,CB,Trinity Christian Academy,Jacksonville,FL,87,2025,440,65,3,Penn State,Rutgers,2022,93,CB,0.9046,278,33,https://247sports.com/player/cam-miller-46102671/high-school-268924,4,https://247sports.com/player/cam-miller-46102671/college-281826,
45572748,Marcus Dumervil,OT,St. Thomas Aquinas,Fort Lauderdale,FL,87,2025,444,36,3,LSU,Arkansas,2020,92,OT,0.9515,110,11,https://247sports.com/player/marcus-dumervil-45572748/high-school-181606,4,https://247sports.com/player/marcus-dumervil-45572748/college-294723,
46110313,Dalton Merryman,OT,Montgomery,Montgomery,TX,87,2025,443,35,3,Texas Tech,Houston,2023,,OT,,,,https://247sports.com/player/dalton-merryman-46110313/junior-college-287671,,https://247sports.com/player/dalton-merryman-46110313/college-326072,
46100516,Ty Buchanan,OT,Calallen,Corpus Christi,TX,87,2025,442,34,3,USC,Arizona,2021,83,OT,0.8648,805,52,https://247sports.com/player/ty-buchanan-46100516/high-school-249525,3,https://247sports.com/player/ty-buchanan-46100516/college-285656,
46128773,Blake Steen,IOL,St. Thomas Aquinas,Fort Lauderdale,FL,87,2025,446,43,3,Virginia,Mississippi State,2022,81,OT,0.8217,1854,184,https://247sports.com/player/blake-steen-46128773/high-school-274049,3,https://247sports.com/player/blake-steen-46128773/college-283617,
46101197,Makilan Thomas,IOL,Little Rock Central,Little Rock,AR,87,2025,447,44,3,Arkansas State,Virginia,2021,83,IOL,0.8337,1628,101,https://247sports.com/player/makilan-thomas-46101197/high-school-250428,3,https://247sports.com/player/makilan-thomas-46101197/college-271821,
46136921,Marques Easley,IOL,Kankakee,Kankakee,IL,87,2025,448,45,3,Georgia,Purdue,2024,93,OT,0.9119,254,21,https://247sports.com/player/marques-easley-46136921/high-school-287496,4,https://247sports.com/player/marques-easley-46136921/college-308327,
46157939,Jer'Michael Carter,WR,Kentwood,Kentwood,LA,87,2025,450,91,3,McNeese,Oklahoma,2023,,WR,,,,https://247sports.com/player/jermichael-carter-46157939/high-school-336508,,https://247sports.com/player/jermichael-carter-46157939/college-336509,
46101116,Bradyn Joiner,IOL,Auburn,Auburn,AL,87,2025,449,46,3,Auburn,Purdue,2023,86,IOL,0.8854,514,42,https://247sports.com/player/bradyn-joiner-46101116/high-school-269486,3,https://247sports.com/player/bradyn-joiner-46101116/college-292888,
46134278,Cyrus Traugh,WR,Parkersburg South,Parkersburg,WV,87,2025,451,92,3,Youngstown State,West Virginia,2023,,WR,,,,https://247sports.com/player/cyrus-traugh-46134278/high-school-281991,,https://247sports.com/player/cyrus-traugh-46134278/college-327051,
46116444,Darius Thomas,LB,Miramar,Hollywood,FL,87,2025,452,17,3,Louisville,Oklahoma State,2022,85,S,0.8648,888,75,https://247sports.com/player/darius-thomas-46116444/high-school-266039,3,https://247sports.com/player/darius-thomas-46116444/college-332620,
46158075,E'Lla Boykin,LB,Southern Wayne,Dudley,NC,87,2025,453,18,3,Barton,Boston College,2024,,EDGE,,,,https://247sports.com/player/ella-boykin-46158075/high-school-336877,,https://247sports.com/player/ella-boykin-46158075/college-336878,
46112891,Sterling Dixon,LB,Spanish Fort,Spanish Fort,AL,87,2025,454,19,3,Alabama,NC State,2024,90,EDGE,0.9213,202,18,https://247sports.com/player/sterling-dixon-46112891/high-school-260630,4,https://247sports.com/player/sterling-dixon-46112891/college-307301,
46055320,James Ash,DL,Chamberlain,Tampa,FL,87,2025,456,53,3,Florida A&amp;M,Auburn,2020,86,DT,0.8415,1483,111,https://247sports.com/player/james-ash-46055320/high-school-217268,3,https://247sports.com/player/james-ash-46055320/college-336434,
46114762,Woo Spencer,DL,New Albany,New Albany,IN,87,2025,457,54,3,Louisville,SMU,2023,90,DL,0.8861,507,54,https://247sports.com/player/woo-spencer-46114762/high-school-263381,4,https://247sports.com/player/woo-spencer-46114762/college-297408,
46102536,Breylon Charles,DL,Sophie B. Wright,New Orleans,LA,87,2025,458,55,3,North Texas,Purdue,2024,,EDGE,,,,https://247sports.com/player/breylon-charles-46102536/junior-college-318398,,https://247sports.com/player/breylon-charles-46102536/college-318399,
46129675,Siolaa Lolohea,DL,Trinity,Euless,TX,87,2025,460,57,3,Utah State,Oklahoma,2023,86,DL,0.8522,1332,143,https://247sports.com/player/siolaa-lolohea-46129675/high-school-275562,3,https://247sports.com/player/siolaa-lolohea-46129675/college-309325,
46117165,Josh Horton,DL,Langston Hughes,Fairburn,GA,87,2025,459,56,3,Miami,Georgia,2023,90,DL,0.8917,433,50,https://247sports.com/player/josh-horton-46117165/high-school-267292,4,https://247sports.com/player/josh-horton-46117165/college-298488,
46154480,Arias Nash,DL,Stuart W. Cramer,Cramerton,NC,87,2025,461,58,3,Mercer,Virginia Tech,2022,,DL,,,,https://247sports.com/player/arias-nash-46154480/high-school-327196,,https://247sports.com/player/arias-nash-46154480/college-327197,
46042960,Seth McGowan,RB,Mesquite Poteet,Mesquite,TX,87,2025,463,25,3,New Mexico State,Kentucky,2024,,RB,,,,https://247sports.com/player/seth-mcgowan-46042960/junior-college-315403,,https://247sports.com/player/seth-mcgowan-46042960/college-319275,
46099865,Branson Robinson,RB,Germantown,Madison,MS,87,2025,462,24,3,Georgia,Georgia State,2022,94,RB,0.9729,62,4,https://247sports.com/player/branson-robinson-46099865/high-school-248677,4,https://247sports.com/player/branson-robinson-46099865/college-281876,
46102396,Damien Taylor,RB,Tuscaloosa County,Northport,AL,87,2025,464,26,3,Troy,Ole Miss,2021,82,RB,0.8259,1855,138,https://247sports.com/player/damien-taylor-46102396/high-school-252382,3,https://247sports.com/player/damien-taylor-46102396/college-271996,
46134369,CharMar Brown,RB,Creighton Prep,Omaha,NE,87,2025,465,27,3,North Dakota State,Miami,2023,82,RB,,,,https://247sports.com/player/charmar-brown-46134369/high-school-282169,3,https://247sports.com/player/charmar-brown-46134369/college-324631,
46114850,Kendrick Raphael,RB,Naples,Naples,FL,87,2025,466,28,3,NC State,California,2023,87,RB,0.8875,489,31,https://247sports.com/player/kendrick-raphael-46114850/high-school-263486,3,https://247sports.com/player/kendrick-raphael-46114850/college-292235,
46115780,Anthony Carrie,RB,Carrollwood Day,Tampa,FL,87,2025,467,29,3,Georgia Tech,FIU,2024,89,RB,0.9053,314,21,https://247sports.com/player/anthony-carrie-46115780/high-school-264705,3,https://247sports.com/player/anthony-carrie-46115780/college-306791,
46101964,Joseph Adedire,EDGE,Mansfield Summit,Arlington,TX,87,2025,468,43,3,Texas Tech,NC State,2022,87,DL,0.89,427,56,https://247sports.com/player/joseph-adedire-46101964/high-school-251663,3,https://247sports.com/player/joseph-adedire-46101964/college-275252,
46114951,Jahkai Lang,EDGE,Troy Buchanan,Troy,MO,87,2025,469,44,3,Missouri,SMU,2023,88,EDGE,0.8778,654,63,https://247sports.com/player/jahkai-lang-46114951/high-school-263598,3,https://247sports.com/player/jahkai-lang-46114951/college-297945,
46115364,Isaiah Spencer,WR,Madison Central,Madison,MS,87,2025,470,93,3,Jackson State,Virginia Tech,2023,85,WR,0.8503,1390,199,https://247sports.com/player/isaiah-spencer-46115364/high-school-264097,3,https://247sports.com/player/isaiah-spencer-46115364/college-336706,
46160298,Isaiah Johnson,WR,Choctawhatchee,Fort Walton Beach,FL,87,2025,471,94,3,Western Carolina,Cincinnati,2024,,WR,,,,https://247sports.com/player/isaiah-johnson-46160298/high-school-340340,,https://247sports.com/player/isaiah-johnson-46160298/college-340341,
46149716,Jack Hestera,WR,Cedar Park,Cedar Park,TX,87,2025,472,95,3,Utah State,Colorado,2021,,WR,,,,https://247sports.com/player/jack-hestera-46149716/high-school-314820,,https://247sports.com/player/jack-hestera-46149716/college-318966,
46134757,Adrian Wilson,WR,Pflugerville Weiss,Pflugerville,TX,87,2025,473,96,3,Colorado,North Carolina,2025,90,WR,0.9048,308,40,https://247sports.com/player/adrian-wilson-46134757/high-school-282803,4,https://247sports.com/player/adrian-wilson-46134757/college-326666,
46115230,TJ Bush Jr.,EDGE,Bishop Ireton,Alexandria,VA,87,2025,474,45,3,Liberty,California,2023,83,DL,0.8408,1669,181,https://247sports.com/player/tj-bush-jr-46115230/high-school-263922,3,https://247sports.com/player/tj-bush-jr-46115230/college-320639,
46128701,Malachi Carney,OT,Pleasant Grove,Pleasant Grove,AL,87,2025,475,37,3,South Alabama,Georgia Tech,2022,85,OT,0.8306,1708,174,https://247sports.com/player/malachi-carney-46128701/high-school-273966,3,https://247sports.com/player/malachi-carney-46128701/college-287403,
46101443,Rayshawn Pleasant,CB,West Monroe,West Monroe,LA,87,2025,476,67,3,Tulane,Auburn,2022,83,ATH,0.8463,1376,101,https://247sports.com/player/rayshawn-pleasant-46101443/high-school-250996,3,https://247sports.com/player/rayshawn-pleasant-46101443/college-286336,
46080748,Devin Grant,EDGE,Antonian College Prep,San Antonio,TX,87,2025,478,47,3,Colorado,West Virginia,2020,85,WDE,0.8626,879,45,https://247sports.com/player/devin-grant-46080748/high-school-230486,3,https://247sports.com/player/devin-grant-46080748/college-336824,
46129717,Taje McCoy,EDGE,Putnam City,Oklahoma City,OK,87,2025,479,48,3,Colorado,Oklahoma State,2023,88,EDGE,0.8803,599,57,https://247sports.com/player/taje-mccoy-46129717/high-school-275639,3,https://247sports.com/player/taje-mccoy-46129717/college-299198,
46133801,Teon Parks,CB,Martin Luther King,Detroit,MI,87,2025,480,68,3,Illinois State,Colorado,2023,79,ATH,,,,https://247sports.com/player/teon-parks-46133801/high-school-281208,2,https://247sports.com/player/teon-parks-46133801/college-336300,
46094169,Sterling Lane II,EDGE,Oaks Christian,Westlake Village,CA,87,2025,477,46,3,Arizona,Boise State,2022,90,LB,0.9,311,31,https://247sports.com/player/sterling-lane-ii-46094169/high-school-242770,4,https://247sports.com/player/sterling-lane-ii-46094169/college-285988,
46113938,Kendrick Gilbert,DL,Cathedral,Indianapolis,IN,87,2025,482,60,3,Kentucky,Louisville,2023,88,DL,0.8956,385,46,https://247sports.com/player/kendrick-gilbert-46113938/high-school-262428,3,https://247sports.com/player/kendrick-gilbert-46113938/college-301201,
46101435,Christian Charles,S,Chestatee,Gainesville,GA,87,2025,483,24,3,Tennessee,Virginia,2021,88,ATH,0.8741,600,43,https://247sports.com/player/christian-charles-46101435/high-school-250741,3,https://247sports.com/player/christian-charles-46101435/college-261480,
46137084,Larry Johnson III,OT,Jenkins,Savannah,GA,87,2025,486,38,3,Tennessee,Colorado,2023,,OT,,,,https://247sports.com/player/larry-johnson-iii-46137084/junior-college-287803,,https://247sports.com/player/larry-johnson-iii-46137084/college-289922,
46129830,Jordan Hall,OT,KIPP Columbus,Columbus,OH,87,2025,488,39,3,UAB,North Carolina,2023,86,OT,0.845,1559,119,https://247sports.com/player/jordan-hall-46129830/high-school-275822,3,https://247sports.com/player/jordan-hall-46129830/college-320622,
46118611,Derek Jensen,OT,Arrowhead,Hartland,WI,87,2025,489,40,3,Wisconsin,Iowa State,2024,89,OT,0.8867,530,35,https://247sports.com/player/derek-jensen-46118611/high-school-270237,3,https://247sports.com/player/derek-jensen-46118611/college-317473,
46117145,Jamarrion Solomon,DL,Miami Palmetto,Miami,FL,87,2025,490,61,3,FIU,Charlotte,2022,,DL,,,,https://247sports.com/player/jamarrion-solomon-46117145/high-school-267263,,https://247sports.com/player/jamarrion-solomon-46117145/college-336697,
46080732,Gavin Sawchuk,RB,Valor Christian,Littleton,CO,87,2025,491,30,3,Oklahoma,Florida State,2022,94,RB,0.9583,98,7,https://247sports.com/player/gavin-sawchuk-46080732/high-school-230465,4,https://247sports.com/player/gavin-sawchuk-46080732/college-282245,
46113123,Jordan Matthews,CB,Woodlawn,Baton Rouge,LA,87,2025,492,69,3,Tennessee,Vanderbilt,2023,92,CB,0.9405,136,15,https://247sports.com/player/jordan-matthews-46113123/high-school-261083,4,https://247sports.com/player/jordan-matthews-46113123/college-289783,
46128290,Madden Iamaleava,QB,Long Beach Poly,Long Beach,CA,87,2025,487,33,3,Arkansas,UCLA,2025,90,QB,0.9105,273,22,https://247sports.com/player/madden-iamaleava-46128290/high-school-279685,4,https://247sports.com/player/madden-iamaleava-46128290/college-328775,
46154055,A.J. Pena,EDGE,Somerville,Somerville,NJ,87,2025,494,51,3,Memphis,Rhode Island,2021,,LB,,,,https://247sports.com/player/aj-pena-46154055/high-school-325811,,https://247sports.com/player/aj-pena-46154055/college-334278,
46100134,Clev Lubin,EDGE,Suffern Senior,Suffern,NY,87,2025,495,52,3,Coastal Carolina,Louisville,2024,,EDGE,,,,https://247sports.com/player/clev-lubin-46100134/junior-college-321305,,https://247sports.com/player/clev-lubin-46100134/college-325237,
46050027,Devin Kylany,IOL,Lake Stevens,Lake Stevens,WA,86,2025,497,47,3,Washington State,Wake Forest,2020,83,OT,0.8389,1563,104,https://247sports.com/player/devin-kylany-46050027/high-school-209329,3,https://247sports.com/player/devin-kylany-46050027/college-247356,
46158040,Carlos Moore,OT,St. John's College,Bowie,MD,87,2025,496,41,3,Elon,Maryland,2022,,OT,,,,https://247sports.com/player/carlos-moore-46158040/high-school-336789,,https://247sports.com/player/carlos-moore-46158040/college-336790,
46079245,Blaine Spires,EDGE,East,Youngstown,OH,87,2025,493,50,3,Bowling Green,Pittsburgh,2019,76,DT,0.7744,3462,226,https://247sports.com/player/blaine-spires-46079245/high-school-228443,2,https://247sports.com/player/blaine-spires-46079245/college-326091,
46139437,Jaylen Bowden,CB,Mallard Creek,Charlotte,NC,86,2025,499,70,3,North Carolina Central,Minnesota,2023,,CB,,,,https://247sports.com/player/jaylen-bowden-46139437/high-school-292565,,https://247sports.com/player/jaylen-bowden-46139437/college-325867,
46054961,Braylon Braxton,QB,Frisco Independence,Frisco,TX,86,2025,500,34,3,Marshall,Southern Miss,2021,88,QB,0.8578,969,67,https://247sports.com/player/braylon-braxton-46054961/high-school-216531,3,https://247sports.com/player/braylon-braxton-46054961/college-319354,
46038451,Dequan Finn,QB,Martin Luther King,Detroit,MI,86,2025,501,35,3,Baylor,Miami (OH),2019,88,DUAL,0.8526,1137,27,https://247sports.com/player/dequan-finn-46038451/high-school-189306,3,https://247sports.com/player/dequan-finn-46038451/college-312069,
46114703,Anthony Colandrea,QB,Lakewood,St. Petersburg,FL,86,2025,502,36,3,Virginia,UNLV,2023,86,QB,0.8483,1463,72,https://247sports.com/player/anthony-colandrea-46114703/high-school-263306,3,https://247sports.com/player/anthony-colandrea-46114703/college-296500,
46095094,Isaia Glass,OT,Queen Creek,Queen Creek,AZ,86,2025,503,42,3,Arizona State,Vanderbilt,2021,87,OT,0.8641,819,74,https://247sports.com/player/isaia-glass-46095094/high-school-244262,3,https://247sports.com/player/isaia-glass-46095094/college-311496,
46046148,Simote Pepa,DL,Bingham,South Jordan,UT,86,2025,504,62,3,Utah,Washington,2019,87,DT,0.8781,596,42,https://247sports.com/player/simote-pepa-46046148/high-school-199509,3,https://247sports.com/player/simote-pepa-46046148/college-266341,
46134349,Jack Tanner,OT,Marcus,Flower Mound,TX,86,2025,505,43,3,Tulsa,Kansas,2024,83,IOL,0.8419,1853,147,https://247sports.com/player/jack-tanner-46134349/high-school-282147,3,https://247sports.com/player/jack-tanner-46134349/college-318741,
46115866,Jacob Manu,LB,Servite,Anaheim,CA,86,2025,507,21,3,Arizona,Washington,2022,84,LB,0.8637,917,84,https://247sports.com/player/jacob-manu-46115866/high-school-264887,3,https://247sports.com/player/jacob-manu-46115866/college-285992,
46099640,Andrew Simpson,LB,St. John Bosco,Norwalk,CA,86,2025,506,20,3,Boise State,North Carolina,2021,86,LB,0.8585,953,101,https://247sports.com/player/andrew-simpson-46099640/high-school-248375,3,https://247sports.com/player/andrew-simpson-46099640/college-270741,
46113047,Ashton Daniels,QB,Buford,Buford,GA,86,2025,509,37,3,Stanford,Auburn,2022,86,QB,0.86,994,64,https://247sports.com/player/ashton-daniels-46113047/high-school-260931,3,https://247sports.com/player/ashton-daniels-46113047/college-286052,
46097939,Travion Barnes,LB,Apopka,Apopka,FL,86,2025,510,22,3,FIU,Baylor,2024,,LB,,,,https://247sports.com/player/travion-barnes-46097939/junior-college-305271,,https://247sports.com/player/travion-barnes-46097939/college-319045,
46117616,Brad Spence,LB,Klein Forest,Houston,TX,86,2025,511,23,3,Arkansas,Texas,2023,85,EDGE,0.8644,1000,96,https://247sports.com/player/brad-spence-46117616/high-school-267910,3,https://247sports.com/player/brad-spence-46117616/college-296730,
46058853,Justice Finkley,EDGE,Hewitt-Trussville,Trussville,AL,86,2025,512,53,3,Texas,Kansas,2022,94,EDGE,0.9531,116,12,https://247sports.com/player/justice-finkley-46058853/high-school-225370,4,https://247sports.com/player/justice-finkley-46058853/college-276241,
46128820,Matthew Fobbs-White,EDGE,Neville,Monroe,LA,86,2025,513,54,3,Tulane,Baylor,2023,87,EDGE,0.8794,613,59,https://247sports.com/player/matthew-fobbs-white-46128820/high-school-274112,3,https://247sports.com/player/matthew-fobbs-white-46128820/college-302006,
46086657,Malachi Nelson,QB,Los Alamitos,Los Alamitos,CA,86,2025,514,38,3,USC,UTEP,2023,99,QB,0.9938,11,5,https://247sports.com/player/malachi-nelson-46086657/high-school-239970,5,https://247sports.com/player/malachi-nelson-46086657/college-311345,
46084902,Devin Brown,QB,Corner Canyon,Draper,UT,86,2025,515,39,3,Ohio State,California,2022,97,QB,0.9808,43,6,https://247sports.com/player/devin-brown-46084902/high-school-236249,4,https://247sports.com/player/devin-brown-46084902/college-281109,
46082413,Sage Ryan,S,Lafayette Christian Academy,Lafayette,LA,86,2025,516,26,3,LSU,Ole Miss,2021,97,S,0.9851,30,2,https://247sports.com/player/sage-ryan-46082413/high-school-232643,4,https://247sports.com/player/sage-ryan-46082413/college-266322,
46157406,Jacob Robinson,S,Kettle Run,Nokesville,VA,86,2025,517,27,3,Emory &amp; Henry (NA),Coastal Carolina,2022,,S,,,,https://247sports.com/player/jacob-robinson-46157406/high-school-335260,,https://247sports.com/player/jacob-robinson-46157406/college-335261,
46135090,Santana Banner,S,Mountain View,Lawrenceville,GA,86,2025,520,30,3,Northern Illinois,Missouri,2023,80,S,0.8056,2227,196,https://247sports.com/player/santana-banner-46135090/high-school-283393,3,https://247sports.com/player/santana-banner-46135090/college-320760,
46112832,Devin Turner,S,Frisco Lone Star,Frisco,TX,86,2025,519,29,3,Northwestern,Baylor,2022,86,S,0.8556,1109,86,https://247sports.com/player/devin-turner-46112832/high-school-260550,3,https://247sports.com/player/devin-turner-46112832/college-285889,
46137144,Mose Phillips III,S,Cane Ridge,Antioch,TN,86,2025,521,31,3,Virginia Tech,Missouri,2023,86,S,0.8542,1286,113,https://247sports.com/player/mose-phillips-iii-46137144/high-school-288029,3,https://247sports.com/player/mose-phillips-iii-46137144/college-290892,
46128937,Alex McLaughlin,S,Hamilton,Chandler,AZ,86,2025,522,32,3,Northern Arizona,Washington,2023,83,LB,,,,https://247sports.com/player/alex-mclaughlin-46128937/high-school-274268,3,https://247sports.com/player/alex-mclaughlin-46128937/college-325687,
46100200,Andrew Jones,LB,John Ehret,Marrero,LA,86,2025,523,24,3,Grambling State,Ole Miss,2021,90,LB,0.8852,453,50,https://247sports.com/player/andrew-jones-46100200/high-school-249076,4,https://247sports.com/player/andrew-jones-46100200/college-325280,
46035848,Jalen Catalon,S,Mansfield Legacy,Mansfield,TX,86,2025,518,28,3,UNLV,Missouri,2019,91,S,0.9043,289,24,https://247sports.com/player/jalen-catalon-46035848/high-school-184598,4,https://247sports.com/player/jalen-catalon-46035848/college-312542,
46154458,Caden High,WR,Grayson,Loganville,GA,86,2025,524,98,3,South Carolina State,Stanford,2023,,WR,,,,https://247sports.com/player/caden-high-46154458/high-school-327074,,https://247sports.com/player/caden-high-46154458/college-327079,
46058340,Joseph Manjack IV,WR,Tomball Memorial,Tomball,TX,86,2025,525,99,3,Houston,TCU,2021,89,WR,0.87,693,107,https://247sports.com/player/joseph-manjack-iv-46058340/high-school-224217,3,https://247sports.com/player/joseph-manjack-iv-46058340/college-282860,
46047149,Kris Hutson,WR,St. John Bosco,Bellflower,CA,86,2025,526,100,3,Oregon,Arizona,2020,90,WR,0.9199,209,36,https://247sports.com/player/kris-hutson-46047149/high-school-200666,4,https://247sports.com/player/kris-hutson-46047149/college-308033,
46154122,Melkart Abou-Jaoude,EDGE,Newton,Newton,NJ,86,2025,527,55,3,Delaware,North Carolina,2021,,DL,,,,https://247sports.com/player/melkart-abou-jaoude-46154122/high-school-326004,,https://247sports.com/player/melkart-abou-jaoude-46154122/college-326005,
46101731,Gunnar Hansen,OT,St. Thomas Aquinas,Fort Lauderdale,FL,86,2025,529,44,3,Vanderbilt,Florida State,2021,83,OT,0.8389,1491,93,https://247sports.com/player/gunnar-hansen-46101731/high-school-251376,3,https://247sports.com/player/gunnar-hansen-46101731/college-267063,
46101878,Dontae Balfour,CB,Bradford,Starke,FL,86,2025,528,71,3,North Carolina,Texas Tech,2021,91,CB,0.8858,449,33,https://247sports.com/player/dontae-balfour-46101878/high-school-251552,4,https://247sports.com/player/dontae-balfour-46101878/college-299570,
46154094,Nate Boerkircher,TE,Aurora,Aurora,NE,86,2025,530,25,3,Nebraska,Texas A&amp;M,2020,,TE,,,,https://247sports.com/player/nate-boerkircher-46154094/high-school-325927,,https://247sports.com/player/nate-boerkircher-46154094/college-325928,
46051306,J.J. Hester,WR,Booker T. Washington,Tulsa,OK,86,2025,531,101,3,Oklahoma,Kentucky,2020,90,WR,0.8974,342,57,https://247sports.com/player/jj-hester-46051306/high-school-211203,4,https://247sports.com/player/jj-hester-46051306/college-280977,
46054944,Landyn Watson,LB,Hutto,Hutto,TX,86,2025,533,25,3,TCU,Kentucky,2021,87,EDGE,0.8826,480,32,https://247sports.com/player/landyn-watson-46054944/high-school-216509,3,https://247sports.com/player/landyn-watson-46054944/college-301405,
46037432,Dallas Walker IV,DL,Smyrna,Smyrna,TN,86,2025,532,64,3,Western Kentucky,Auburn,2020,87,DT,0.8833,478,46,https://247sports.com/player/dallas-walker-iv-46037432/high-school-187692,3,https://247sports.com/player/dallas-walker-iv-46037432/college-300916,
46118498,Khamari Anderson,TE,Cass Technical,Detroit,MI,86,2025,534,26,3,Kentucky,Arizona State,2023,90,TE,0.8908,441,22,https://247sports.com/player/khamari-anderson-46118498/high-school-270022,4,https://247sports.com/player/khamari-anderson-46118498/college-297819,
46078957,Markeston Douglas,TE,Haywood,Brownsville,TN,86,2025,535,27,3,Arizona State,Florida State,2020,84,TE,0.8444,1379,70,https://247sports.com/player/markeston-douglas-46078957/high-school-228075,3,https://247sports.com/player/markeston-douglas-46078957/college-312308,
46101649,Troy Bowles,LB,Jesuit,Tampa,FL,86,2025,538,26,3,Georgia,Michigan,2023,96,LB,0.9593,83,6,https://247sports.com/player/troy-bowles-46101649/high-school-251267,4,https://247sports.com/player/troy-bowles-46101649/college-297439,
46076687,Enai White,EDGE,Imhotep Institute,Philadelphia,PA,86,2025,537,56,3,Texas A&amp;M,Penn State,2022,97,EDGE,0.9802,47,4,https://247sports.com/player/enai-white-46076687/high-school-227249,4,https://247sports.com/player/enai-white-46076687/college-281787,
46116942,Kaleb Webb,WR,McEachern,Powder Springs,GA,86,2025,540,103,3,Tennessee,Maryland,2022,93,WR,0.9002,310,46,https://247sports.com/player/kaleb-webb-46116942/high-school-266831,4,https://247sports.com/player/kaleb-webb-46116942/college-275915,
46103431,Shelton Sampson Jr.,WR,Baton Rouge Catholic,Baton Rouge,LA,86,2025,539,102,3,LSU,Louisiana,2023,94,WR,0.961,78,14,https://247sports.com/player/shelton-sampson-jr-46103431/high-school-254324,4,https://247sports.com/player/shelton-sampson-jr-46103431/college-297212,
46113676,Avarion Cole,S,Chambers,Charlotte,NC,87,2025,485,25,3,Appalachian State,Western Kentucky,2021,,S,,,,https://247sports.com/player/avarion-cole-46113676/high-school-261978,,https://247sports.com/player/avarion-cole-46113676/college-310323,
46110214,Jaray Bledsoe,DL,Marlin,Marlin,TX,86,2025,508,63,3,Texas,Mississippi State,2022,90,DL,0.9307,174,24,https://247sports.com/player/jaray-bledsoe-46110214/high-school-258441,4,https://247sports.com/player/jaray-bledsoe-46110214/college-276237,
46154192,Matthew Jung,S,Neenah,Neenah,WI,86,2025,541,33,3,Bethel,Wisconsin,2023,,S,,,,https://247sports.com/player/matthew-jung-46154192/high-school-326200,,https://247sports.com/player/matthew-jung-46154192/college-326202,
46040334,Crew Wakley,S,Jordan,Sandy,UT,86,2025,542,34,3,Utah State,Purdue,2018,76,ATH,0.7597,3309,119,https://247sports.com/player/crew-wakley-46040334/high-school-191851,2,https://247sports.com/player/crew-wakley-46040334/college-296168,
46114024,Christian Harrison,S,Woodward Academy,Atlanta,GA,86,2025,543,35,3,Tennessee,Cincinnati,2022,86,CB,0.8541,1149,108,https://247sports.com/player/christian-harrison-46114024/high-school-262524,3,https://247sports.com/player/christian-harrison-46114024/college-282840,
46154394,Caleb Francl,S,Grand Island,Grand Island,NE,86,2025,544,36,3,South Dakota State,Washington State,2020,,LB,,,,https://247sports.com/player/caleb-francl-46154394/high-school-326827,,https://247sports.com/player/caleb-francl-46154394/college-327185,
46103584,Kylin Jackson,S,Zachary,Zachary,LA,86,2025,545,37,3,LSU,TCU,2023,92,S,0.9219,210,15,https://247sports.com/player/kylin-jackson-46103584/high-school-254671,4,https://247sports.com/player/kylin-jackson-46103584/college-297383,
46113913,Noble Johnson,WR,Rockwall,Rockwall,TX,86,2025,547,104,3,Clemson,Arizona State,2023,88,WR,0.8958,384,58,https://247sports.com/player/noble-johnson-46113913/high-school-262402,3,https://247sports.com/player/noble-johnson-46113913/college-294681,
46099958,Sherrod Covil,S,Oscar Smith,Chesapeake,VA,86,2025,546,38,3,Clemson,Virginia Tech,2022,92,S,0.9202,205,16,https://247sports.com/player/sherrod-covil-46099958/high-school-248802,4,https://247sports.com/player/sherrod-covil-46099958/college-279209,
46116313,Cazeem Moore,EDGE,West Craven,Vanceboro,NC,86,2025,548,57,3,Elon,Virginia,2022,,DL,,,,https://247sports.com/player/cazeem-moore-46116313/high-school-265854,,https://247sports.com/player/cazeem-moore-46116313/college-325269,
46100448,Jalen Moss,WR,Menlo-Atherton,Menlo Park,CA,86,2025,549,105,3,Fresno State,Arizona State,2022,86,WR,0.8778,615,88,https://247sports.com/player/jalen-moss-46100448/high-school-249448,3,https://247sports.com/player/jalen-moss-46100448/college-287923,
46058752,Terion Stewart,RB,Sandusky,Sandusky,OH,86,2025,550,31,3,Bowling Green,Virginia Tech,2020,82,RB,0.8185,2251,141,https://247sports.com/player/terion-stewart-46058752/high-school-225216,3,https://247sports.com/player/terion-stewart-46058752/college-257592,
46042188,Jordon Simmons,RB,McEachern,Powder Springs,GA,86,2025,551,32,3,Ole Miss,Georgia State,2020,86,RB,0.8748,605,43,https://247sports.com/player/jordon-simmons-46042188/high-school-194325,3,https://247sports.com/player/jordon-simmons-46042188/college-332481,
46114033,Cole Cabana,RB,Dexter,Dexter,MI,86,2025,552,33,3,Michigan,Western Michigan,2023,90,RB,0.9314,172,11,https://247sports.com/player/cole-cabana-46114033/high-school-262533,4,https://247sports.com/player/cole-cabana-46114033/college-290184,
46099307,TJ Harden,RB,Inglewood,Inglewood,CA,86,2025,553,34,3,UCLA,SMU,2022,87,RB,0.8611,964,72,https://247sports.com/player/tj-harden-46099307/high-school-247837,3,https://247sports.com/player/tj-harden-46099307/college-284948,
46129474,Xavier Atkins,LB,Summer Creek,Humble,TX,86,2025,554,27,3,LSU,Auburn,2024,89,LB,0.9025,334,25,https://247sports.com/player/xavier-atkins-46129474/high-school-290704,3,https://247sports.com/player/xavier-atkins-46129474/college-309684,
46137830,Caleb Goodie,WR,Port Arthur Memorial,Port Arthur,TX,86,2025,556,106,3,Colorado State,Cincinnati,2023,86,WR,0.837,1731,252,https://247sports.com/player/caleb-goodie-46137830/high-school-289569,3,https://247sports.com/player/caleb-goodie-46137830/college-319570,
46132238,Taye Seymore,S,South Atlanta,Atlanta,GA,86,2025,555,39,3,Georgia Tech,Auburn,2023,87,S,0.8628,1047,85,https://247sports.com/player/taye-seymore-46132238/high-school-283313,3,https://247sports.com/player/taye-seymore-46132238/college-297880,
46059291,Caleb Weaver,S,Myers Park,Charlotte,NC,86,2025,558,40,3,Sam Houston,Duke,2021,,WR,,,,https://247sports.com/player/caleb-weaver-46059291/high-school-226285,,https://247sports.com/player/caleb-weaver-46059291/college-325371,
46094676,Jaden Mickey,CB,Centennial,Corona,CA,86,2025,557,72,3,Notre Dame,Boise State,2022,92,CB,0.916,217,28,https://247sports.com/player/jaden-mickey-46094676/high-school-243244,4,https://247sports.com/player/jaden-mickey-46094676/college-275473,
46098670,Xavier Townsend,WR,Berkeley Prep,Tampa,FL,86,2025,560,108,3,UCF,Iowa State,2022,91,RB,0.8809,559,45,https://247sports.com/player/xavier-townsend-46098670/high-school-247170,4,https://247sports.com/player/xavier-townsend-46098670/college-286262,
46117515,Amare Thomas,WR,Pinson Valley,Pinson,AL,86,2025,559,107,3,UAB,Houston,2023,85,WR,0.8606,1104,157,https://247sports.com/player/amare-thomas-46117515/high-school-267797,3,https://247sports.com/player/amare-thomas-46117515/college-320600,
46093772,Bryun Parham,LB,Long Beach Poly,Long Beach,CA,86,2025,561,28,3,San Jose State,UConn,2021,84,LB,0.8348,1608,180,https://247sports.com/player/bryun-parham-46093772/high-school-242040,3,https://247sports.com/player/bryun-parham-46093772/college-311489,
46039887,Preston Stone,QB,Parish Episcopal School,Dallas,TX,86,2025,562,40,3,SMU,Northwestern,2021,94,QB,0.9497,111,15,https://247sports.com/player/preston-stone-46039887/high-school-191194,4,https://247sports.com/player/preston-stone-46039887/college-261140,
46129373,Deshawn Purdie,QB,Milford Mill Academy,Baltimore,MD,86,2025,563,41,3,Charlotte,Wake Forest,2024,84,QB,0.8511,1559,83,https://247sports.com/player/deshawn-purdie-46129373/high-school-274959,3,https://247sports.com/player/deshawn-purdie-46129373/college-309653,
46103285,Daniel Kaelin,QB,Bellevue West,Bellevue,NE,86,2025,564,42,3,Nebraska,Virginia,2024,89,QB,0.8781,703,47,https://247sports.com/player/daniel-kaelin-46103285/high-school-254101,3,https://247sports.com/player/daniel-kaelin-46103285/college-308290,
46153793,Phoenix Jackson,LB,Central Catholic,Modesto,CA,86,2025,566,29,3,Fresno State,Baylor,2021,,LB,,,,https://247sports.com/player/phoenix-jackson-46153793/high-school-325179,,https://247sports.com/player/phoenix-jackson-46153793/college-325180,
46114150,TJ Metcalf,S,Pinson Valley,Pinson,AL,86,2025,569,42,3,Arkansas,Michigan,2023,88,S,0.8842,542,51,https://247sports.com/player/tj-metcalf-46114150/high-school-267564,3,https://247sports.com/player/tj-metcalf-46114150/college-296655,
46125812,Kendall Stanley,OT,Rocky River,Charlotte,NC,86,2025,568,46,3,Charlotte,Pittsburgh,2022,79,OT,0.8006,2100,217,https://247sports.com/player/kendall-stanley-46125812/high-school-272002,2,https://247sports.com/player/kendall-stanley-46125812/college-286434,
46093856,Chrishon McCray,WR,Avon,Avon,IN,86,2025,571,109,3,Kent State,Michigan State,2022,76,RB,0.7856,2186,157,https://247sports.com/player/chrishon-mccray-46093856/high-school-242175,2,https://247sports.com/player/chrishon-mccray-46093856/college-321969,
46045864,Geirean Hatchett,IOL,Ferndale,Ferndale,WA,86,2025,570,48,3,Oklahoma,Washington,2020,92,OG,0.9197,211,8,https://247sports.com/player/geirean-hatchett-46045864/high-school-199066,4,https://247sports.com/player/geirean-hatchett-46045864/college-312137,
46136599,Kelvin Hill,CB,Carrollton,Carrollton,GA,86,2025,572,73,3,UAB,Georgia Tech,2024,85,CB,0.8381,2031,187,https://247sports.com/player/kelvin-hill-46136599/high-school-286933,3,https://247sports.com/player/kelvin-hill-46136599/college-321019,
46113829,Jacobie Henderson,CB,Catawba Ridge,Fort Mill,SC,86,2025,573,74,3,Marshall,Rutgers,2022,86,ATH,0.8511,1231,96,https://247sports.com/player/jacobie-henderson-46113829/high-school-262223,3,https://247sports.com/player/jacobie-henderson-46113829/college-325785,
46100515,Cyrus Allen,WR,Landry-Walker,New Orleans,LA,86,2025,574,110,3,Louisiana Tech,Cincinnati,2021,85,WR,0.8589,937,137,https://247sports.com/player/cyrus-allen-46100515/high-school-249524,3,https://247sports.com/player/cyrus-allen-46100515/college-308128,
46080998,Matthew Wykoff,IOL,Magnolia,Magnolia,TX,86,2025,575,49,3,Texas A&amp;M,Houston,2021,89,OT,0.887,436,36,https://247sports.com/player/matthew-wykoff-46080998/high-school-230785,3,https://247sports.com/player/matthew-wykoff-46080998/college-300917,
46137535,PJ Wilkins,IOL,St. Frances Academy,Baltimore,MD,86,2025,576,50,3,Charlotte,Ole Miss,2023,,OT,,,,https://247sports.com/player/pj-wilkins-46137535/high-school-289102,,https://247sports.com/player/pj-wilkins-46137535/college-318208,
46098989,Eli Sanders,RB,Chandler,Chandler,AZ,86,2025,577,35,3,New Mexico,USC,2021,88,ATH,0.8778,551,35,https://247sports.com/player/eli-sanders-46098989/high-school-247571,3,https://247sports.com/player/eli-sanders-46098989/college-309599,
46114748,Ryan Browne,QB,Milford Academy,New Berlin,NY,86,2025,578,43,3,North Carolina,Purdue,2023,86,QB,0.8633,1024,50,https://247sports.com/player/ryan-browne-46114748/high-school-277936,3,https://247sports.com/player/ryan-browne-46114748/college-332276,
46113907,Jaron Glover,WR,Riverview,Sarasota,FL,86,2025,580,111,3,Michigan State,Mississippi State,2022,88,WR,0.8689,789,116,https://247sports.com/player/jaron-glover-46113907/high-school-262393,3,https://247sports.com/player/jaron-glover-46113907/college-284815,
46114144,Samu Taumanupepe,DL,Atascocita,Humble,TX,86,2025,579,65,3,Texas A&amp;M,Baylor,2023,86,DL,0.8678,888,96,https://247sports.com/player/samu-taumanupepe-46114144/high-school-262672,3,https://247sports.com/player/samu-taumanupepe-46114144/college-297334,
46153952,Rushawn Lawrence,DL,Monsignor Bonner,Drexel Hill,PA,86,2025,582,66,3,Stony Brook,Minnesota,2022,,DL,,,,https://247sports.com/player/rushawn-lawrence-46153952/junior-college-325534,,https://247sports.com/player/rushawn-lawrence-46153952/college-325535,
46057247,Stefon Thompson,LB,Chambers,Charlotte,NC,86,2025,581,30,3,Syracuse,Florida State,2020,85,ILB,0.853,1123,51,https://247sports.com/player/stefon-thompson-46057247/high-school-220293,3,https://247sports.com/player/stefon-thompson-46057247/college-311452,
46048225,Cam Davis,RB,Upland,Upland,CA,86,2025,583,36,3,Washington,Minnesota,2019,90,RB,0.9058,279,19,https://247sports.com/player/cam-davis-46048225/high-school-203691,4,https://247sports.com/player/cam-davis-46048225/college-238119,
46059368,Zach Pyron,QB,Pinson Valley,Pinson,AL,86,2025,584,44,3,Georgia Tech,South Alabama,2022,90,QB,0.8911,414,24,https://247sports.com/player/zach-pyron-46059368/high-school-249782,4,https://247sports.com/player/zach-pyron-46059368/college-330790,
46094137,Ethan Hampton,QB,Aurora Christian Schools,Aurora,IL,86,2025,585,45,3,Northern Illinois,Illinois,2021,83,QB,0.8315,1704,113,https://247sports.com/player/ethan-hampton-46094137/high-school-242733,3,https://247sports.com/player/ethan-hampton-46094137/college-271602,
46102444,Danny O'Neil,QB,Cathedral,Indianapolis,IN,86,2025,586,46,3,San Diego State,Wisconsin,2024,88,QB,0.8786,685,45,https://247sports.com/player/danny-oneil-46102444/high-school-252488,3,https://247sports.com/player/danny-oneil-46102444/college-310844,
46058715,Walker Howard,QB,St. Thomas More,Lafayette,LA,86,2025,588,47,3,LSU,Louisiana,2022,95,QB,0.9809,40,5,https://247sports.com/player/walker-howard-46058715/high-school-225176,4,https://247sports.com/player/walker-howard-46058715/college-296978,
46099674,Sam M'Pemba,EDGE,IMG Academy,Bradenton,FL,86,2025,587,58,3,Georgia,Texas A&amp;M,2023,96,EDGE,0.9751,48,8,https://247sports.com/player/sam-mpemba-46099674/high-school-248415,4,https://247sports.com/player/sam-mpemba-46099674/college-291471,
46036862,Brendon Lewis,QB,Melissa,Melissa,TX,86,2025,589,48,3,Colorado,Memphis,2020,87,DUAL,0.8847,465,17,https://247sports.com/player/brendon-lewis-46036862/high-school-186868,3,https://247sports.com/player/brendon-lewis-46036862/college-299944,
46086663,Israel Carter,QB,Centennial,Corona,CA,86,2025,590,49,3,South Florida,Norfolk State,2023,86,QB,0.8786,633,35,https://247sports.com/player/israel-carter-46086663/high-school-239976,3,https://247sports.com/player/israel-carter-46086663/college-301539,
88973,Tyler Van Dyke,QB,Suffield Academy,Glastonbury,CT,86,2025,592,51,3,Wisconsin,SMU,2020,87,PRO,0.9173,227,7,https://247sports.com/player/tyler-van-dyke-88973/high-school-170758,3,https://247sports.com/player/tyler-van-dyke-88973/college-312410,
87847,Courtland Ford,OT,Cedar Hill,Cedar Hill,TX,86,2025,595,47,3,Kentucky,UCLA,2020,84,OT,0.8704,682,52,https://247sports.com/player/courtland-ford-87847/high-school-162822,3,https://247sports.com/player/courtland-ford-87847/college-300610,
46047362,Maverick McIvor,QB,San Angelo Central,San Angelo,TX,86,2025,593,52,3,Abilene Christian,Western Kentucky,2019,84,DUAL,0.8681,792,19,https://247sports.com/player/maverick-mcivor-46047362/high-school-201046,3,https://247sports.com/player/maverick-mcivor-46047362/college-325925,
46098968,Sydir Mitchell,DL,Bergen Catholic,Oradell,NJ,86,2025,594,67,3,Texas,LSU,2023,89,DL,0.9226,207,25,https://247sports.com/player/sydir-mitchell-46098968/high-school-247546,3,https://247sports.com/player/sydir-mitchell-46098968/college-291654,
46082578,Dominique Ratcliff,DL,Conroe,Conroe,TX,86,2025,596,68,3,Louisiana,Indiana,2020,81,DT,0.8174,2273,159,https://247sports.com/player/dominique-ratcliff-46082578/high-school-232858,3,https://247sports.com/player/dominique-ratcliff-46082578/college-287605,
46080427,Jaylen Henderson,QB,Chaminade,West Hills,CA,86,2025,597,53,3,Fresno State,West Virginia,2021,87,QB,0.8567,1009,69,https://247sports.com/player/jaylen-henderson-46080427/high-school-230042,3,https://247sports.com/player/jaylen-henderson-46080427/college-297399,
46154185,Amir Johnson,OT,Pemberton Township,Pemberton,NJ,86,2025,601,49,3,Merrimack,Boston College,2023,,OT,,,,https://247sports.com/player/amir-johnson-46154185/prep-326185,,https://247sports.com/player/amir-johnson-46154185/college-326186,
46103587,Gavriel Lightfoot,DL,Centennial,Corona,CA,86,2025,598,69,3,Fresno State,Colorado,2022,85,DL,0.8293,1733,206,https://247sports.com/player/gavriel-lightfoot-46103587/high-school-254675,3,https://247sports.com/player/gavriel-lightfoot-46103587/college-287933,
46131038,Naquil Betrand,OT,Northeast,Philadelphia,PA,86,2025,600,48,3,Alabama,Syracuse,2023,88,OT,0.8722,792,55,https://247sports.com/player/naquil-betrand-46131038/high-school-284619,3,https://247sports.com/player/naquil-betrand-46131038/college-307308,
46094644,A.J. Holmes Jr.,DL,Westfield,Houston,TX,86,2025,599,70,3,Houston,Texas Tech,2022,87,DL,0.8656,870,117,https://247sports.com/player/aj-holmes-jr-46094644/high-school-243198,3,https://247sports.com/player/aj-holmes-jr-46094644/college-282811,
46051329,Devin Neal,S,Frederick Douglass,Lexington,KY,86,2025,602,43,3,Louisville,Virginia,2020,86,CB,0.8563,1028,84,https://247sports.com/player/devin-neal-46051329/high-school-211227,3,https://247sports.com/player/devin-neal-46051329/college-290652,
46101119,Sione Hala,LB,St. John Bosco,Bellflower,CA,86,2025,603,31,3,Boston College,Weber State,2022,90,S,0.8978,342,28,https://247sports.com/player/sione-hala-46101119/high-school-250325,4,https://247sports.com/player/sione-hala-46101119/college-284906,
46093934,Trevor Mayberry,IOL,Jesuit,Tampa,FL,86,2025,606,51,3,Stanford,Mississippi State,2020,,OG,,,,https://247sports.com/player/trevor-mayberry-46093934/high-school-242290,,https://247sports.com/player/trevor-mayberry-46093934/college-296610,
46059224,Shawn Murphy,LB,Unity Reed,Manassas,VA,86,2025,605,32,3,Florida State,South Carolina,2022,94,LB,0.9709,72,6,https://247sports.com/player/shawn-murphy-46059224/high-school-226185,4,https://247sports.com/player/shawn-murphy-46059224/college-309945,
46144242,Jordan Scruggs,CB,Schlagle,Kansas City,MO,86,2025,604,75,3,South Alabama,West Virginia,2024,,CB,,,,https://247sports.com/player/jordan-scruggs-46144242/junior-college-302475,,https://247sports.com/player/jordan-scruggs-46144242/college-308991,
46131484,Khalil Laufau,DL,Herriman,Herriman,UT,86,2025,607,71,3,Washington State,Houston,2023,83,DL,0.8367,1745,191,https://247sports.com/player/khalil-laufau-46131484/high-school-277569,3,https://247sports.com/player/khalil-laufau-46131484/college-299917,
46128718,Tawfiq Byard,S,DeMatha Catholic,Hyattsville,MD,86,2025,608,44,3,South Florida,Colorado,2023,86,S,0.8492,1437,134,https://247sports.com/player/tawfiq-byard-46128718/high-school-273986,3,https://247sports.com/player/tawfiq-byard-46128718/college-301540,
46113843,Phillip Dunnam,S,North Miami Beach Senior,Miami,FL,86,2025,609,45,3,Florida Atlantic,UCF,2022,90,ATH,0.8756,647,59,https://247sports.com/player/phillip-dunnam-46113843/high-school-262241,4,https://247sports.com/player/phillip-dunnam-46113843/college-307014,
46083133,Isaiah Cash,S,Rouse,Lago Vista,TX,86,2025,610,46,3,Houston Christian,Virginia Tech,2020,,CB,,,,https://247sports.com/player/isaiah-cash-46083133/high-school-233597,,https://247sports.com/player/isaiah-cash-46083133/college-325486,
46082054,Dayon Hayes,EDGE,Westinghouse,Pittsburgh,PA,86,2025,611,59,3,Colorado,Texas A&amp;M,2020,93,SDE,0.9001,311,12,https://247sports.com/player/dayon-hayes-46082054/high-school-232208,4,https://247sports.com/player/dayon-hayes-46082054/college-319508,
46151838,Ka'ena Decambra,IOL,St. Louis,Honolulu,HI,86,2025,614,52,3,Hawaii,Arizona,2021,,IOL,,,,https://247sports.com/player/kaena-decambra-46151838/high-school-320346,,https://247sports.com/player/kaena-decambra-46151838/college-320347,
46154087,Matthew Henry,WR,Dade Christian School,Hialeah,FL,86,2025,613,112,3,Western Illinois,Western Kentucky,2021,,WR,,,,https://247sports.com/player/matthew-henry-46154087/high-school-325889,,https://247sports.com/player/matthew-henry-46154087/college-325893,
46152724,Niki Prongos,OT,Marin Catholic,Kentfield,CA,86,2025,612,50,3,UCLA,Stanford,2022,,IOL,,,,https://247sports.com/player/niki-prongos-46152724/high-school-322537,,https://247sports.com/player/niki-prongos-46152724/college-322538,
46096504,Markus Allen,WR,Northmont,Clayton,OH,86,2025,615,113,3,Eastern Michigan,Mississippi State,2024,,WR,,,,https://247sports.com/player/markus-allen-46096504/junior-college-306815,,https://247sports.com/player/markus-allen-46096504/college-323927,
46083393,NaQuari Rogers,RB,Portsmouth Christian School,Colonial Heights,VA,86,2025,616,37,3,Campbell,Utah,2022,,QB,,,,https://247sports.com/player/naquari-rogers-46083393/high-school-233946,,https://247sports.com/player/naquari-rogers-46083393/college-316346,
46125628,NiJhay Burt,CB,Steel Valley,Homestead,PA,86,2025,617,76,3,Eastern Illinois,Michigan State,2022,,RB,,,,https://247sports.com/player/nijhay-burt-46125628/high-school-271494,,https://247sports.com/player/nijhay-burt-46125628/college-326231,
46098955,Grady Kelly,DL,Navarre,Navarre,FL,86,2025,619,72,3,Colorado State,Michigan State,2021,82,DL,0.8259,1855,215,https://247sports.com/player/grady-kelly-46098955/high-school-247533,3,https://247sports.com/player/grady-kelly-46098955/college-307108,
46116429,Jordan Church,IOL,IMG Academy,Bradenton,FL,86,2025,618,53,3,Florida Atlantic,Louisville,2023,85,IOL,0.8597,1121,85,https://247sports.com/player/jordan-church-46116429/high-school-275369,3,https://247sports.com/player/jordan-church-46116429/college-301504,
46047350,Chad Lindberg,OT,Clear Creek,League City,TX,86,2025,620,51,3,Georgia,North Carolina,2020,90,OT,0.9366,140,13,https://247sports.com/player/chad-lindberg-46047350/high-school-201034,4,https://247sports.com/player/chad-lindberg-46047350/college-318785,
46080188,Jalen Grant,IOL,Mount Carmel,Chicago,IL,86,2025,622,55,3,Bowling Green,NC State,2020,80,OG,0.8056,2694,175,https://247sports.com/player/jalen-grant-46080188/high-school-229627,3,https://247sports.com/player/jalen-grant-46080188/college-300588,
46086367,Preston Howard,TE,McDonogh School,Owings Mills,MD,86,2025,623,29,3,Maryland,Auburn,2022,88,ATH,0.8859,464,28,https://247sports.com/player/preston-howard-46086367/high-school-239327,3,https://247sports.com/player/preston-howard-46086367/college-285803,
46099311,Levi Wentz,WR,Pine-Richland,Gibsonia,PA,86,2025,624,114,3,Old Dominion,Kansas,2020,83,CB,0.83,1844,163,https://247sports.com/player/levi-wentz-46099311/high-school-247841,3,https://247sports.com/player/levi-wentz-46099311/college-325527,
46059409,Jerand Bradley,WR,DeSoto,DeSoto,TX,86,2025,625,115,3,Texas Tech,Kansas State,2021,88,WR,0.8889,420,65,https://247sports.com/player/jerand-bradley-46059409/high-school-226525,3,https://247sports.com/player/jerand-bradley-46059409/college-309849,
46103079,Justyn Rhett,S,Bishop Gorman,Las Vegas,NV,86,2025,626,47,3,Georgia,Nebraska,2023,88,CB,0.8963,376,39,https://247sports.com/player/justyn-rhett-46103079/high-school-253747,3,https://247sports.com/player/justyn-rhett-46103079/college-291460,
46102837,Christian Washington,RB,Helix,La Mesa,CA,86,2025,628,38,3,New Mexico,San Diego State,2022,86,RB,0.8133,1971,144,https://247sports.com/player/christian-washington-46102837/high-school-253381,3,https://247sports.com/player/christian-washington-46102837/college-319812,
46082239,Riley WIlson,EDGE,Prestonwood Christian,Plano,TX,86,2025,630,60,3,Montana,Arizona,2020,80,WR,0.8056,2694,358,https://247sports.com/player/riley-wilson-46082239/high-school-232393,3,https://247sports.com/player/riley-wilson-46082239/college-325940,
46084043,Elijah Culp,CB,Mallard Creek,Charlotte,NC,86,2025,629,77,3,Charlotte,James Madison,2020,,CB,,,,https://247sports.com/player/elijah-culp-46084043/high-school-234770,,https://247sports.com/player/elijah-culp-46084043/college-324930,
46083147,Jordan Young,CB,Gaither,Tampa,FL,86,2025,632,78,3,Cincinnati,Arkansas,2021,87,CB,0.8909,392,30,https://247sports.com/player/jordan-young-46083147/high-school-233617,3,https://247sports.com/player/jordan-young-46083147/college-297138,
46103316,Jake Jarmolowich,S,Delbarton School,Morristown,NJ,86,2025,631,48,3,Holy Cross,Colorado State,2021,,ATH,,,,https://247sports.com/player/jake-jarmolowich-46103316/high-school-254146,,https://247sports.com/player/jake-jarmolowich-46103316/college-326038,
46128904,Kofi Asare,EDGE,Doherty Memorial,Worcester,MA,86,2025,635,61,3,UMass,Florida,2022,82,EDGE,,,,https://247sports.com/player/kofi-asare-46128904/high-school-274218,3,https://247sports.com/player/kofi-asare-46128904/college-283848,
46085457,Matt Gulbin,IOL,Wilton,Wilton,CT,86,2025,634,56,3,Wake Forest,Michigan State,2021,86,IOL,0.8556,1031,66,https://247sports.com/player/matt-gulbin-46085457/high-school-237153,3,https://247sports.com/player/matt-gulbin-46085457/college-262135,
46137970,Trent Hudson,WR,Shoemaker,Killeen,TX,86,2025,636,116,3,New Mexico State,Vanderbilt,2023,,WR,,,,https://247sports.com/player/trent-hudson-46137970/junior-college-289858,,https://247sports.com/player/trent-hudson-46137970/college-318157,
46133635,CJ Christian,S,Normal Community,Normal,IL,86,2025,633,49,3,FIU,Washington,2022,,S,,,,https://247sports.com/player/cj-christian-46133635/junior-college-280873,,https://247sports.com/player/cj-christian-46133635/college-286549,
46085483,Malcolm Bell,CB,Clarkson Football North,Sainte-Anne-de-Bellevue,QC,86,2025,637,79,3,UConn,Michigan State,2021,80,CB,0.8148,2129,189,https://247sports.com/player/malcolm-bell-46085483/high-school-237191,3,https://247sports.com/player/malcolm-bell-46085483/college-325935,
46110063,Lance Holtzclaw,EDGE,Desert Ridge,Mesa,AZ,86,2025,639,62,3,Washington,Utah,2022,86,EDGE,0.8748,663,46,https://247sports.com/player/lance-holtzclaw-46110063/high-school-258190,3,https://247sports.com/player/lance-holtzclaw-46110063/college-284347,
46114547,Koby Keenum,IOL,Mars Hill Bible School,Florence,AL,86,2025,638,57,3,Kentucky,Mississippi State,2023,87,OT,0.8775,663,46,https://247sports.com/player/koby-keenum-46114547/high-school-263121,3,https://247sports.com/player/koby-keenum-46114547/college-295061,
46053292,Mordecai McDaniel,S,St. John's College,Washington,DC,86,2025,640,50,3,Charlotte,Oklahoma State,2020,92,CB,0.8963,354,27,https://247sports.com/player/mordecai-mcdaniel-46053292/high-school-214086,4,https://247sports.com/player/mordecai-mcdaniel-46053292/college-326083,
46117065,Kevis Thomas,CB,Lowndes,Valdosta,GA,86,2025,641,80,3,Maryland,Kentucky,2023,88,CB,0.8819,573,58,https://247sports.com/player/kevis-thomas-46117065/high-school-273597,3,https://247sports.com/player/kevis-thomas-46117065/college-298902,
46140491,DeAndre Harper,OT,Omaha North,Omaha,NE,86,2025,642,53,3,Northwest Missouri State,Kansas,2024,,IOL,,,,https://247sports.com/player/deandre-harper-46140491/high-school-294222,,https://247sports.com/player/deandre-harper-46140491/college-325996,
46129035,Jaden Williams,DL,Campbell Hall School,Valley Village,CA,86,2025,643,73,3,Wyoming,Kentucky,2022,83,DL,0.7983,2125,240,https://247sports.com/player/jaden-williams-46129035/high-school-274449,3,https://247sports.com/player/jaden-williams-46129035/college-288103,
46100492,Logan George,EDGE,Highland,Pocatello,ID,86,2025,646,63,3,Utah State,Ohio State,2021,78,DL,,,,https://247sports.com/player/logan-george-46100492/high-school-249498,2,https://247sports.com/player/logan-george-46100492/college-326112,
46153799,Brandon Rawls,LB,Huron,Ann Arbor,MI,86,2025,644,33,3,Saginaw Valley State,Oklahoma State,2021,,LB,,,,https://247sports.com/player/brandon-rawls-46153799/high-school-325207,,https://247sports.com/player/brandon-rawls-46153799/college-325208,
46153770,Sanders Ellis,LB,Station Camp,Gallatin,TN,86,2025,647,34,3,Tennessee State,Purdue,2024,,LB,,,,https://247sports.com/player/sanders-ellis-46153770/high-school-325095,,https://247sports.com/player/sanders-ellis-46153770/college-325096,
46099532,Eric O'Neill,EDGE,Tottenville,Staten Island,NY,86,2025,648,64,3,LIU,Rutgers,2021,78,DL,0.8067,2315,267,https://247sports.com/player/eric-oneill-46099532/high-school-248216,2,https://247sports.com/player/eric-oneill-46099532/college-310650,
46081669,Cole Martin,S,Basha,Chandler,AZ,86,2025,645,51,3,Arizona State,UCLA,2023,92,CB,0.9191,217,25,https://247sports.com/player/cole-martin-46081669/high-school-267750,4,https://247sports.com/player/cole-martin-46081669/college-312300,
46103216,Harry Lodge,TE,Belmont Hill School,Belmont,MA,86,2025,651,30,3,Georgia Tech,Wake Forest,2022,84,TE,0.8433,1433,88,https://247sports.com/player/harry-lodge-46103216/high-school-253997,3,https://247sports.com/player/harry-lodge-46103216/college-327141,
46114887,Tyler Turner,S,Brennan,San Antonio,TX,86,2025,649,52,3,Oregon,Baylor,2023,87,S,0.8976,360,34,https://247sports.com/player/tyler-turner-46114887/high-school-263524,3,https://247sports.com/player/tyler-turner-46114887/college-290556,
46055456,Gunner Maldonado,S,Chandler,Chandler,AZ,86,2025,653,53,3,Northwestern,Kansas State,2020,88,S,0.8719,647,49,https://247sports.com/player/gunner-maldonado-46055456/high-school-217449,3,https://247sports.com/player/gunner-maldonado-46055456/college-260364,
46114180,Henry Boyer,TE,Brother Rice,Oak Lawn,IL,86,2025,652,31,3,Illinois,Kentucky,2022,86,TE,0.8467,1357,82,https://247sports.com/player/henry-boyer-46114180/high-school-262730,3,https://247sports.com/player/henry-boyer-46114180/college-281841,
46110014,Preston Cushman,OT,Calvary Christian,Clearwater,FL,86,2025,650,54,3,Ole Miss,UCF,2022,84,OT,0.8593,1022,93,https://247sports.com/player/preston-cushman-46110014/high-school-258091,3,https://247sports.com/player/preston-cushman-46110014/college-285935,
46082331,Rashad Amos,RB,Sandy Creek,Tyrone,GA,86,2025,654,39,3,Memphis,Georgia State,2020,86,RB,0.8541,1090,70,https://247sports.com/player/rashad-amos-46082331/high-school-232523,3,https://247sports.com/player/rashad-amos-46082331/college-334276,
46094334,Kanye Udoh,RB,St. Augustine Prep,Richland,NJ,86,2025,655,40,3,Army,Arizona State,2022,79,RB,0.8228,1840,134,https://247sports.com/player/kanye-udoh-46094334/high-school-243020,2,https://247sports.com/player/kanye-udoh-46094334/college-326017,
46137826,Makai Jackson,WR,Truman,Levittown,PA,86,2025,660,118,3,Appalachian State,Indiana,2022,,WR,,,,https://247sports.com/player/makai-jackson-46137826/high-school-326500,,https://247sports.com/player/makai-jackson-46137826/college-297541,
46094638,Jakiah Leftwich,OT,Westlake,Atlanta,GA,86,2025,657,55,3,North Carolina,UCF,2021,86,OT,0.8652,785,69,https://247sports.com/player/jakiah-leftwich-46094638/high-school-243192,3,https://247sports.com/player/jakiah-leftwich-46094638/college-332952,
46110281,Leon Bell,OT,Dickinson,Dickinson,TX,86,2025,659,57,3,Mississippi State,California,2023,,OT,,,,https://247sports.com/player/leon-bell-46110281/junior-college-289516,,https://247sports.com/player/leon-bell-46110281/college-299313,
46135945,Tavake Tuikolovatu,OT,Summit,Fontana,CA,86,2025,658,56,3,UCLA,Kansas,2023,88,OT,0.8806,596,52,https://247sports.com/player/tavake-tuikolovatu-46135945/high-school-285008,3,https://247sports.com/player/tavake-tuikolovatu-46135945/college-299340,
46086326,Will Pauling,WR,Homewood-Flossmoor,Flossmoor,IL,86,2025,661,119,3,Wisconsin,Notre Dame,2021,86,WR,0.8511,1157,164,https://247sports.com/player/will-pauling-46086326/high-school-239270,3,https://247sports.com/player/will-pauling-46086326/college-295448,
46096360,Gabe Powers,LB,Marysville,Marysville,OH,86,2025,664,36,3,Ohio State,Kansas State,2022,94,LB,0.9563,101,8,https://247sports.com/player/gabe-powers-46096360/high-school-244373,4,https://247sports.com/player/gabe-powers-46096360/college-281111,
46086015,Keli Lawson,LB,Sherando,Stephens City,VA,86,2025,663,35,3,Virginia Tech,UCF,2021,90,ATH,0.8667,749,55,https://247sports.com/player/keli-lawson-46086015/high-school-238227,4,https://247sports.com/player/keli-lawson-46086015/college-267299,
46125448,Cam Cook,RB,Stony Point,Round Rock,TX,86,2025,666,41,3,TCU,Jacksonville State,2023,90,RB,0.8985,349,22,https://247sports.com/player/cam-cook-46125448/high-school-271111,4,https://247sports.com/player/cam-cook-46125448/college-301322,
46093623,Tayven Jackson,QB,Center Grove,Greenwood,IN,86,2025,662,54,3,Indiana,UCF,2022,91,QB,0.9221,198,13,https://247sports.com/player/tayven-jackson-46093623/high-school-241945,4,https://247sports.com/player/tayven-jackson-46093623/college-290925,
46100858,Robert Stafford III,CB,Eau Gallie,Melbourne,FL,86,2025,665,81,3,Miami,UCLA,2023,94,CB,0.9378,148,18,https://247sports.com/player/robert-stafford-iii-46100858/high-school-249954,4,https://247sports.com/player/robert-stafford-iii-46100858/college-298569,
46080581,Kyndrich Breedlove,CB,Pearl-Cohn,Nashville,TN,86,2025,667,82,3,Purdue,Arizona State,2021,88,ATH,0.8889,413,27,https://247sports.com/player/kyndrich-breedlove-46080581/high-school-230262,3,https://247sports.com/player/kyndrich-breedlove-46080581/college-311320,
46129266,Cam Vaughn,WR,Temple,Temple,GA,86,2025,671,120,3,Jacksonville State,West Virginia,2023,,QB,,,,https://247sports.com/player/cam-vaughn-46129266/high-school-274740,,https://247sports.com/player/cam-vaughn-46129266/college-326090,
46128768,JJ Johnson,S,South Delta,Anguilla,MS,86,2025,672,55,3,Georgia State,NC State,2022,,CB,,,,https://247sports.com/player/jj-johnson-46128768/junior-college-274044,,https://247sports.com/player/jj-johnson-46128768/college-275035,
46084298,Rashod Dubinion,RB,Cedar Grove,Ellenwood,GA,86,2025,669,42,3,Arkansas,Appalachian State,2022,88,ATH,0.8924,399,22,https://247sports.com/player/rashod-dubinion-46084298/high-school-235307,3,https://247sports.com/player/rashod-dubinion-46084298/college-281127,
46128729,Fred Perry,S,Warner Robins,Warner Robins,GA,86,2025,668,54,3,Jacksonville State,West Virginia,2022,84,ATH,,,,https://247sports.com/player/fred-perry-46128729/high-school-273999,3,https://247sports.com/player/fred-perry-46128729/college-326361,
46098676,Jaden Nixon,RB,Frisco Lone Star,Frisco,TX,86,2025,670,43,3,Western Michigan,UCF,2021,88,RB,0.8578,969,67,https://247sports.com/player/jaden-nixon-46098676/high-school-247178,3,https://247sports.com/player/jaden-nixon-46098676/college-318018,
46079038,Horace Lockett,DL,Westlake,Atlanta,GA,86,2025,673,74,3,Georgia Tech,UCF,2022,85,DL,0.8744,675,94,https://247sports.com/player/horace-lockett-46079038/high-school-228175,3,https://247sports.com/player/horace-lockett-46079038/college-284076,
46096384,Chris Murray,EDGE,Hirschi,Wichita Falls,TX,86,2025,678,66,3,TCU,Auburn,2021,89,DL,0.885,460,58,https://247sports.com/player/chris-murray-46096384/high-school-244406,3,https://247sports.com/player/chris-murray-46096384/college-285613,
46114432,DJ Reed,DL,Carver,Columbus,GA,86,2025,676,75,3,Auburn,Mississippi State,2023,93,DL,0.9272,185,20,https://247sports.com/player/dj-reed-46114432/high-school-262994,4,https://247sports.com/player/dj-reed-46114432/college-298245,
46136500,Kavion Broussard,IOL,Zachary,Zachary,LA,86,2025,675,58,3,Ole Miss,Arkansas,2024,88,OT,0.8794,666,51,https://247sports.com/player/kavion-broussard-46136500/high-school-286721,3,https://247sports.com/player/kavion-broussard-46136500/college-318146,
46046981,Jalen St. John,OT,Trinity Catholic,St. Louis,MO,86,2025,674,58,3,Arkansas,Purdue,2020,86,OT,0.8778,566,31,https://247sports.com/player/jalen-st-john-46046981/high-school-200481,3,https://247sports.com/player/jalen-st-john-46046981/college-299983,
94681,Demon Clowney,EDGE,St. Frances Academy,Baltimore,MD,86,2025,677,65,3,Louisville,South Carolina,2020,90,WDE,0.9168,229,11,https://247sports.com/player/demon-clowney-94681/high-school-214084,4,https://247sports.com/player/demon-clowney-94681/college-332605,
46056236,Zion Nelson,OT,Sumter,Sumter,SC,86,2025,679,59,3,Miami,SMU,2019,87,OT,0.8426,1386,115,https://247sports.com/player/zion-nelson-46056236/high-school-218406,3,https://247sports.com/player/zion-nelson-46056236/college-229869,
46049130,Donavon Greene,WR,Mount Airy,Mount Airy,NC,86,2025,680,121,3,Wake Forest,Virginia Tech,2019,94,WR,0.9089,257,37,https://247sports.com/player/donavon-greene-46049130/high-school-207193,4,https://247sports.com/player/donavon-greene-46049130/college-231770,
46130625,Hudson Clement,WR,Martinsburg,Martinsburg,WV,86,2025,684,122,3,West Virginia,Illinois,2022,,WR,,,,https://247sports.com/player/hudson-clement-46130625/high-school-276432,,https://247sports.com/player/hudson-clement-46130625/college-302068,
46099941,Zen Michalski,OT,Floyd Central,Floyds Knobs,IN,86,2025,681,60,3,Ohio State,Indiana,2021,92,OT,0.9012,306,21,https://247sports.com/player/zen-michalski-46099941/high-school-248785,4,https://247sports.com/player/zen-michalski-46099941/college-266938,
46053604,Keanu Tanuvasa,DL,Mission Viejo,Mission Viejo,CA,86,2025,682,76,3,Utah,BYU,2020,87,SDE,0.8663,780,67,https://247sports.com/player/keanu-tanuvasa-46053604/high-school-214444,3,https://247sports.com/player/keanu-tanuvasa-46053604/college-283097,
46080703,Tyshawn Wyatt,OT,Henrico,Richmond,VA,86,2025,683,61,3,James Madison,Virginia,2020,82,IOL,0.82,2154,137,https://247sports.com/player/tyshawn-wyatt-46080703/high-school-230433,3,https://247sports.com/player/tyshawn-wyatt-46080703/college-308078,
46116978,James Djonkam,EDGE,West Springfield,Springfield,VA,86,2025,685,67,3,Eastern Michigan,Virginia Tech,2022,,EDGE,,,,https://247sports.com/player/james-djonkam-46116978/junior-college-266910,,https://247sports.com/player/james-djonkam-46116978/college-310769,
46138273,Jordan Brown,OT,St. John Bosco,Bellflower,CA,86,2025,686,62,3,Georgia Tech,Arizona,2021,,IOL,,,,https://247sports.com/player/jordan-brown-46138273/prep-290380,,https://247sports.com/player/jordan-brown-46138273/college-290398,
46111477,Johnny Williams IV,OT,Northeast,Macon,GA,86,2025,688,63,3,West Virginia,Missouri,2023,86,OT,0.8728,776,53,https://247sports.com/player/johnny-williams-iv-46111477/high-school-259486,3,https://247sports.com/player/johnny-williams-iv-46111477/college-290508,
46081205,Will Huggins,TE,Shawnee Mission South,Overland Park,KS,86,2025,689,32,3,Pittsburg State,Oklahoma,2020,86,TE,0.8556,1043,46,https://247sports.com/player/will-huggins-46081205/high-school-231110,3,https://247sports.com/player/will-huggins-46081205/college-325934,
46082278,CJ Williams,WR,Mater Dei,Santa Ana,CA,86,2025,687,123,3,USC,Stanford,2022,96,WR,0.9706,73,10,https://247sports.com/player/cj-williams-46082278/high-school-232439,4,https://247sports.com/player/cj-williams-46082278/college-294170,
46093939,Cooper Barkate,WR,Mater Dei,Santa Ana,CA,86,2025,690,124,3,Harvard,Duke,2022,88,WR,0.8889,435,26,https://247sports.com/player/cooper-barkate-46093939/high-school-255453,3,https://247sports.com/player/cooper-barkate-46093939/college-325022,
46083177,Otto Tia,WR,Northridge,Layton,UT,86,2025,691,125,3,Utah State,Utah,2020,81,WR,0.8106,2488,326,https://247sports.com/player/otto-tia-46083177/high-school-233667,3,https://247sports.com/player/otto-tia-46083177/college-320463,
46052714,Martavius French,LB,Whitehaven,Memphis,TN,86,2025,694,37,3,UTSA,Colorado,2022,,LB,,,,https://247sports.com/player/martavius-french-46052714/junior-college-272884,,https://247sports.com/player/martavius-french-46052714/college-283770,
46056048,Star Thomas,RB,Homer,Homer,LA,86,2025,693,44,3,New Mexico State,Tennessee,2022,,RB,,,,https://247sports.com/player/star-thomas-46056048/junior-college-272828,,https://247sports.com/player/star-thomas-46056048/college-316659,
46081216,Denver Harris,CB,North Shore,Houston,TX,86,2025,695,83,3,UTSA,UNLV,2022,97,CB,0.9889,23,4,https://247sports.com/player/denver-harris-46081216/high-school-231123,4,https://247sports.com/player/denver-harris-46081216/college-311535,
46134525,Josiah Martin,WR,Denton Guyer,Denton,TX,86,2025,692,126,3,California,Oklahoma,2024,87,WR,0.8761,738,99,https://247sports.com/player/josiah-martin-46134525/high-school-282438,3,https://247sports.com/player/josiah-martin-46134525/college-309863,
46103581,Jaden Harris,S,Riverwood,Atlanta,GA,86,2025,696,56,3,Miami,Georgia,2022,89,CB,0.8819,541,51,https://247sports.com/player/jaden-harris-46103581/high-school-254665,3,https://247sports.com/player/jaden-harris-46103581/college-281475,
46133699,Jaylen Lloyd,WR,Omaha Westside,Omaha,NE,86,2025,698,127,3,Nebraska,Oklahoma State,2023,87,WR,0.8658,944,74,https://247sports.com/player/jaylen-lloyd-46133699/high-school-289571,3,https://247sports.com/player/jaylen-lloyd-46133699/college-295530,
46100064,Jaeden Moore,EDGE,Central Valley Christian,Visalia,CA,86,2025,697,68,3,Oregon,Pittsburgh,2023,88,EDGE,0.875,724,70,https://247sports.com/player/jaeden-moore-46100064/high-school-248907,3,https://247sports.com/player/jaeden-moore-46100064/college-291032,
46117444,Antonio White Jr.,S,Parkview,Lilburn,GA,86,2025,701,57,3,Rutgers,Georgia Southern,2024,91,S,0.8992,367,34,https://247sports.com/player/antonio-white-jr-46117444/high-school-267714,4,https://247sports.com/player/antonio-white-jr-46117444/college-308053,
46137291,Sam Brumfield,LB,Pearl,Pearl,MS,86,2025,700,38,3,Middle Tennessee,Memphis,2023,,LB,,,,https://247sports.com/player/sam-brumfield-46137291/junior-college-288476,,https://247sports.com/player/sam-brumfield-46137291/college-307529,
46142096,Daz James,WR,Clayton,Clayton,NC,86,2025,699,128,3,Arkansas,California,2023,89,WR,0.885,521,72,https://247sports.com/player/daz-james-46142096/high-school-297545,3,https://247sports.com/player/daz-james-46142096/college-299060,
46076900,Cortez Braham Jr.,WR,Westwood,Blythewood,SC,86,2025,702,129,3,Nevada,Memphis,2022,,WR,,,,https://247sports.com/player/cortez-braham-jr-46076900/junior-college-250629,,https://247sports.com/player/cortez-braham-jr-46076900/college-310825,
46082635,Casey Cain,WR,Warren Easton,New Orleans,LA,86,2025,703,130,3,UNLV,Liberty,2021,86,WR,0.863,837,124,https://247sports.com/player/casey-cain-46082635/high-school-233028,3,https://247sports.com/player/casey-cain-46082635/college-312545,
46116356,Joshua Donald,DL,C.E. Jordan,Durham,NC,86,2025,704,77,3,Appalachian State,Houston,2022,,DL,,,,https://247sports.com/player/joshua-donald-46116356/prep-269021,,https://247sports.com/player/joshua-donald-46116356/college-317177,
46138308,Terry Webb,DL,Ball,Galveston,TX,86,2025,705,78,3,Texas State,SMU,2023,,DL,,,,https://247sports.com/player/terry-webb-46138308/junior-college-290496,,https://247sports.com/player/terry-webb-46138308/college-320507,
46095058,David Pantelis,WR,Upper St. Clair,Pittsburgh,PA,86,2025,708,133,3,Yale,Stanford,2021,,WR,,,,https://247sports.com/player/david-pantelis-46095058/high-school-244207,,https://247sports.com/player/david-pantelis-46095058/college-324974,
46048393,Sawyer Racanelli,WR,Hockinson,Brush Prairie,WA,86,2025,706,131,3,Montana,Wake Forest,2020,89,ATH,0.8604,919,51,https://247sports.com/player/sawyer-racanelli-46048393/high-school-204065,3,https://247sports.com/player/sawyer-racanelli-46048393/college-326582,
46154343,Cam Thompson,WR,Boardman,Youngstown,OH,86,2025,707,132,3,Eastern Illinois,Mississippi State,2022,,WR,,,,https://247sports.com/player/cam-thompson-46154343/high-school-326648,,https://247sports.com/player/cam-thompson-46154343/college-326650,
46058903,Jeremiah Alexander,LB,Thompson,Alabaster,AL,86,2025,709,39,3,Alabama,Clemson,2022,97,EDGE,0.9911,18,1,https://247sports.com/player/jeremiah-alexander-46058903/high-school-225446,4,https://247sports.com/player/jeremiah-alexander-46058903/college-275050,
46127872,DJ Black,WR,Chapman,Inman,SC,86,2025,710,134,3,South Carolina,UCF,2022,,WR,,,,https://247sports.com/player/dj-black-46127872/high-school-272708,,https://247sports.com/player/dj-black-46127872/college-326066,
46098413,Justin Agu,CB,Dutchtown,Geismar,LA,86,2025,711,84,3,Louisiana,Louisville,2021,,CB,,,,https://247sports.com/player/justin-agu-46098413/high-school-246797,,https://247sports.com/player/justin-agu-46098413/college-271867,
46137244,Kapena Gushiken,S,Kamehameha Schools Maui,Pukalani,HI,86,2025,714,59,3,Washington State,Ole Miss,2023,,CB,,,,https://247sports.com/player/kapena-gushiken-46137244/junior-college-288366,,https://247sports.com/player/kapena-gushiken-46137244/college-293750,
46128460,Nuer Gatkuoth,EDGE,,Edmonton,AB,86,2025,712,69,3,Colorado State,Wake Forest,2022,,LB,,,,https://247sports.com/player/nuer-gatkuoth-46128460/prep-273633,,https://247sports.com/player/nuer-gatkuoth-46128460/college-287901,
46049914,Jett Elad,S,St. Ignatius,Cleveland,OH,86,2025,713,58,3,UNLV,Rutgers,2023,,CB,,,,https://247sports.com/player/jett-elad-46049914/junior-college-292330,,https://247sports.com/player/jett-elad-46049914/college-319670,
46137816,Melvin Siani,OT,,Ontario,CA,86,2025,717,64,3,Temple,Wake Forest,2023,,OT,,,,https://247sports.com/player/melvin-siani-46137816/prep-289553,,https://247sports.com/player/melvin-siani-46137816/college-291008,
46116368,Keionte Scott,CB,Helix,La Mesa,CA,86,2025,715,85,3,Auburn,Miami,2022,,CB,,,,https://247sports.com/player/keionte-scott-46116368/junior-college-265958,,https://247sports.com/player/keionte-scott-46116368/college-328646,
46110617,Gavin Gibson,S,Hough,Hickory,NC,86,2025,720,60,3,East Carolina,North Carolina,2022,86,S,0.86,994,80,https://247sports.com/player/gavin-gibson-46110617/high-school-259284,3,https://247sports.com/player/gavin-gibson-46110617/college-308756,
46113496,Dontay Joyner,CB,Lakeland,Lakeland,FL,86,2025,718,87,3,Arkansas State,Maryland,2023,84,S,0.8336,1820,162,https://247sports.com/player/dontay-joyner-46113496/high-school-261670,3,https://247sports.com/player/dontay-joyner-46113496/college-302854,
46129475,Luca Puccinelli,TE,Benedictine,Richmond,VA,86,2025,719,33,3,Wake Forest,Purdue,2024,87,TE,0.8575,1332,69,https://247sports.com/player/luca-puccinelli-46129475/high-school-275194,3,https://247sports.com/player/luca-puccinelli-46129475/college-307651,
46085566,Elijah Herring,LB,Riverdale,Murfreesboro,TN,86,2025,721,40,3,Tennessee,Florida State,2022,89,LB,0.873,709,71,https://247sports.com/player/elijah-herring-46085566/high-school-237369,3,https://247sports.com/player/elijah-herring-46085566/college-318665,
46116611,Tayden Barnes,S,Tascosa,Amarillo,TX,86,2025,722,61,3,New Mexico State,Cincinnati,2023,,CB,,,,https://247sports.com/player/tayden-barnes-46116611/high-school-266258,,https://247sports.com/player/tayden-barnes-46116611/college-320677,
46046597,Sitiveni Havili Kaufusi,DL,Punahou,Honolulu,HI,86,2025,723,79,3,UCLA,Oklahoma State,2019,84,RB,0.8367,1536,1,https://247sports.com/player/sitiveni-havili-kaufusi-46046597/high-school-200037,3,https://247sports.com/player/sitiveni-havili-kaufusi-46046597/college-238644,
46110081,Johnny Pascuzzi,TE,Rockhurst,Kansas City,MO,86,2025,726,34,3,West Virginia,Tulane,2021,79,TE,,,,https://247sports.com/player/johnny-pascuzzi-46110081/high-school-258216,2,https://247sports.com/player/johnny-pascuzzi-46110081/college-332415,
46129022,Fisher Camac,LB,Highland,Gilbert,AZ,86,2025,725,41,3,UNLV,Virginia,2022,75,LB,0.7833,2209,223,https://247sports.com/player/fisher-camac-46129022/high-school-274434,2,https://247sports.com/player/fisher-camac-46129022/college-288065,
46125818,Tra Thomas,EDGE,Old Mill,Glen Burnie,MD,86,2025,724,70,3,Temple,NC State,2022,,LB,,,,https://247sports.com/player/tra-thomas-46125818/junior-college-272016,,https://247sports.com/player/tra-thomas-46125818/college-282604,
46118361,Kade Eldridge,TE,Lynden Christian School,Lynden,WA,86,2025,727,35,3,USC,Washington,2023,88,ATH,0.8811,586,36,https://247sports.com/player/kade-eldridge-46118361/high-school-269555,3,https://247sports.com/player/kade-eldridge-46118361/college-298531,
46146277,Jamel Johnson,CB,Alcovy,Covington,GA,86,2025,729,88,3,Charleston Southern,NC State,2022,,CB,,,,https://247sports.com/player/jamel-johnson-46146277/high-school-306985,,https://247sports.com/player/jamel-johnson-46146277/college-309223,
46153550,C.J. Douglas,S,Leeds,Leeds,AL,86,2025,730,62,3,Samford,Houston,2023,,S,,,,https://247sports.com/player/cj-douglas-46153550/high-school-324681,,https://247sports.com/player/cj-douglas-46153550/college-324682,
46104198,Breeon Ishmail,EDGE,Princeton,Cincinnati,OH,86,2025,728,71,3,Michigan,Purdue,2023,86,ATH,0.8603,1110,91,https://247sports.com/player/breeon-ishmail-46104198/high-school-256071,3,https://247sports.com/player/breeon-ishmail-46104198/college-301247,
46052193,Eric Taylor,DL,Hewitt-Trussville,Trussville,AL,86,2025,731,80,3,Mississippi State,Coastal Carolina,2023,,DL,,,,https://247sports.com/player/eric-taylor-46052193/junior-college-288721,,https://247sports.com/player/eric-taylor-46052193/college-334914,
46154397,Matt Durrance,S,Steinbrenner,Lutz,FL,86,2025,733,63,3,South Dakota State,Washington State,2021,,S,,,,https://247sports.com/player/matt-durrance-46154397/high-school-326830,,https://247sports.com/player/matt-durrance-46154397/college-327066,
46153945,Jayden Loving,DL,Hamilton,Hamilton,AL,86,2025,732,81,3,Bethune-Cookman,Wake Forest,2021,,DL,,,,https://247sports.com/player/jayden-loving-46153945/high-school-325503,,https://247sports.com/player/jayden-loving-46153945/college-325506,
46133376,Jamir Conn,CB,Lee's Summit North,Lee's Summit,MO,86,2025,734,89,3,Southern Illinois,Nebraska,2023,76,CB,,,,https://247sports.com/player/jamir-conn-46133376/high-school-280302,2,https://247sports.com/player/jamir-conn-46133376/college-327086,
46083578,Ben Bell,EDGE,Cedar Park,Cedar Park,TX,86,2025,736,72,3,Louisiana Tech,Virginia Tech,2020,80,SDE,0.8333,1747,92,https://247sports.com/player/ben-bell-46083578/high-school-234170,3,https://247sports.com/player/ben-bell-46083578/college-321881,
46131489,Amari Jefferson,WR,Baylor School,Chattanooga,TN,86,2025,735,135,3,Alabama,Tennessee,2024,92,WR,0.9183,212,35,https://247sports.com/player/amari-jefferson-46131489/high-school-277575,4,https://247sports.com/player/amari-jefferson-46131489/college-315516,
46101180,Caleb Wooden,S,Archer,Lawrenceville,GA,86,2025,739,64,3,Auburn,Arkansas,2022,85,S,0.8663,852,70,https://247sports.com/player/caleb-wooden-46101180/high-school-250403,3,https://247sports.com/player/caleb-wooden-46101180/college-281148,
46042429,Ty'Kieast Crawford,IOL,Carthage,Carthage,TX,86,2025,738,59,3,Arkansas,West Virginia,2020,90,OT,0.9151,235,19,https://247sports.com/player/tykieast-crawford-46042429/high-school-194621,4,https://247sports.com/player/tykieast-crawford-46042429/college-269520,
46117071,Nathan Leacock,WR,Millbrook,Raleigh,NC,86,2025,743,137,3,Tennessee,North Carolina,2023,95,WR,0.9618,76,13,https://247sports.com/player/nathan-leacock-46117071/high-school-267152,4,https://247sports.com/player/nathan-leacock-46117071/college-332124,
46129695,Tavian Coleman,DL,Humble,Humble,TX,86,2025,742,82,3,Texas State,Colorado,2022,,DL,,,,https://247sports.com/player/tavian-coleman-46129695/junior-college-275597,,https://247sports.com/player/tavian-coleman-46129695/college-300113,
46085491,Trey Lathan,LB,Gulliver Prep,Miami,FL,86,2025,740,42,3,West Virginia,Kansas,2022,88,LB,0.8869,457,42,https://247sports.com/player/trey-lathan-46085491/high-school-237209,3,https://247sports.com/player/trey-lathan-46085491/college-282232,
46083200,AJ Swann,QB,Cherokee,Canton,GA,86,2025,745,55,3,LSU,Appalachian State,2022,89,QB,0.8922,402,23,https://247sports.com/player/aj-swann-46083200/high-school-233691,3,https://247sports.com/player/aj-swann-46083200/college-311351,
46110035,Ty Lockwood,TE,Independence,Thompson's Station,TN,86,2025,741,36,3,Alabama,Boston College,2023,92,TE,0.9187,220,12,https://247sports.com/player/ty-lockwood-46110035/high-school-258116,4,https://247sports.com/player/ty-lockwood-46110035/college-290612,
46083839,Karon Prunty,CB,I.C. Norcom,Portsmouth,VA,86,2025,747,90,3,North Carolina A&amp;T,Wake Forest,2020,85,CB,0.8404,1514,133,https://247sports.com/player/karon-prunty-46083839/high-school-234504,3,https://247sports.com/player/karon-prunty-46083839/college-325232,
46153939,Jo'shon Barbie,RB,West Jefferson,Harvey,LA,86,2025,748,45,3,McNeese,Marshall,2022,,RB,,,,https://247sports.com/player/joshon-barbie-46153939/high-school-325488,,https://247sports.com/player/joshon-barbie-46153939/college-325489,
46080091,Trayvon Rudolph,WR,Crete-Monee,Crete,IL,86,2025,749,139,3,Northern Illinois,Toledo,2020,82,ATH,0.8333,1735,134,https://247sports.com/player/trayvon-rudolph-46080091/high-school-229482,3,https://247sports.com/player/trayvon-rudolph-46080091/college-256746,
46114590,Micah Tease,WR,Booker T. Washington,Tulsa,OK,86,2025,750,140,3,Texas A&amp;M,Tulsa,2023,94,WR,0.9186,221,8,https://247sports.com/player/micah-tease-46114590/high-school-263170,4,https://247sports.com/player/micah-tease-46114590/college-290660,
46117042,Tyree Patterson,WR,Eustis,Eustis,FL,86,2025,751,141,3,UCF,Middle Tennessee,2023,86,WR,0.8653,970,136,https://247sports.com/player/tyree-patterson-46117042/high-school-267079,3,https://247sports.com/player/tyree-patterson-46117042/college-301349,
46154237,MJ Flowers,RB,Colerain,Cincinnati,OH,86,2025,753,46,3,Eastern Illinois,UConn,2022,,RB,,,,https://247sports.com/player/mj-flowers-46154237/high-school-326306,,https://247sports.com/player/mj-flowers-46154237/college-326307,
46098463,Jordan Anderson,WR,Newport Harbor,Newport Beach,CA,86,2025,752,142,3,Oregon State,Sacramento State,2024,89,WR,0.9125,253,43,https://247sports.com/player/jordan-anderson-46098463/high-school-292165,3,https://247sports.com/player/jordan-anderson-46098463/college-307672,
46082171,Jared Dawson,DL,Collierville,Collierville,TN,86,2025,754,83,3,Louisville,Notre Dame,2020,88,DT,0.8667,775,66,https://247sports.com/player/jared-dawson-46082171/high-school-232315,3,https://247sports.com/player/jared-dawson-46082171/college-253015,
46097506,Braden Siders,EDGE,Ralston Valley,Arvada,CO,86,2025,756,74,3,Wyoming,West Virginia,2020,78,OLB,0.78,3396,211,https://247sports.com/player/braden-siders-46097506/high-school-245415,2,https://247sports.com/player/braden-siders-46097506/college-272177,
46042213,Chad Brown,CB,Long Reach,Columbia,MD,86,2025,755,91,3,UCF,Purdue,2021,,S,,,,https://247sports.com/player/chad-brown-46042213/junior-college-250131,,https://247sports.com/player/chad-brown-46042213/college-266472,
46112020,Coleman Bryson,S,Rabun Gap-Nacoochee,Waynesville,NC,86,2025,757,65,3,Minnesota,North Carolina,2022,85,S,0.8522,1191,90,https://247sports.com/player/coleman-bryson-46112020/high-school-260198,3,https://247sports.com/player/coleman-bryson-46112020/college-275548,
46101012,George Fitzpatrick,OT,Cherry Creek,Englewood,CO,86,2025,758,65,3,Ohio State,Kansas State,2022,93,OT,0.9111,244,19,https://247sports.com/player/george-fitzpatrick-46101012/high-school-250170,4,https://247sports.com/player/george-fitzpatrick-46101012/college-281115,
46117328,MyKeil Gardner,DL,Liberty,Peoria,AZ,86,2025,760,84,3,Oregon,Arizona State,2023,89,DL,0.8869,494,53,https://247sports.com/player/mykeil-gardner-46117328/high-school-267530,3,https://247sports.com/player/mykeil-gardner-46117328/college-290557,
46080070,Donovan Green,TE,Dickinson,Dickinson,TX,86,2025,759,37,3,Texas A&amp;M,LSU,2022,94,TE,0.9554,105,4,https://247sports.com/player/donovan-green-46080070/high-school-229459,4,https://247sports.com/player/donovan-green-46080070/college-281789,
46080193,Caleb Medford,WR,Henderson,Henderson,TX,86,2025,761,143,3,TCU,Kansas State,2020,87,WR,0.8633,847,132,https://247sports.com/player/caleb-medford-46080193/high-school-229635,3,https://247sports.com/player/caleb-medford-46080193/college-299965,
46102583,Jimeto Obigbo,IOL,Mansfield Timberview,Arlington,TX,86,2025,762,60,3,Incarnate Word,Arizona State,2021,,OT,,,,https://247sports.com/player/jimeto-obigbo-46102583/high-school-252763,,https://247sports.com/player/jimeto-obigbo-46102583/college-300121,
46083293,Mana Taimani,IOL,Clayton Valley,Concord,CA,86,2025,763,61,3,Ole Miss,Colorado,2023,,OT,,,,https://247sports.com/player/mana-taimani-46083293/junior-college-287836,,https://247sports.com/player/mana-taimani-46083293/college-300974,
46104140,Anthony Woods,RB,Palmdale,Palmdale,CA,86,2025,765,47,3,Idaho,UCLA,2022,81,RB,,,,https://247sports.com/player/anthony-woods-46104140/high-school-255927,3,https://247sports.com/player/anthony-woods-46104140/college-307203,
46129383,TJ Lindsey,DL,IMG Academy,Bradenton,FL,86,2025,764,85,3,Auburn,Purdue,2024,88,DL,0.9043,324,40,https://247sports.com/player/tj-lindsey-46129383/high-school-297679,3,https://247sports.com/player/tj-lindsey-46129383/college-307140,
46137718,Peyton Waters,S,Birmingham,Van Nuys,CA,86,2025,766,66,3,Washington,North Carolina,2024,90,ATH,0.9162,231,20,https://247sports.com/player/peyton-waters-46137718/high-school-289383,4,https://247sports.com/player/peyton-waters-46137718/college-307997,
46117602,Collins Acheampong,EDGE,Santa Margarita Catholic,Rancho Santa Margarita,CA,86,2025,767,75,3,Miami,Bowling Green,2023,93,DL,0.9364,152,16,https://247sports.com/player/collins-acheampong-46117602/high-school-283638,4,https://247sports.com/player/collins-acheampong-46117602/college-314189,
46059458,Khurtiss Perry,DL,Pike Road,Pike Road,AL,86,2025,768,86,3,Alabama,Jacksonville State,2022,97,DL,0.9722,65,11,https://247sports.com/player/khurtiss-perry-46059458/high-school-271217,4,https://247sports.com/player/khurtiss-perry-46059458/college-319241,
46130734,Buom Jock,LB,Episcopal,Alexandria,VA,86,2025,769,43,3,Colorado State,California,2023,,WR,,,,https://247sports.com/player/buom-jock-46130734/high-school-276614,,https://247sports.com/player/buom-jock-46130734/college-319595,
46037551,Fred Davis II,CB,Trinity Christian Academy,Jacksonville,FL,86,2025,770,92,3,Jacksonville State,Northwestern,2020,95,CB,0.974,53,7,https://247sports.com/player/fred-davis-ii-46037551/high-school-187842,4,https://247sports.com/player/fred-davis-ii-46037551/college-321276,
46128990,Prince Strachan,WR,John Carroll,Fort Pierce,FL,86,2025,771,144,3,Boise State,USC,2022,84,WR,0.8367,1576,200,https://247sports.com/player/prince-strachan-46128990/high-school-274377,3,https://247sports.com/player/prince-strachan-46128990/college-322755,
46098656,Davonte Miles,DL,River Rouge,River Rouge,MI,86,2025,772,87,3,Bowling Green,South Carolina,2022,86,DL,0.8556,1109,140,https://247sports.com/player/davonte-miles-46098656/high-school-247155,3,https://247sports.com/player/davonte-miles-46098656/college-326085,
46052030,Tye Edwards,RB,Pedro Menendez,St. Augustine,FL,86,2025,773,48,3,UTSA,West Virginia,2022,,RB,,,,https://247sports.com/player/tye-edwards-46052030/junior-college-264880,,https://247sports.com/player/tye-edwards-46052030/college-326706,
46096624,Caden Kitler,IOL,John Paul II,Plano,TX,86,2025,775,63,3,UCF,Arkansas,2022,82,IOL,0.8444,1414,76,https://247sports.com/player/caden-kitler-46096624/high-school-244743,3,https://247sports.com/player/caden-kitler-46096624/college-286270,
46101830,Jordan Spasojevic-Moko,IOL,Brisbane Rhinos,Australia,AUST,86,2025,774,62,3,Charlotte,California,2021,,OT,,,,https://247sports.com/player/jordan-spasojevic-moko-46101830/junior-college-251490,,https://247sports.com/player/jordan-spasojevic-moko-46101830/college-312047,
46099855,Mike Washington Jr.,RB,Cicero-North Syracuse,Cicero,NY,86,2025,778,49,3,New Mexico State,Arkansas,2021,78,RB,0.7956,2494,169,https://247sports.com/player/mike-washington-jr-46099855/high-school-248665,2,https://247sports.com/player/mike-washington-jr-46099855/college-319264,
46134875,Jaxson Jones,EDGE,Yuma Catholic,Yuma,AZ,86,2025,779,77,3,Oregon,Utah,2024,89,EDGE,0.8961,400,31,https://247sports.com/player/jaxson-jones-46134875/high-school-283034,3,https://247sports.com/player/jaxson-jones-46134875/college-312203,
46116392,Ta'ita'i Uiagalelei,DL,Mater Dei,Santa Ana,CA,86,2025,780,89,3,Arizona,Washington,2022,84,EDGE,0.837,1561,86,https://247sports.com/player/taitai-uiagalelei-46116392/high-school-265982,3,https://247sports.com/player/taitai-uiagalelei-46116392/college-285996,
46115694,Ashton Sanders,DL,Cathedral,Los Angeles,CA,86,2025,777,88,3,Oklahoma,UCLA,2023,88,DL,0.8803,599,65,https://247sports.com/player/ashton-sanders-46115694/high-school-264563,3,https://247sports.com/player/ashton-sanders-46115694/college-290953,
46078937,Ken Talley,EDGE,Northeast,Philadelphia,PA,86,2025,776,76,3,Michigan State,Arkansas,2022,90,EDGE,0.9059,273,24,https://247sports.com/player/ken-talley-46078937/high-school-228055,4,https://247sports.com/player/ken-talley-46078937/college-289040,
46102661,Xe'ree Alexander,LB,Kennedy Catholic,Burien,WA,86,2025,781,44,3,Idaho,Washington,2023,86,LB,0.8525,1324,114,https://247sports.com/player/xeree-alexander-46102661/high-school-252913,3,https://247sports.com/player/xeree-alexander-46102661/college-311552,
46132097,Anterio Thompson,DL,Hempstead,Dubuque,IA,86,2025,782,90,3,Iowa,Washington,2023,,DL,,,,https://247sports.com/player/anterio-thompson-46132097/junior-college-278369,,https://247sports.com/player/anterio-thompson-46132097/college-312518,
46055245,Mitchell Melton,EDGE,Our Lady of Good Counsel,Olney,MD,86,2025,783,78,3,Ohio State,Virginia,2020,93,OLB,0.897,344,24,https://247sports.com/player/mitchell-melton-46055245/high-school-217048,4,https://247sports.com/player/mitchell-melton-46055245/college-255433,
46101896,Omari Evans,WR,Shoemaker,Killeen,TX,86,2025,785,145,3,Penn State,Washington,2022,89,WR,0.8819,541,77,https://247sports.com/player/omari-evans-46101896/high-school-251575,3,https://247sports.com/player/omari-evans-46101896/college-275027,
46056799,DeAndre Boykins,S,Central Cabarrus,Concord,NC,86,2025,784,67,3,North Carolina,Oklahoma State,2021,88,S,0.9249,181,6,https://247sports.com/player/deandre-boykins-46056799/high-school-219559,3,https://247sports.com/player/deandre-boykins-46056799/college-261829,
46112951,Anthony Evans III,WR,Converse Judson,Converse,TX,86,2025,786,146,3,Georgia,Mississippi State,2023,92,WR,0.9246,195,27,https://247sports.com/player/anthony-evans-iii-46112951/high-school-260756,4,https://247sports.com/player/anthony-evans-iii-46112951/college-291455,
46118318,Michael Merdinger,QB,Cardinal Gibbons,Fort Lauderdale,FL,86,2025,788,57,3,North Carolina,Liberty,2024,86,QB,0.8661,1048,61,https://247sports.com/player/michael-merdinger-46118318/high-school-282917,3,https://247sports.com/player/michael-merdinger-46118318/college-309572,
46102350,Drue Watts,LB,Sierra Canyon,Chatsworth,CA,86,2025,789,45,3,Nevada,Memphis,2021,82,LB,0.8111,2236,252,https://247sports.com/player/drue-watts-46102350/high-school-252302,3,https://247sports.com/player/drue-watts-46102350/college-325751,
46100531,Gevani McCoy,QB,Lakewood,Lakewood,CA,86,2025,787,56,3,Texas State,Temple,2021,,QB,,,,https://247sports.com/player/gevani-mccoy-46100531/high-school-249548,,https://247sports.com/player/gevani-mccoy-46100531/college-331941,
46040410,Braydon Bennett,RB,Southside,Greenville,SC,86,2025,790,50,3,Coastal Carolina,Virginia Tech,2020,83,RB,0.8206,2135,163,https://247sports.com/player/braydon-bennett-46040410/high-school-228028,3,https://247sports.com/player/braydon-bennett-46040410/college-256884,
46113303,Curley Reed III,CB,Lake Charles College Prep,Lake Charles,LA,86,2025,793,94,3,Washington,Louisiana,2023,90,CB,0.9126,257,30,https://247sports.com/player/curley-reed-iii-46113303/high-school-261382,4,https://247sports.com/player/curley-reed-iii-46113303/college-300430,
46084383,Matthew Alexander,DL,Buford,Buford,GA,86,2025,791,91,3,UCF,Georgia Tech,2021,82,DL,0.8356,1589,183,https://247sports.com/player/matthew-alexander-46084383/high-school-235414,3,https://247sports.com/player/matthew-alexander-46084383/college-270374,
46115050,DJ Bell,CB,Pensacola,Pensacola,FL,86,2025,792,93,3,Memphis,UCF,2022,80,S,0.8215,1869,141,https://247sports.com/player/dj-bell-46115050/high-school-263723,3,https://247sports.com/player/dj-bell-46115050/college-286300,
46131291,Bernard Causey III,CB,John F. Kennedy,New Orleans,LA,86,2025,795,95,3,LSU,Georgia State,2024,88,CB,0.8753,761,65,https://247sports.com/player/bernard-causey-iii-46131291/high-school-277313,3,https://247sports.com/player/bernard-causey-iii-46131291/college-315457,
46098619,Hayden McDonald,S,O'Dea,Seattle,WA,86,2025,797,68,3,Columbia,Nevada,2021,82,CB,0.7933,2536,219,https://247sports.com/player/hayden-mcdonald-46098619/high-school-247110,3,https://247sports.com/player/hayden-mcdonald-46098619/college-325052,
46153542,Malachi Bailey,EDGE,Miller Grove,Lithonia,GA,86,2025,796,79,3,Alcorn State,Arizona,2022,,EDGE,,,,https://247sports.com/player/malachi-bailey-46153542/junior-college-324658,,https://247sports.com/player/malachi-bailey-46153542/college-324659,
46154024,Cole Kozlowski,LB,Manasquan,Manasquan,NJ,86,2025,799,46,3,Colgate,UCF,2022,,LB,,,,https://247sports.com/player/cole-kozlowski-46154024/high-school-325708,,https://247sports.com/player/cole-kozlowski-46154024/college-325710,
46058317,Ronald Triplette,EDGE,Shadow Creek,Pearland,TX,86,2025,798,80,3,Kansas State,Georgia Tech,2020,84,SDE,0.8444,1379,70,https://247sports.com/player/ronald-triplette-46058317/high-school-224137,3,https://247sports.com/player/ronald-triplette-46058317/college-325277,
46081164,Arlis Boardingham,TE,Birmingham,Van Nuys,CA,86,2025,803,38,3,Florida,Bowling Green,2022,90,ATH,0.8852,488,31,https://247sports.com/player/arlis-boardingham-46081164/high-school-231068,4,https://247sports.com/player/arlis-boardingham-46081164/college-285194,
46154286,Reginald Vick Jr.,WR,East Wake,Wendell,NC,86,2025,802,148,3,Virginia Union (NA),Wake Forest,2022,,WR,,,,https://247sports.com/player/reginald-vick-jr-46154286/high-school-326442,,https://247sports.com/player/reginald-vick-jr-46154286/college-326443,
46099665,Josh Battle,S,Mill Creek,Hoschton,GA,86,2025,801,69,3,Chattanooga,Southern Miss,2021,,S,,,,https://247sports.com/player/josh-battle-46099665/high-school-248403,,https://247sports.com/player/josh-battle-46099665/college-326192,
46049995,Jayden Thomas,WR,Pace Academy,Atlanta,GA,86,2025,804,149,3,Notre Dame,Virginia,2021,87,WR,0.8991,326,51,https://247sports.com/player/jayden-thomas-46049995/high-school-209287,3,https://247sports.com/player/jayden-thomas-46049995/college-268434,
46039915,Michael Flores,IOL,All Saints Episcopal,Fort Worth,TX,86,2025,806,64,3,Dartmouth,Louisville,2019,,OG,,,,https://247sports.com/player/michael-flores-46039915/high-school-191229,,https://247sports.com/player/michael-flores-46039915/college-326260,
46134275,James Resar,QB,Bishop Kenny,Jacksonville,FL,86,2025,808,58,3,Iowa,Independence C.C. (JUCO),2024,90,QB,0.8772,717,53,https://247sports.com/player/james-resar-46134275/high-school-281988,4,https://247sports.com/player/james-resar-46134275/college-316250,
46142464,Beau Baker,TE,Washington County,Springfield,KY,86,2025,810,39,3,South Dakota State,Washington State,2024,90,TE,0.9,357,24,https://247sports.com/player/beau-baker-46142464/high-school-298295,4,https://247sports.com/player/beau-baker-46142464/college-328812,
46102184,Cordale Russell,WR,North Mesquite,Mesquite,TX,86,2025,809,152,3,TCU,Miami (OH),2023,96,WR,0.9505,103,19,https://247sports.com/player/cordale-russell-46102184/high-school-251965,4,https://247sports.com/player/cordale-russell-46102184/college-319507,
46127648,Jeff Weimer,WR,Salinas,Salinas,CA,86,2025,811,153,3,UNLV,West Virginia,2022,,WR,,,,https://247sports.com/player/jeff-weimer-46127648/junior-college-272366,,https://247sports.com/player/jeff-weimer-46127648/college-328877,
46080445,Martes Lewis,IOL,Merrillville,Merrillville,IN,86,2025,812,65,3,Minnesota,Northwestern,2020,88,OT,0.8674,757,57,https://247sports.com/player/martes-lewis-46080445/high-school-230070,3,https://247sports.com/player/martes-lewis-46080445/college-252688,
46095019,Antonio Martin Jr.,RB,Langston Hughes,Fairburn,GA,86,2025,815,51,3,Louisiana-Monroe,Kansas State,2024,,RB,,,,https://247sports.com/player/antonio-martin-jr-46095019/junior-college-325877,,https://247sports.com/player/antonio-martin-jr-46095019/college-336892,
46079629,Jamier Johnson,CB,John Muir,Pasadena,CA,86,2025,814,96,3,Texas,UCLA,2021,90,CB,0.9064,276,22,https://247sports.com/player/jamier-johnson-46079629/high-school-228850,4,https://247sports.com/player/jamier-johnson-46079629/college-290577,
46156525,Zach Palmer-Smith,RB,Delran,Delran,NJ,86,2025,816,52,3,Richmond,Louisiana-Monroe,2022,,RB,,,,https://247sports.com/player/zach-palmer-smith-46156525/high-school-331555,,https://247sports.com/player/zach-palmer-smith-46156525/college-331556,
46083384,Freddie Brock IV,RB,East,Rochester,NY,86,2025,818,53,3,Maine,Oklahoma State,2020,82,ATH,0.8141,2379,183,https://247sports.com/player/freddie-brock-iv-46083384/high-school-233932,3,https://247sports.com/player/freddie-brock-iv-46083384/college-297998,
46139259,Brendan Doyle,TE,Monte Vista Christian School,Watsonville,CA,86,2025,819,41,3,Memphis,Stanford,2023,,TE,,,,https://247sports.com/player/brendan-doyle-46139259/junior-college-292286,,https://247sports.com/player/brendan-doyle-46139259/college-301535,
46154130,Keith Gouveia,IOL,Sherando,Stephens City,VA,86,2025,820,66,3,Richmond,Pittsburgh,2021,,IOL,,,,https://247sports.com/player/keith-gouveia-46154130/high-school-326042,,https://247sports.com/player/keith-gouveia-46154130/college-326043,
46099207,Rashan Murray,CB,University Prep,Pittsburgh,PA,86,2025,822,97,3,California (PA) (NA),Pittsburgh,2022,78,WR,0.7844,2190,260,https://247sports.com/player/rashan-murray-46099207/high-school-247689,2,https://247sports.com/player/rashan-murray-46099207/college-326315,
46154324,Lawrence Hattar,IOL,Churchill,Livonia,MI,86,2025,823,67,3,Ferris State,Michigan,2022,,IOL,,,,https://247sports.com/player/lawrence-hattar-46154324/high-school-326565,,https://247sports.com/player/lawrence-hattar-46154324/college-326566,
46103474,Cian Slone,EDGE,Rocklin,Rocklin,CA,86,2025,824,83,3,Utah State,NC State,2023,,DL,,,,https://247sports.com/player/cian-slone-46103474/junior-college-290042,,https://247sports.com/player/cian-slone-46103474/college-327469,
46128117,Giordano Vaccaro,IOL,Clearwater Academy International,Clearwater,FL,86,2025,825,68,3,Manitoba (NA),Purdue,2022,,IOL,,,,https://247sports.com/player/giordano-vaccaro-46128117/high-school-273058,,https://247sports.com/player/giordano-vaccaro-46128117/college-330805,
46056055,Karate Brenson,WR,Christian Brothers College,O'Fallon,MO,86,2025,826,154,3,Ball State,Wake Forest,2021,86,WR,0.8607,894,133,https://247sports.com/player/karate-brenson-46056055/high-school-218167,3,https://247sports.com/player/karate-brenson-46056055/college-334339,
46157098,Delvon Gulley,CB,Saraland,Saraland,AL,86,2025,827,98,3,Alabama A&amp;M,UAB,2024,,CB,,,,https://247sports.com/player/delvon-gulley-46157098/high-school-334363,,https://247sports.com/player/delvon-gulley-46157098/college-334364,
46076963,Demerick Morris,DL,Phillips Academy,Chicago,IL,86,2025,828,92,3,Oklahoma State,Temple,2020,80,DT,0.8244,2047,150,https://247sports.com/player/demerick-morris-46076963/high-school-227578,3,https://247sports.com/player/demerick-morris-46076963/college-332436,
46110186,Stephen Daley,EDGE,Handley,Winchester,VA,86,2025,829,84,3,Kent State,Indiana,2022,79,TE,0.8117,1987,118,https://247sports.com/player/stephen-daley-46110186/high-school-258365,2,https://247sports.com/player/stephen-daley-46110186/college-335473,
46100264,Cam Rice,DL,Morgantown,Morgantown,WV,86,2025,830,93,3,Ohio,Maryland,2021,74,LB,,,,https://247sports.com/player/cam-rice-46100264/high-school-249161,2,https://247sports.com/player/cam-rice-46100264/college-335430,
46115566,Tavoy Feagin,CB,Carrollwood Day,Tampa,FL,86,2025,833,99,3,Clemson,Ole Miss,2024,90,CB,0.9094,275,25,https://247sports.com/player/tavoy-feagin-46115566/high-school-264341,4,https://247sports.com/player/tavoy-feagin-46115566/college-310877,
46157296,Sabastian Harsh,EDGE,Scottsbluff,Scottsbluff,NE,86,2025,834,86,3,Wyoming,NC State,2020,,EDGE,,,,https://247sports.com/player/sabastian-harsh-46157296/high-school-335052,,https://247sports.com/player/sabastian-harsh-46157296/college-335053,
46098790,Tyler McMillan,OT,River Rouge,River Rouge,MI,86,2025,835,66,3,Southeast Missouri State,Illinois,2021,75,IOL,0.7917,2557,170,https://247sports.com/player/tyler-mcmillan-46098790/high-school-247326,2,https://247sports.com/player/tyler-mcmillan-46098790/college-335698,
46094310,Joshua Nobles,EDGE,Eastside,Camden,NJ,86,2025,837,87,3,Western Michigan,UMass,2021,82,EDGE,0.8185,2042,105,https://247sports.com/player/joshua-nobles-46094310/high-school-242982,3,https://247sports.com/player/joshua-nobles-46094310/college-326519,
46085389,Dylan Rizk,QB,Cardinal Gibbons,Fort Lauderdale,FL,86,2025,838,59,3,UCF,Stanford,2023,84,QB,0.8644,1000,49,https://247sports.com/player/dylan-rizk-46085389/high-school-260330,3,https://247sports.com/player/dylan-rizk-46085389/college-301352,
46145190,Sammy Etienne,S,Lakeland,Lakeland,FL,86,2025,839,71,3,West Virginia,Marshall,2025,86,S,0.8589,1419,124,https://247sports.com/player/sammy-etienne-46145190/high-school-304417,3,https://247sports.com/player/sammy-etienne-46145190/college-328748,
46083433,Shay Taylor,LB,Sheridan,Thornville,OH,86,2025,840,48,3,Ohio,Charlotte,2021,74,LB,0.7904,2576,285,https://247sports.com/player/shay-taylor-46083433/high-school-233994,2,https://247sports.com/player/shay-taylor-46083433/college-271690,
46157707,Trinidad Chambliss,QB,Forest Hills Northern,Grand Rapids,MI,86,2025,843,60,3,Ferris State,Ole Miss,2021,,QB,,,,https://247sports.com/player/trinidad-chambliss-46157707/high-school-335978,,https://247sports.com/player/trinidad-chambliss-46157707/college-335979,
46122950,Jason Hewlett Jr.,LB,Chaney,Youngstown,OH,86,2025,842,49,3,Michigan,Boston College,2023,90,ATH,0.8847,530,32,https://247sports.com/player/jason-hewlett-jr-46122950/high-school-270594,4,https://247sports.com/player/jason-hewlett-jr-46122950/college-301239,
46082827,Jaylen Early,OT,Duncanville,Duncanville,TX,86,2025,841,67,3,Florida State,Missouri,2022,91,IOL,0.8961,366,14,https://247sports.com/player/jaylen-early-46082827/high-school-233288,4,https://247sports.com/player/jaylen-early-46082827/college-282706,
46085409,Bryce George,OT,Detroit Edison,Detroit,MI,86,2025,844,68,3,Ferris State,Iowa,2020,77,SDE,0.77,3597,171,https://247sports.com/player/bryce-george-46085409/high-school-237070,2,https://247sports.com/player/bryce-george-46085409/college-336048,
46057135,Austin Collins,IOL,Perrysburg,Perrysburg,OH,86,2025,846,69,3,Louisville,Syracuse,2020,83,OG,0.8389,1563,104,https://247sports.com/player/austin-collins-46057135/high-school-243800,3,https://247sports.com/player/austin-collins-46057135/college-253013,
46058734,Jay Hardy,DL,McCallie School,Chattanooga,TN,86,2025,845,94,3,Liberty,Auburn,2020,95,DT,0.9549,101,13,https://247sports.com/player/jay-hardy-46058734/high-school-225195,4,https://247sports.com/player/jay-hardy-46058734/college-336117,
46145549,Syeed Gibbs,CB,Everett,Everett,MA,86,2025,847,100,3,Georgia Tech,Kansas,2022,,CB,,,,https://247sports.com/player/syeed-gibbs-46145549/high-school-305329,,https://247sports.com/player/syeed-gibbs-46145549/college-306853,
46102996,Waltclaire Flynn Jr.,IOL,Grayson,Loganville,GA,86,2025,848,70,3,UCF,Georgia,2024,90,IOL,0.8977,387,26,https://247sports.com/player/waltclaire-flynn-jr-46102996/high-school-253643,4,https://247sports.com/player/waltclaire-flynn-jr-46102996/college-307044,
46131255,Ja'Marion Kennedy,IOL,Northwood,Shreveport,LA,86,2025,849,71,3,Louisiana Tech,Wake Forest,2023,83,DL,0.8428,1622,120,https://247sports.com/player/jamarion-kennedy-46131255/high-school-277275,3,https://247sports.com/player/jamarion-kennedy-46131255/college-320594,
46153538,Lance Mason,TE,Rockwall,Rockwall,TX,86,2025,851,42,3,Missouri State,Wisconsin,2022,,TE,,,,https://247sports.com/player/lance-mason-46153538/high-school-324645,,https://247sports.com/player/lance-mason-46153538/college-324646,
46134533,Yamir Knight,WR,Smyrna,Smyrna,DE,86,2025,850,155,3,James Madison,SMU,2023,,WR,,,,https://247sports.com/player/yamir-knight-46134533/high-school-282447,,https://247sports.com/player/yamir-knight-46134533/college-320908,
46157814,Dylan Kinney,IOL,Fort Bend Travis,Richmond,TX,86,2025,852,72,3,Abilene Christian,TCU,2022,,IOL,,,,https://247sports.com/player/dylan-kinney-46157814/high-school-336171,,https://247sports.com/player/dylan-kinney-46157814/college-336172,
46086346,Zach Rice,IOL,Liberty Christian Academy,Lynchburg,VA,86,2025,853,73,3,North Carolina,Syracuse,2022,98,OT,0.9937,13,1,https://247sports.com/player/zach-rice-46086346/high-school-239298,5,https://247sports.com/player/zach-rice-46086346/college-275156,
46140562,Terez Davis,OT,DeMatha Catholic,Hyattsville,MD,86,2025,854,69,3,Maryland,Ole Miss,2024,86,OT,0.855,1421,112,https://247sports.com/player/terez-davis-46140562/high-school-294338,3,https://247sports.com/player/terez-davis-46140562/college-318439,
46157168,Sedrick Smith,DL,South Atlanta,Atlanta,GA,86,2025,855,95,3,South Carolina State,Maryland,2023,,DL,,,,https://247sports.com/player/sedrick-smith-46157168/high-school-334596,,https://247sports.com/player/sedrick-smith-46157168/college-334600,
46112759,Cash Cleveland,IOL,IMG Academy,Rockwall,TX,86,2025,859,74,3,Colorado,Texas Tech,2024,,IOL,,,,https://247sports.com/player/cash-cleveland-46112759/high-school-260416,,https://247sports.com/player/cash-cleveland-46112759/college-325980,
46102087,Dillion Williams,S,Nacogdoches,Nacogdoches,TX,86,2025,858,72,3,UTEP,Florida Atlantic,2021,85,S,0.865,804,64,https://247sports.com/player/dillion-williams-46102087/high-school-251811,3,https://247sports.com/player/dillion-williams-46102087/college-309802,
46098528,Christian Hamilton,WR,Hickory Ridge,Harrisburg,NC,86,2025,857,157,3,North Carolina,West Virginia,2023,90,WR,0.8975,361,51,https://247sports.com/player/christian-hamilton-46098528/high-school-247003,4,https://247sports.com/player/christian-hamilton-46098528/college-293472,
46134133,Aymeric Koumba,EDGE,Pionniers de Touraine,France,FRAN,86,2025,863,88,3,Michigan,UCF,2023,88,EDGE,0.87,845,81,https://247sports.com/player/aymeric-koumba-46134133/high-school-281701,3,https://247sports.com/player/aymeric-koumba-46134133/college-290187,
46055396,Quincy Brown,WR,Destrehan,Destrehan,LA,86,2025,861,158,3,Texas State,Florida Atlantic,2020,90,WR,0.9,312,51,https://247sports.com/player/quincy-brown-46055396/high-school-217376,4,https://247sports.com/player/quincy-brown-46055396/college-331933,
46083496,Mason Nelson,DL,Howell,Howell,MI,86,2025,862,96,3,Western Michigan,Vanderbilt,2020,77,DT,0.77,3597,237,https://247sports.com/player/mason-nelson-46083496/high-school-234072,2,https://247sports.com/player/mason-nelson-46083496/college-271739,
46134854,Corey Smith,WR,Brownsburg,Brownsburg,IN,86,2025,865,159,3,Tulsa,Purdue,2024,88,WR,0.8697,928,126,https://247sports.com/player/corey-smith-46134854/high-school-282964,3,https://247sports.com/player/corey-smith-46134854/college-318749,
46133710,Lorenzo Cowan,EDGE,Jenkins,Savannah,GA,86,2025,864,89,3,USC,Kentucky,2024,86,EDGE,0.8706,899,60,https://247sports.com/player/lorenzo-cowan-46133710/high-school-280983,3,https://247sports.com/player/lorenzo-cowan-46133710/college-312356,
46102204,Max Reese,TE,Fenwick,Oak Park,IL,86,2025,866,43,3,Eastern Michigan,Mississippi State,2022,85,WR,0.8456,1385,86,https://247sports.com/player/max-reese-46102204/high-school-251988,3,https://247sports.com/player/max-reese-46102204/college-336136,
46117014,CJ Hester,RB,Wyoming,Cincinnati,OH,86,2025,868,55,3,UMass,Michigan,2023,83,RB,0.8386,1702,113,https://247sports.com/player/cj-hester-46117014/high-school-267027,3,https://247sports.com/player/cj-hester-46117014/college-317753,
46134926,Jeremy Hecklinski,QB,Walton,Marietta,GA,86,2025,869,61,3,Wake Forest,Iowa,2024,89,QB,0.8803,646,40,https://247sports.com/player/jeremy-hecklinski-46134926/high-school-283102,3,https://247sports.com/player/jeremy-hecklinski-46134926/college-307654,
46113557,Chris Victor,EDGE,Terry Parker,Jacksonville,FL,86,2025,870,90,3,Chattanooga,California,2021,,EDGE,,,,https://247sports.com/player/chris-victor-46113557/high-school-261773,,https://247sports.com/player/chris-victor-46113557/college-335942,
46103351,Jayden McDonald,LB,Salem,Salem,VA,86,2025,871,51,3,Virginia Tech,UCF,2021,78,CB,0.8178,2057,180,https://247sports.com/player/jayden-mcdonald-46103351/high-school-254194,2,https://247sports.com/player/jayden-mcdonald-46103351/college-267301,
46127961,Jack Sadowsky V,LB,Batavia,Batavia,IL,86,2025,872,52,3,Iowa State,Northwestern,2023,88,LB,0.8558,1238,101,https://247sports.com/player/jack-sadowsky-v-46127961/high-school-272818,3,https://247sports.com/player/jack-sadowsky-v-46127961/college-292263,
46109999,Harrison Taggart,LB,Corner Canyon,Draper,UT,86,2025,875,53,3,Oregon,California,2022,90,LB,0.8943,377,36,https://247sports.com/player/harrison-taggart-46109999/high-school-258070,4,https://247sports.com/player/harrison-taggart-46109999/college-298754,
46133942,Tyler Scott,CB,Pebblebrook,Mableton,GA,86,2025,873,102,3,Auburn,Georgia State,2023,93,CB,0.9017,321,33,https://247sports.com/player/tyler-scott-46133942/high-school-281397,4,https://247sports.com/player/tyler-scott-46133942/college-298248,
46076705,Dillon Tatum,S,West Bloomfield,West Bloomfield,MI,86,2025,878,74,3,Michigan State,Northwestern,2022,90,ATH,0.9046,279,12,https://247sports.com/player/dillon-tatum-46076705/high-school-227269,4,https://247sports.com/player/dillon-tatum-46076705/college-275017,
46102466,Malik Ellis,TE,Laurel,Laurel,MS,86,2025,879,44,3,Mississippi State,Troy,2023,86,OT,0.8686,872,66,https://247sports.com/player/malik-ellis-46102466/high-school-252534,3,https://247sports.com/player/malik-ellis-46102466/college-291621,
46079778,AJ Vaipulu,IOL,Centennial,Corona,CA,86,2025,880,75,3,New Mexico State,Washington State,2022,84,IOL,,,,https://247sports.com/player/aj-vaipulu-46079778/high-school-229077,3,https://247sports.com/player/aj-vaipulu-46079778/college-288162,
46128232,Benjamin Hall,RB,North Cobb,Kennesaw,GA,86,2025,881,56,3,Michigan,North Carolina,2023,86,RB,0.8725,787,55,https://247sports.com/player/benjamin-hall-46128232/high-school-273287,3,https://247sports.com/player/benjamin-hall-46128232/college-290178,
46049747,Darrion Henry-Young,DL,Princeton,Cincinnati,OH,86,2025,882,97,3,Kentucky,Coastal Carolina,2020,88,DT,0.9321,154,16,https://247sports.com/player/darrion-henry-young-46049747/high-school-208458,3,https://247sports.com/player/darrion-henry-young-46049747/college-285460,
46131877,Josh Philostin,CB,Cardinal Newman,West Palm Beach,FL,86,2025,884,104,3,Indiana,Rhode Island,2024,89,CB,0.8869,526,48,https://247sports.com/player/josh-philostin-46131877/high-school-278064,3,https://247sports.com/player/josh-philostin-46131877/college-306978,
46116528,Chris Peal,CB,Providence Day School,Charlotte,NC,86,2025,885,105,3,Georgia,Syracuse,2023,92,RB,0.9308,173,21,https://247sports.com/player/chris-peal-46116528/high-school-266157,4,https://247sports.com/player/chris-peal-46116528/college-297443,
46129581,Brandon Jacob Jr.,S,Evans,Orlando,FL,86,2025,886,76,3,Maryland,UTSA,2024,90,S,0.9044,321,30,https://247sports.com/player/brandon-jacob-jr-46129581/high-school-275391,4,https://247sports.com/player/brandon-jacob-jr-46129581/college-332945,
46157750,Derek Ganter Jr.,S,Arcadia,Arcadia,CA,86,2025,887,77,3,Eastern Washington,Boise State,2023,,S,,,,https://247sports.com/player/derek-ganter-jr-46157750/high-school-336052,,https://247sports.com/player/derek-ganter-jr-46157750/college-336053,
46098830,Kellan Wyatt,EDGE,Archbishop Spalding,Severn,MD,86,2025,888,91,3,Maryland,Indiana,2022,87,LB,0.8589,1033,99,https://247sports.com/player/kellan-wyatt-46098830/high-school-247384,3,https://247sports.com/player/kellan-wyatt-46098830/college-285810,
46130645,Boden Groen,TE,Mater Dei,Santa Ana,CA,86,2025,889,45,3,Rice,Kansas,2022,,TE,,,,https://247sports.com/player/boden-groen-46130645/junior-college-276476,,https://247sports.com/player/boden-groen-46130645/college-286848,
46094970,George Wilson,EDGE,Green Run,Virginia Beach,VA,86,2025,890,92,3,Campbell,South Carolina,2021,92,EDGE,0.8934,366,24,https://247sports.com/player/george-wilson-46094970/high-school-243872,4,https://247sports.com/player/george-wilson-46094970/college-295731,
46127805,Joseph Mupoyi,EDGE,St. Thomas More,Oakdale,CT,86,2025,891,93,3,Penn State,North Carolina,2023,88,EDGE,0.895,389,40,https://247sports.com/player/joseph-mupoyi-46127805/high-school-272577,3,https://247sports.com/player/joseph-mupoyi-46127805/college-296828,
46135214,Kamrean Johnson,TE,Theodore,Theodore,AL,86,2025,892,46,3,Vanderbilt,Wake Forest,2023,87,TE,0.8353,1769,76,https://247sports.com/player/kamrean-johnson-46135214/high-school-283564,3,https://247sports.com/player/kamrean-johnson-46135214/college-297685,
46140144,Clinton Azubuike,OT,NFL Academy,Nigeria,NIGE,86,2025,893,70,3,Northern Arizona,Vanderbilt,2024,,ATH,,,,https://247sports.com/player/clinton-azubuike-46140144/high-school-293498,,https://247sports.com/player/clinton-azubuike-46140144/college-336322,
46133482,Jack Sammarco,TE,Anderson,Cincinnati,OH,86,2025,894,47,3,West Virginia,Alabama,2024,84,TE,0.8531,1501,76,https://247sports.com/player/jack-sammarco-46133482/high-school-280630,3,https://247sports.com/player/jack-sammarco-46133482/college-307080,
46133893,Johann Cardenas,RB,St. Thomas,Houston,TX,86,2025,895,57,3,Vanderbilt,Minnesota,2024,88,RB,0.8878,508,39,https://247sports.com/player/johann-cardenas-46133893/high-school-281343,3,https://247sports.com/player/johann-cardenas-46133893/college-315485,
87004,Jesus Machado,LB,Champagnat Catholic - Hialeah,Hialeah,FL,86,2025,896,54,3,Tulane,Houston,2020,84,OLB,0.8478,1278,86,https://247sports.com/player/jesus-machado-87004/high-school-243788,3,https://247sports.com/player/jesus-machado-87004/college-256037,
46100452,Darrian Lewis,S,St. Vincent-St. Mary,Akron,OH,86,2025,897,78,3,Akron,West Virginia,2021,76,S,0.7919,2554,210,https://247sports.com/player/darrian-lewis-46100452/high-school-249452,2,https://247sports.com/player/darrian-lewis-46100452/college-271187,
46131773,Michael Short,LB,Mallard Creek,Charlotte,NC,86,2025,899,55,3,North Carolina,Virginia Tech,2023,85,LB,0.8514,1358,115,https://247sports.com/player/michael-short-46131773/high-school-277945,3,https://247sports.com/player/michael-short-46131773/college-293467,
46114048,Zacharyus Williams,WR,Junipero Serra,Gardena,CA,86,2025,900,161,3,Utah,USC,2024,89,WR,0.8825,612,87,https://247sports.com/player/zacharyus-williams-46114048/high-school-285248,3,https://247sports.com/player/zacharyus-williams-46114048/college-319727,
46085490,Will O'Steen,OT,White Plains,Anniston,AL,86,2025,902,71,3,Jacksonville State,North Carolina,2020,74,WDE,0.74,3873,150,https://247sports.com/player/will-osteen-46085490/high-school-237200,2,https://247sports.com/player/will-osteen-46085490/college-336658,
46083947,Kechaun Bennett,DL,Suffield Academy,Suffield,CT,86,2025,903,98,3,Michigan,UCLA,2021,89,DL,0.8967,342,43,https://247sports.com/player/kechaun-bennett-46083947/high-school-234653,3,https://247sports.com/player/kechaun-bennett-46083947/college-270465,
46038116,Justin Flowe,LB,Upland,Upland,CA,86,2025,904,56,3,Oregon,UNLV,2020,99,ILB,0.9967,6,1,https://247sports.com/player/justin-flowe-46038116/high-school-188824,5,https://247sports.com/player/justin-flowe-46038116/college-294641,
46100985,Shamar Easter,TE,Ashdown,Ashdown,AR,86,2025,905,48,3,Arkansas,North Carolina,2023,92,TE,0.9302,175,10,https://247sports.com/player/shamar-easter-46100985/high-school-250137,4,https://247sports.com/player/shamar-easter-46100985/college-297358,
46125719,Zion Ferguson,CB,Gainesville,Gainesville,GA,86,2025,906,106,3,North Carolina,Pittsburgh,2024,87,CB,0.8933,443,39,https://247sports.com/player/zion-ferguson-46125719/high-school-290776,3,https://247sports.com/player/zion-ferguson-46125719/college-309589,
46128482,Brent Austin,CB,Cajon,San Bernardino,CA,86,2025,907,107,3,South Florida,California,2022,,CB,,,,https://247sports.com/player/brent-austin-46128482/high-school-273660,,https://247sports.com/player/brent-austin-46128482/college-310104,
46140076,Josh Aisosa,IOL,Santa Fe,Edmond,OK,86,2025,909,76,3,Oklahoma,West Virginia,2024,86,OT,0.8608,1199,96,https://247sports.com/player/josh-aisosa-46140076/high-school-293411,3,https://247sports.com/player/josh-aisosa-46140076/college-312121,
46115987,Zack Owens,IOL,Eagle's Landing Christian,McDonough,GA,86,2025,912,77,3,Clemson,Mississippi State,2023,93,OT,0.9136,251,20,https://247sports.com/player/zack-owens-46115987/high-school-265046,4,https://247sports.com/player/zack-owens-46115987/college-319500,
46158014,DeKalon Taylor,RB,Longview,Longview,TX,86,2025,915,58,3,Incarnate Word,Colorado,2022,,RB,,,,https://247sports.com/player/dekalon-taylor-46158014/high-school-336699,,https://247sports.com/player/dekalon-taylor-46158014/college-336700,
46158026,Daniel Rickert,EDGE,Nolensville,Nolensville,TN,86,2025,916,94,3,Tennessee Tech,Virginia,2020,,EDGE,,,,https://247sports.com/player/daniel-rickert-46158026/high-school-336734,,https://247sports.com/player/daniel-rickert-46158026/college-336735,
46051780,Davis Heinzen,IOL,Lincoln,Manitowoc,WI,86,2025,917,79,3,Central Michigan,Wisconsin,2020,80,TE,0.8222,2095,105,https://247sports.com/player/davis-heinzen-46051780/high-school-211874,3,https://247sports.com/player/davis-heinzen-46051780/college-271436,
46113741,Dermaricus Davis,QB,Etiwanda,Rancho Cucamonga,CA,86,2025,919,62,3,UCLA,Hawaii,2024,90,QB,0.9092,279,17,https://247sports.com/player/dermaricus-davis-46113741/high-school-262087,4,https://247sports.com/player/dermaricus-davis-46113741/college-318382,
46084184,Brandon Smiley,DL,Riverside,Durham,NC,86,2025,920,100,3,Western Carolina,Wake Forest,2021,,DL,,,,https://247sports.com/player/brandon-smiley-46084184/high-school-234921,,https://247sports.com/player/brandon-smiley-46084184/college-336428,
46047722,Mohamed Toure,LB,Pleasantville,Pleasantville,NJ,86,2025,921,57,3,Rutgers,Miami,2019,87,ILB,0.8567,1024,44,https://247sports.com/player/mohamed-toure-46047722/high-school-202385,3,https://247sports.com/player/mohamed-toure-46047722/college-232512,
46094933,Hunter Barth,LB,Queen Creek,Queen Creek,AZ,86,2025,922,58,3,California,Stanford,2021,87,S,0.8663,756,60,https://247sports.com/player/hunter-barth-46094933/high-school-243815,3,https://247sports.com/player/hunter-barth-46094933/college-266969,
46138807,Justin Terry,OT,Pickerington Central,Pickerington,OH,86,2025,925,73,3,West Virginia,Ohio State,2024,86,OT,0.8392,2011,154,https://247sports.com/player/justin-terry-46138807/high-school-291501,3,https://247sports.com/player/justin-terry-46138807/college-316471,
46127631,Joseph Jefferson II,S,Pike,Indianapolis,IN,86,2025,927,82,3,Purdue,Western Michigan,2022,90,S,0.8719,735,61,https://247sports.com/player/joseph-jefferson-ii-46127631/high-school-272320,4,https://247sports.com/player/joseph-jefferson-ii-46127631/college-334187,
46144707,Anthony Pinnace III,CB,Huron,Ann Arbor,MI,86,2025,928,108,3,UTSA,Michigan State,2025,,CB,,,,https://247sports.com/player/anthony-pinnace-iii-46144707/junior-college-325681,,https://247sports.com/player/anthony-pinnace-iii-46144707/college-334549,
46093923,Enock Sibomana,S,Fargo South,Fargo,ND,86,2025,929,83,3,North Dakota State,Wyoming,2021,,ATH,,,,https://247sports.com/player/enock-sibomana-46093923/high-school-242277,,https://247sports.com/player/enock-sibomana-46093923/college-335971,
46085984,Keveion'ta Spears,DL,McKinley,Baton Rouge,LA,86,2025,930,101,3,Louisiana Tech,SMU,2020,85,SDE,0.8404,1514,80,https://247sports.com/player/keveionta-spears-46085984/high-school-238192,3,https://247sports.com/player/keveionta-spears-46085984/college-336811,
46125660,Amir Leonard-Jean Charles,DL,Lipscomb Academy,Nashville,TN,86,2025,931,102,3,West Virginia,Southern Miss,2025,89,DL,0.8703,936,105,https://247sports.com/player/amir-leonard-jean-charles-46125660/high-school-271577,3,https://247sports.com/player/amir-leonard-jean-charles-46125660/college-328750,
46086065,Jacob Stewart,TE,Ravenwood,Brentwood,TN,86,2025,936,49,3,San Jose State,Louisville,2024,,TE,,,,https://247sports.com/player/jacob-stewart-46086065/junior-college-305844,,https://247sports.com/player/jacob-stewart-46086065/college-310970,
46057224,Aakil Washington,EDGE,Wheeler,Marietta,GA,86,2025,937,95,3,South Alabama,SMU,2020,78,SDE,0.8081,2640,131,https://247sports.com/player/aakil-washington-46057224/high-school-220255,2,https://247sports.com/player/aakil-washington-46057224/college-312827,
46098036,Trevor Woods,S,Katy Taylor,Katy,TX,86,2025,938,84,3,Colorado,Jacksonville State,2021,85,S,0.8574,992,78,https://247sports.com/player/trevor-woods-46098036/high-school-246190,3,https://247sports.com/player/trevor-woods-46098036/college-269389,
46050074,Jakai Moore,IOL,Patriot,Nokesville,VA,86,2025,940,81,3,South Carolina,North Carolina,2019,90,OG,0.8852,498,29,https://247sports.com/player/jakai-moore-46050074/high-school-209421,4,https://247sports.com/player/jakai-moore-46050074/college-236614,
46099847,Anthony Jones,EDGE,Liberty,Las Vegas,NV,86,2025,941,96,3,Michigan State,UCLA,2022,88,ATH,0.877,622,40,https://247sports.com/player/anthony-jones-46099847/high-school-248644,3,https://247sports.com/player/anthony-jones-46099847/college-321476,
46156519,Cody Sigler,DL,New Hope,New Hope,AL,86,2025,942,104,3,West Alabama,Arkansas State,2022,,DL,,,,https://247sports.com/player/cody-sigler-46156519/high-school-331542,,https://247sports.com/player/cody-sigler-46156519/college-331543,
46058743,Adonis Friloux,DL,Hahnville,Boutte,LA,86,2025,943,105,3,Tulane,Baylor,2020,84,DT,0.8489,1253,95,https://247sports.com/player/adonis-friloux-46058743/high-school-225205,3,https://247sports.com/player/adonis-friloux-46058743/college-256029,
46084297,Bryce Duke,RB,Tuscarora,Leesburg,VA,86,2025,944,60,3,Old Dominion,Utah,2022,87,RB,0.8589,1033,78,https://247sports.com/player/bryce-duke-46084297/high-school-235306,3,https://247sports.com/player/bryce-duke-46084297/college-310736,
46136209,Ja'Maric Morris,CB,Timmonsville,Timmonsville,SC,86,2025,945,110,3,UCF,Virginia,2023,,CB,,,,https://247sports.com/player/jamaric-morris-46136209/junior-college-286115,,https://247sports.com/player/jamaric-morris-46136209/college-316051,
46142883,Evan Haynes,WR,Fellowship Christian School,Roswell,GA,86,2025,946,166,3,North Carolina,Georgia Tech,2025,86,WR,0.8694,975,146,https://247sports.com/player/evan-haynes-46142883/high-school-298919,3,https://247sports.com/player/evan-haynes-46142883/college-331524,
46109917,Justin Cesaire,OT,Orange,Orange,NJ,86,2025,948,74,3,New Haven (NA),Rutgers,2021,,OT,,,,https://247sports.com/player/justin-cesaire-46109917/high-school-257941,,https://247sports.com/player/justin-cesaire-46109917/college-337855,
46117467,Elias Rudolph,EDGE,Taft,Cincinnati,OH,86,2025,949,97,3,Miami,UNLV,2024,90,EDGE,0.8999,364,29,https://247sports.com/player/elias-rudolph-46117467/high-school-302494,4,https://247sports.com/player/elias-rudolph-46117467/college-317009,
46160297,Noah Jennings,WR,Westwood,Blythewood,SC,86,2025,951,168,3,Charleston Southern,Cincinnati,2023,,WR,,,,https://247sports.com/player/noah-jennings-46160297/high-school-340338,,https://247sports.com/player/noah-jennings-46160297/college-340339,
46117070,Brendan Bett,DL,Ellison,Killeen,TX,86,2025,952,107,3,Baylor,Florida,2023,86,DL,0.8669,911,101,https://247sports.com/player/brendan-bett-46117070/high-school-267150,3,https://247sports.com/player/brendan-bett-46117070/college-297761,
46080011,Xavior Gray,OT,Jackson,Massillon,OH,85,2025,953,75,3,Liberty,Northwestern,2019,,OT,,,,https://247sports.com/player/xavior-gray-46080011/high-school-229379,,https://247sports.com/player/xavior-gray-46080011/college-320646,
46057057,Leshon Williams,RB,H.L. Richards,Oak Lawn,IL,85,2025,954,61,3,Iowa,Kansas,2020,86,RB,0.8719,647,47,https://247sports.com/player/leshon-williams-46057057/high-school-219950,3,https://247sports.com/player/leshon-williams-46057057/college-252838,
46097281,Jaquaize Pettaway,WR,Langham Creek,Houston,TX,85,2025,956,169,3,Oklahoma,East Carolina,2023,96,WR,0.9594,81,15,https://247sports.com/player/jaquaize-pettaway-46097281/high-school-245190,4,https://247sports.com/player/jaquaize-pettaway-46097281/college-300805,
46085793,Mak Pounders,IOL,Byhalia,Byhalia,MS,85,2025,960,82,3,Mississippi State,Louisville,2021,86,IOL,0.8556,1031,66,https://247sports.com/player/mak-pounders-46085793/high-school-237833,3,https://247sports.com/player/mak-pounders-46085793/college-321451,
46153736,Tyriq Poindexter,IOL,William Fleming,Roanoke,VA,85,2025,961,83,3,Virginia Military Institute,Appalachian State,2021,,OT,,,,https://247sports.com/player/tyriq-poindexter-46153736/high-school-325026,,https://247sports.com/player/tyriq-poindexter-46153736/college-325027,
46113309,CJ Heard,S,Woodward Academy,Atlanta,GA,85,2025,962,85,3,Florida Atlantic,Vanderbilt,2024,87,S,0.8778,705,68,https://247sports.com/player/cj-heard-46113309/high-school-261405,3,https://247sports.com/player/cj-heard-46113309/college-318762,
46154097,Lavaka Taukeiaho,IOL,Bingham,South Jordan,UT,85,2025,964,84,3,Weber State,Oklahoma State,2021,,IOL,,,,https://247sports.com/player/lavaka-taukeiaho-46154097/high-school-325932,,https://247sports.com/player/lavaka-taukeiaho-46154097/college-325933,
46081353,Jason Brooks Jr.,IOL,Dobie,Houston,TX,85,2025,965,85,3,Vanderbilt,Houston,2020,85,OG,0.8522,1131,69,https://247sports.com/player/jason-brooks-jr-46081353/high-school-231300,3,https://247sports.com/player/jason-brooks-jr-46081353/college-283728,
46098867,Nick Sharpe,IOL,Hunter Huss,Gastonia,NC,85,2025,966,86,3,Wake Forest,South Carolina,2021,83,IOL,0.8359,1581,179,https://247sports.com/player/nick-sharpe-46098867/high-school-247421,3,https://247sports.com/player/nick-sharpe-46098867/college-262130,
46134036,Brady Norton,IOL,Mission Viejo,Mission Viejo,CA,85,2025,967,87,3,Cal Poly,Michigan,2023,80,OT,,,,https://247sports.com/player/brady-norton-46134036/high-school-281558,3,https://247sports.com/player/brady-norton-46134036/college-324650,
46059461,Austin Gentle,IOL,McCallie School,Chattanooga,TN,85,2025,968,88,3,Harvard,Memphis,2021,88,IOL,0.8689,702,45,https://247sports.com/player/austin-gentle-46059461/high-school-226624,3,https://247sports.com/player/austin-gentle-46059461/college-324944,
46118504,Tayvion Galloway,TE,Pickerington Central,Pickerington,OH,85,2025,970,52,3,Purdue,Middle Tennessee,2024,89,TE,0.8942,428,26,https://247sports.com/player/tayvion-galloway-46118504/high-school-270030,3,https://247sports.com/player/tayvion-galloway-46118504/college-311314,
46113864,Alex Mitchell,LB,Riverdale,Murfreesboro,TN,85,2025,972,59,3,Chattanooga,Middle Tennessee,2022,,LB,,,,https://247sports.com/player/alex-mitchell-46113864/high-school-262346,,https://247sports.com/player/alex-mitchell-46113864/college-325159,
46082240,Nahji Logan,LB,Hatboro-Horsham,Horsham,PA,85,2025,973,60,3,UMass,Nevada,2020,79,OLB,0.815,2352,154,https://247sports.com/player/nahji-logan-46082240/high-school-232394,2,https://247sports.com/player/nahji-logan-46082240/college-315359,
46100214,Mikey Keene,QB,Chandler,Chandler,AZ,85,2025,975,66,3,UCF,Michigan,2021,85,QB,0.8641,819,57,https://247sports.com/player/mikey-keene-46100214/high-school-249093,3,https://247sports.com/player/mikey-keene-46100214/college-297862,
46103756,Conner Harrell,QB,Thompson,Alabaster,AL,85,2025,976,67,3,North Carolina,Charlotte,2022,87,QB,0.8685,796,45,https://247sports.com/player/conner-harrell-46103756/high-school-254949,3,https://247sports.com/player/conner-harrell-46103756/college-275154,
46109353,Nate Johnson,ATH,Clovis,Clovis,CA,85,2025,977,1,3,Vanderbilt,Utah,2022,89,QB,0.9124,239,16,https://247sports.com/player/nate-johnson-46109353/high-school-257411,3,https://247sports.com/player/nate-johnson-46109353/college-307123,
46133305,CJ Blocker,CB,New Caney,New Caney,TX,85,2025,978,111,3,Utah,Colorado State,2023,94,CB,0.9142,248,29,https://247sports.com/player/cj-blocker-46133305/high-school-280125,4,https://247sports.com/player/cj-blocker-46133305/college-297448,
46130713,Hank Brown,QB,Lipscomb Academy,Nashville,TN,85,2025,981,68,3,Auburn,Iowa,2023,85,QB,0.8489,1447,71,https://247sports.com/player/hank-brown-46130713/high-school-276586,3,https://247sports.com/player/hank-brown-46130713/college-298253,
46129614,Naeer Jackson,OT,Killian,Miami,FL,85,2025,984,77,3,FIU,Louisville,2022,77,OT,0.7922,2157,228,https://247sports.com/player/naeer-jackson-46129614/high-school-275452,2,https://247sports.com/player/naeer-jackson-46129614/college-286542,
46116254,Nevaeh Sanders,EDGE,Flint Powers Catholic,Flint,MI,85,2025,985,99,3,Northern Illinois,Mississippi State,2023,,EDGE,,,,https://247sports.com/player/nevaeh-sanders-46116254/junior-college-265782,,https://247sports.com/player/nevaeh-sanders-46116254/college-325962,
46114443,Bryan McCoy Jr.,LB,Joliet West,Joliet,IL,85,2025,986,61,3,Akron,Oklahoma State,2022,78,LB,0.7844,2190,219,https://247sports.com/player/bryan-mccoy-jr-46114443/high-school-263010,2,https://247sports.com/player/bryan-mccoy-jr-46114443/college-287625,
46094083,Luka Vincic,IOL,Bothell,Bothell,WA,85,2025,988,89,3,Oregon State,Michigan State,2022,88,OT,0.8667,846,72,https://247sports.com/player/luka-vincic-46094083/high-school-242565,3,https://247sports.com/player/luka-vincic-46094083/college-285781,
46098576,Jordan Allen,S,Lafayette Christian Academy,Lafayette,LA,85,2025,989,87,3,LSU,Houston,2022,89,S,0.8893,434,38,https://247sports.com/player/jordan-allen-46098576/high-school-247059,3,https://247sports.com/player/jordan-allen-46098576/college-283226,
46131290,Ansel Din-Mbuh,DL,Aledo,Aledo,TX,85,2025,990,109,3,Washington State,TCU,2023,85,DL,0.8319,1831,201,https://247sports.com/player/ansel-din-mbuh-46131290/high-school-277312,3,https://247sports.com/player/ansel-din-mbuh-46131290/college-294246,
46099420,Cannon Butler,EDGE,Columbus,Waterloo,IA,85,2025,987,100,3,Northern Iowa,Iowa State,2020,,SDE,,,,https://247sports.com/player/cannon-butler-46099420/high-school-248030,,https://247sports.com/player/cannon-butler-46099420/college-326007,
46108949,CJ Mims,DL,West Craven,Vanceboro,NC,85,2025,991,110,3,East Carolina,North Carolina,2022,81,DL,0.8344,1631,193,https://247sports.com/player/cj-mims-46108949/high-school-256632,3,https://247sports.com/player/cj-mims-46108949/college-275124,
46081198,McKenzie Agnello,OT,Copperas Cove,Copperas Cove,TX,85,2025,992,78,3,New Mexico,Houston,2021,,OT,,,,https://247sports.com/player/mckenzie-agnello-46081198/high-school-231103,,https://247sports.com/player/mckenzie-agnello-46081198/college-309552,
46053643,Wesley Bailey,EDGE,Clearwater Academy International,Orleans,ON,85,2025,993,101,3,Rutgers,Louisville,2020,85,WDE,0.8552,1063,53,https://247sports.com/player/wesley-bailey-46053643/high-school-214490,3,https://247sports.com/player/wesley-bailey-46053643/college-247956,
46113640,Don Saunders,CB,Cathedral Catholic,San Diego,CA,85,2025,994,113,3,Texas A&amp;M,Utah,2022,84,S,,,,https://247sports.com/player/don-saunders-46113640/high-school-261933,3,https://247sports.com/player/don-saunders-46113640/college-308129,
46097120,Alvin Ebosele,OT,Coppell,Coppell,TX,85,2025,995,79,3,Baylor,Houston,2022,89,OT,0.8611,964,87,https://247sports.com/player/alvin-ebosele-46097120/high-school-244993,3,https://247sports.com/player/alvin-ebosele-46097120/college-281975,
46153998,Hosea Wheeler,DL,Franklin,Elk Grove,CA,85,2025,996,111,3,Western Kentucky,Indiana,2022,,DL,,,,https://247sports.com/player/hosea-wheeler-46153998/junior-college-325621,,https://247sports.com/player/hosea-wheeler-46153998/college-325622,
46101644,Cam Pickett,WR,Brooks College Prep,Chicago,IL,85,2025,997,172,3,Ball State,Kansas,2022,84,WR,0.8256,1807,226,https://247sports.com/player/cam-pickett-46101644/high-school-251262,3,https://247sports.com/player/cam-pickett-46101644/college-287646,
46057018,Nate Yarnell,QB,Lake Travis,Austin,TX,85,2025,998,69,3,Pittsburgh,Texas State,2021,86,QB,0.8556,1031,73,https://247sports.com/player/nate-yarnell-46057018/high-school-219868,3,https://247sports.com/player/nate-yarnell-46057018/college-266888,
46085575,Kai Horton,QB,Carthage,Carthage,TX,85,2025,999,70,3,Tulane,Washington,2021,86,QB,0.8467,1284,82,https://247sports.com/player/kai-horton-46085575/high-school-237378,3,https://247sports.com/player/kai-horton-46085575/college-270682,
46101552,JJ Kohl,QB,Ankeny,Ankeny,IA,85,2025,1001,72,3,Iowa State,Appalachian State,2023,90,QB,0.9435,128,11,https://247sports.com/player/jj-kohl-46101552/high-school-251161,4,https://247sports.com/player/jj-kohl-46101552/college-292217,
46093750,Braedyn Locke,QB,Rockwall,Rockwall,TX,85,2025,1002,73,3,Wisconsin,Arizona,2022,88,QB,0.8935,383,22,https://247sports.com/player/braedyn-locke-46093750/high-school-241995,3,https://247sports.com/player/braedyn-locke-46093750/college-295617,
46043143,Robby Ashford,QB,Hoover,Hoover,AL,85,2025,1004,75,3,South Carolina,Wake Forest,2020,88,DUAL,0.9006,306,13,https://247sports.com/player/robby-ashford-46043143/high-school-195786,3,https://247sports.com/player/robby-ashford-46043143/college-311425,
46113857,E.J. Warner,QB,Brophy College Preparatory,Phoenix,AZ,85,2025,1005,76,3,Rice,Fresno State,2022,80,QB,0.8281,1750,117,https://247sports.com/player/ej-warner-46113857/high-school-262338,3,https://247sports.com/player/ej-warner-46113857/college-312442,
46040985,TJ Finley,QB,Ponchatoula,Ponchatoula,LA,85,2025,1006,77,3,Georgia State,Tulane,2020,87,PRO,0.8826,486,19,https://247sports.com/player/tj-finley-46040985/high-school-203138,3,https://247sports.com/player/tj-finley-46040985/college-333562,
46081839,Kadin Semonza,QB,Mission Viejo,Mission Viejo,CA,85,2025,1007,78,3,Ball State,Tulane,2023,86,QB,0.8364,1756,92,https://247sports.com/player/kadin-semonza-46081839/high-school-231910,3,https://247sports.com/player/kadin-semonza-46081839/college-320801,
46137689,Kam Shanks,WR,Prattville,Prattville,AL,85,2025,1008,173,3,UAB,Arkansas,2023,,WR,,,,https://247sports.com/player/kam-shanks-46137689/high-school-289322,,https://247sports.com/player/kam-shanks-46137689/college-320620,
46154037,Matthew Traynor,S,George Walton Academy,Monroe,GA,85,2025,1009,88,3,Richmond,Wisconsin,2023,,S,,,,https://247sports.com/player/matthew-traynor-46154037/high-school-325745,,https://247sports.com/player/matthew-traynor-46154037/college-325746,
46059156,Jay'Vion Cole,CB,McClymonds,Oakland,CA,85,2025,1010,114,3,Texas,Arizona,2022,77,ATH,,,,https://247sports.com/player/jayvion-cole-46059156/high-school-226021,2,https://247sports.com/player/jayvion-cole-46059156/college-321455,
46051290,Logan Fife,QB,Tracy,Tracy,CA,85,2025,1011,79,3,Montana,New Mexico State,2020,81,DUAL,0.7883,3345,84,https://247sports.com/player/logan-fife-46051290/high-school-211187,3,https://247sports.com/player/logan-fife-46051290/college-325952,
46154056,Chuck Nnaeto,DL,Delbarton School,Morristown,NJ,85,2025,1012,112,3,Elon,Boston College,2022,,DL,,,,https://247sports.com/player/chuck-nnaeto-46154056/high-school-325813,,https://247sports.com/player/chuck-nnaeto-46154056/college-325814,
46101177,Laterrance Welch,CB,Acadiana,Lafayette,LA,85,2025,1013,115,3,LSU,UNLV,2022,93,CB,0.9503,127,16,https://247sports.com/player/laterrance-welch-46101177/high-school-250400,4,https://247sports.com/player/laterrance-welch-46101177/college-312310,
46113340,Joseph Sipp Jr.,LB,Hillsborough,Tampa,FL,85,2025,1016,62,3,Bowling Green,Kansas,2022,81,LB,0.8196,1900,195,https://247sports.com/player/joseph-sipp-jr-46113340/high-school-261490,3,https://247sports.com/player/joseph-sipp-jr-46113340/college-325296,
46154154,Nolan Latulippe,OT,Canada,Canada,CANA,85,2025,1017,80,3,Albany,Cincinnati,2023,,OT,,,,https://247sports.com/player/nolan-latulippe-46154154/high-school-326124,,https://247sports.com/player/nolan-latulippe-46154154/college-326127,
46134253,Brock Stukes,IOL,Oscar Smith,Chesapeake,VA,85,2025,1020,90,3,North Carolina A&amp;T,NC State,2023,,DL,,,,https://247sports.com/player/brock-stukes-46134253/high-school-281949,,https://247sports.com/player/brock-stukes-46134253/college-326178,
46154079,Jeff Caldwell,WR,Butler Traditional,Louisville,KY,85,2025,1021,175,3,Lindenwood,Cincinnati,2021,,WR,,,,https://247sports.com/player/jeff-caldwell-46154079/high-school-325872,,https://247sports.com/player/jeff-caldwell-46154079/college-325873,
46102062,Jshawn Frausto-Ramos,S,St. John Bosco,Bellflower,CA,85,2025,1022,89,3,Stanford,Arizona,2023,90,CB,0.8925,417,43,https://247sports.com/player/jshawn-frausto-ramos-46102062/high-school-266918,4,https://247sports.com/player/jshawn-frausto-ramos-46102062/college-300692,
46055932,Jayden Ballard,WR,Washington,Massillon,OH,85,2025,1024,176,3,Ohio State,Wisconsin,2021,96,WR,0.958,99,15,https://247sports.com/player/jayden-ballard-46055932/high-school-218027,4,https://247sports.com/player/jayden-ballard-46055932/college-266933,
46129205,Connor Cox,TE,The Bolles School,Jacksonville,FL,85,2025,1025,53,3,South Carolina,North Carolina,2023,88,TE,0.8753,717,33,https://247sports.com/player/connor-cox-46129205/high-school-274668,3,https://247sports.com/player/connor-cox-46129205/college-290573,
46049005,Mitch Griffis,QB,Broad Run,Ashburn,VA,85,2025,1026,80,3,Wake Forest,Texas Tech,2020,87,DUAL,0.8752,600,22,https://247sports.com/player/mitch-griffis-46049005/high-school-206974,3,https://247sports.com/player/mitch-griffis-46049005/college-248140,
46084000,Riley Nowakowski,TE,Marquette University,Milwaukee,WI,85,2025,1027,54,3,Wisconsin,Indiana,2020,,OLB,,,,https://247sports.com/player/riley-nowakowski-46084000/high-school-234726,,https://247sports.com/player/riley-nowakowski-46084000/college-257348,
46113285,Aaron Bryant,DL,Southaven,Southaven,MS,85,2025,1028,113,3,Texas,Vanderbilt,2022,90,DL,0.8926,391,52,https://247sports.com/player/aaron-bryant-46113285/high-school-261358,4,https://247sports.com/player/aaron-bryant-46113285/college-276240,
46079370,Julian Armella,IOL,St. Thomas Aquinas,Miami,FL,85,2025,1029,92,3,Florida State,UCLA,2022,90,OT,0.9395,152,8,https://247sports.com/player/julian-armella-46079370/high-school-266431,4,https://247sports.com/player/julian-armella-46079370/college-282705,
46113194,Chance Fitzgerald,WR,Nolensville,Nolensville,TN,85,2025,1030,177,3,Virginia Tech,Vanderbilt,2023,90,WR,0.8908,441,60,https://247sports.com/player/chance-fitzgerald-46113194/high-school-261203,4,https://247sports.com/player/chance-fitzgerald-46113194/college-297122,
46128989,Kole Wilson,WR,Paetow,Katy,TX,85,2025,1031,178,3,Incarnate Word,Baylor,2022,,WR,,,,https://247sports.com/player/kole-wilson-46128989/high-school-274376,,https://247sports.com/player/kole-wilson-46128989/college-300118,
46146754,Jesse Ramil,OT,Binghamton,Binghamton,NY,85,2025,1032,81,3,Mississippi State,Charlotte,2021,,OT,,,,https://247sports.com/player/jesse-ramil-46146754/high-school-308084,,https://247sports.com/player/jesse-ramil-46146754/college-332651,
46141608,Kalolo Ta'aga,OT,Archbishop Riordan,East Palo Alto,CA,85,2025,1034,83,3,USC,Utah,2024,88,OT,0.8731,826,59,https://247sports.com/player/kalolo-taaga-46141608/high-school-296555,3,https://247sports.com/player/kalolo-taaga-46141608/college-312353,
46129386,Doug Blue-Eli,DL,Paulsboro,Paulsboro,NJ,85,2025,1036,114,3,TCU,Rutgers,2022,,DL,,,,https://247sports.com/player/doug-blue-eli-46129386/junior-college-274975,,https://247sports.com/player/doug-blue-eli-46129386/college-303294,
46153933,Sam Phillips,WR,Cartersville,Cartersville,GA,85,2025,1037,179,3,Chattanooga,Iowa,2021,,WR,,,,https://247sports.com/player/sam-phillips-46153933/high-school-325471,,https://247sports.com/player/sam-phillips-46153933/college-325472,
46113305,Zakye Barker,LB,Norcross,Norcross,GA,85,2025,1038,64,3,East Carolina,SMU,2022,79,LB,0.8159,1941,197,https://247sports.com/player/zakye-barker-46113305/high-school-261388,2,https://247sports.com/player/zakye-barker-46113305/college-275118,
46085620,Christian Ellis,S,Ed White,Jacksonville,FL,85,2025,1039,90,3,New Mexico,Virginia Tech,2022,84,S,0.8444,1414,111,https://247sports.com/player/christian-ellis-46085620/high-school-269161,3,https://247sports.com/player/christian-ellis-46085620/college-287991,
46084026,Chris Thomas,DL,Dunbar,Fort Myers,FL,85,2025,1040,115,3,Marshall,Syracuse,2021,88,DL,0.8859,441,54,https://247sports.com/player/chris-thomas-46084026/high-school-239349,3,https://247sports.com/player/chris-thomas-46084026/college-301411,
46056981,Gaard Memmelaar,IOL,Middleton,Middleton,ID,85,2025,1043,93,3,Washington,UCF,2020,87,OG,0.8804,515,29,https://247sports.com/player/gaard-memmelaar-46056981/high-school-219829,3,https://247sports.com/player/gaard-memmelaar-46056981/college-247064,
46116502,Jaden Yates,LB,Gahanna Lincoln,Columbus,OH,85,2025,1046,65,3,Marshall,Ole Miss,2023,83,LB,0.8458,1547,134,https://247sports.com/player/jaden-yates-46116502/high-school-266124,3,https://247sports.com/player/jaden-yates-46116502/college-320492,
46154238,Jordan Washington,CB,JSerra Catholic,San Juan Capistrano,CA,85,2025,1047,118,3,Dartmouth,Stanford,2021,,CB,,,,https://247sports.com/player/jordan-washington-46154238/high-school-326308,,https://247sports.com/player/jordan-washington-46154238/college-326309,
46077150,JK Johnson,CB,De Smet Jesuit,St. Louis,MO,85,2025,1049,119,3,Ohio State,Oklahoma State,2021,95,CB,0.9745,50,3,https://247sports.com/player/jk-johnson-46077150/high-school-227799,4,https://247sports.com/player/jk-johnson-46077150/college-293687,
46154186,Onye Nwosisi,EDGE,Cardinal Ritter,Indianapolis,IN,85,2025,1050,103,3,Muskingum (NA),Boston College,2022,,EDGE,,,,https://247sports.com/player/onye-nwosisi-46154186/high-school-326187,,https://247sports.com/player/onye-nwosisi-46154186/college-326189,
46154147,Rodney Johnson,CB,Edna Karr,New Orleans,LA,85,2025,1051,120,3,Stephen F. Austin,Louisville,2020,,S,,,,https://247sports.com/player/rodney-johnson-46154147/high-school-326108,,https://247sports.com/player/rodney-johnson-46154147/college-326109,
46098806,J.T. Byrne,TE,Carmel,Carmel,CA,85,2025,1052,55,3,Oregon State,Georgia Tech,2021,86,TE,0.8459,1317,67,https://247sports.com/player/jt-byrne-46098806/high-school-247343,3,https://247sports.com/player/jt-byrne-46098806/college-296599,
46059285,Gage Keys,DL,Hilliard Davidson,Hilliard,OH,85,2025,1053,117,3,Auburn,Kansas,2020,87,SDE,0.8641,836,38,https://247sports.com/player/gage-keys-46059285/high-school-226264,3,https://247sports.com/player/gage-keys-46059285/college-307552,
46100841,Cam Fancher,QB,Wayne,Dayton,OH,85,2025,1054,81,3,Marshall,UCF,2021,82,QB,0.8281,1798,117,https://247sports.com/player/cam-fancher-46100841/high-school-249937,3,https://247sports.com/player/cam-fancher-46100841/college-310081,
46085451,Aaron Williams,CB,St. John Bosco,Bellflower,CA,85,2025,1056,121,3,Louisville,UCLA,2023,92,CB,0.9265,189,23,https://247sports.com/player/aaron-williams-46085451/high-school-282011,4,https://247sports.com/player/aaron-williams-46085451/college-299026,
46115955,Amos Talalele,IOL,Santa Clara,Santa Clara,CA,85,2025,1058,94,3,USC,Kansas State,2023,89,IOL,0.8886,469,40,https://247sports.com/player/amos-talalele-46115955/high-school-265009,3,https://247sports.com/player/amos-talalele-46115955/college-298730,
46154232,Colton Hinton,WR,Stone Bridge,Ashburn,VA,85,2025,1248,213,3,Furman,Coastal Carolina,2023,,WR,,,,https://247sports.com/player/colton-hinton-46154232/high-school-326297,,https://247sports.com/player/colton-hinton-46154232/college-326298,
46156026,Tyler McDuffie,OT,George Washington,Danville,VA,85,2025,1278,100,3,Hampton,Marshall,2021,,IOL,,,,https://247sports.com/player/tyler-mcduffie-46156026/high-school-330365,,https://247sports.com/player/tyler-mcduffie-46156026/college-330366,
46093887,Nathan Mejia,IOL,Cathedral,Los Angeles,CA,85,2025,1272,109,3,Sacramento State,Stanford,2021,81,IOL,0.7883,2590,174,https://247sports.com/player/nathan-mejia-46093887/high-school-242227,3,https://247sports.com/player/nathan-mejia-46093887/college-329928,
46155932,Dylan Gary,WR,North Gwinnett,Suwanee,GA,85,2025,1273,223,3,Kentucky,Georgia Southern,2022,,WR,,,,https://247sports.com/player/dylan-gary-46155932/high-school-330090,,https://247sports.com/player/dylan-gary-46155932/college-330093,
46136709,Cale Breslin,RB,Faith Lutheran,Las Vegas,NV,85,2025,1308,91,3,BYU,Montana State,2025,86,RB,0.855,1560,125,https://247sports.com/player/cale-breslin-46136709/high-school-287192,3,https://247sports.com/player/cale-breslin-46136709/college-329867,
46131585,Zah Jackson,CB,Huntington,Huntington,WV,85,2025,1307,149,3,West Virginia,Marshall,2025,87,CB,0.8533,1629,146,https://247sports.com/player/zah-jackson-46131585/high-school-277709,3,https://247sports.com/player/zah-jackson-46131585/college-328741,
46157700,Ashaad Hall,EDGE,Gibbs,St. Petersburg,FL,85,2025,1309,126,3,South Carolina State,UTEP,2021,,EDGE,,,,https://247sports.com/player/ashaad-hall-46157700/high-school-335969,,https://247sports.com/player/ashaad-hall-46157700/college-335970,
46099884,Kojo Antwi,WR,Lambert,Suwanee,GA,85,2025,1244,209,3,Ohio State,Colorado State,2022,94,WR,0.94,151,26,https://247sports.com/player/kojo-antwi-46099884/high-school-248700,4,https://247sports.com/player/kojo-antwi-46099884/college-285771,
46113614,Bralen Henderson,DL,Central Catholic,Pittsburgh,PA,85,2025,1310,133,3,Ohio,Missouri,2021,81,DL,,,,https://247sports.com/player/bralen-henderson-46113614/high-school-261900,3,https://247sports.com/player/bralen-henderson-46113614/college-271681,
46128231,Isaiah Augustave,RB,Naples,Naples,FL,85,2025,1311,92,3,Colorado,South Carolina,2023,92,RB,0.9015,323,19,https://247sports.com/player/isaiah-augustave-46128231/high-school-273286,4,https://247sports.com/player/isaiah-augustave-46128231/college-319491,
46083504,Quaron Adams,WR,Chandler,Chandler,AZ,85,2025,1312,227,3,South Dakota,California,2022,86,RB,0.8674,826,64,https://247sports.com/player/quaron-adams-46083504/high-school-234080,3,https://247sports.com/player/quaron-adams-46083504/college-336179,
46077000,LJ Johnson Jr.,RB,Cy-Fair,Cypress,TX,85,2025,1314,93,3,SMU,California,2021,96,RB,0.9779,46,5,https://247sports.com/player/lj-johnson-jr-46077000/high-school-227623,4,https://247sports.com/player/lj-johnson-jr-46077000/college-293268,
46145948,Chisom Ifeanyi,EDGE,Neshaminy,Langhorne,PA,85,2025,1315,128,3,Shippensburg,Wyoming,2019,,EDGE,,,,https://247sports.com/player/chisom-ifeanyi-46145948/high-school-306229,,https://247sports.com/player/chisom-ifeanyi-46145948/college-310075,
46139876,Garrison Butler,DL,The Bolles School,Jacksonville,FL,85,2025,1317,134,3,Cincinnati,Furman,2024,87,DL,0.8608,1199,125,https://247sports.com/player/garrison-butler-46139876/high-school-293084,3,https://247sports.com/player/garrison-butler-46139876/college-329999,
46125502,Ben Bogle,LB,Nease,Ponte Vedra Beach,FL,85,2025,1318,99,3,Southern Illinois,West Virginia,2022,,LB,,,,https://247sports.com/player/ben-bogle-46125502/high-school-271220,,https://247sports.com/player/ben-bogle-46125502/college-329485,
46038480,John Emery Jr.,RB,Destrehan,Destrehan,LA,85,2025,1319,95,3,LSU,UTSA,2019,98,RB,0.9929,13,2,https://247sports.com/player/john-emery-jr-46038480/high-school-189344,5,https://247sports.com/player/john-emery-jr-46038480/college-237780,
46046875,Jaylan Knighton,RB,Deerfield Beach,Deerfield Beach,FL,85,2025,1316,94,3,SMU,West Virginia,2020,94,APB,0.953,106,10,https://247sports.com/player/jaylan-knighton-46046875/high-school-200366,4,https://247sports.com/player/jaylan-knighton-46046875/college-293275,
46050583,Marcus Burris Jr.,DL,Pleasant Grove,Texarkana,TX,85,2025,1320,135,3,Indiana,Memphis,2021,94,DL,0.9396,132,21,https://247sports.com/player/marcus-burris-jr-46050583/high-school-210179,4,https://247sports.com/player/marcus-burris-jr-46050583/college-290470,
46049872,Terrence Enos Jr.,OT,Cass Technical,Detroit,MI,85,2025,1322,102,3,Pittsburgh,Kansas State,2021,84,OT,0.8659,773,67,https://247sports.com/player/terrence-enos-jr-46049872/high-school-208837,3,https://247sports.com/player/terrence-enos-jr-46049872/college-266886,
46129055,Jordan Sanford,S,Mansfield Timberview,Arlington,TX,85,2025,1321,113,3,Texas Tech,California,2023,90,S,0.9124,259,22,https://247sports.com/player/jordan-sanford-46129055/high-school-274483,4,https://247sports.com/player/jordan-sanford-46129055/college-291511,
46057758,David Wohlabaugh Jr.,OT,Walsh Jesuit,Stow,OH,85,2025,1324,104,3,Syracuse,Virginia,2021,87,OT,0.8663,756,62,https://247sports.com/player/david-wohlabaugh-jr-46057758/high-school-221537,3,https://247sports.com/player/david-wohlabaugh-jr-46057758/college-300499,
46059102,Malik Agbo,OT,Beamer,Federal Way,WA,85,2025,1323,103,3,Texas,West Virginia,2022,90,OT,0.9064,269,23,https://247sports.com/player/malik-agbo-46059102/high-school-225860,4,https://247sports.com/player/malik-agbo-46059102/college-282012,
46101570,Rod Green,IOL,Springfield,Springfield,OH,85,2025,1325,112,3,Purdue,Charlotte,2024,,IOL,,,,https://247sports.com/player/rod-green-46101570/junior-college-291968,,https://247sports.com/player/rod-green-46101570/college-311319,
46109233,Austin Barrett,OT,St. Charles East,St. Charles,IL,85,2025,1326,105,3,Indiana,Iowa State,2023,86,OT,0.8631,1037,78,https://247sports.com/player/austin-barrett-46109233/high-school-257221,3,https://247sports.com/player/austin-barrett-46109233/college-296539,
46111715,Chalil Cummings,CB,Bradford,Starke,FL,85,2025,1328,150,3,Memphis,Purdue,2024,87,ATH,0.8672,1008,79,https://247sports.com/player/chalil-cummings-46111715/high-school-259809,3,https://247sports.com/player/chalil-cummings-46111715/college-318653,
46118528,Will Larkins,OT,Chaminade-Madonna,Hollywood,FL,85,2025,1327,106,3,Indiana,Oregon State,2023,85,IOL,0.8567,1213,92,https://247sports.com/player/will-larkins-46118528/high-school-270069,3,https://247sports.com/player/will-larkins-46118528/college-317711,
46145676,Chauncey Logan Jr.,CB,Salem,Salem,VA,85,2025,1330,151,3,James Madison,Memphis,2022,,CB,,,,https://247sports.com/player/chauncey-logan-jr-46145676/high-school-305646,,https://247sports.com/player/chauncey-logan-jr-46145676/college-305647,
46136020,Troy Pikes,DL,Mays,Atlanta,GA,85,2025,1333,136,3,Georgia Southern,South Carolina,2023,77,DL,0.8,2261,235,https://247sports.com/player/troy-pikes-46136020/high-school-285350,2,https://247sports.com/player/troy-pikes-46136020/college-320888,
46115039,Ayden Bussell,IOL,Mt. Juliet,Mt. Juliet,TN,85,2025,1329,113,3,Tennessee,West Virginia,2023,87,OT,0.8697,851,61,https://247sports.com/player/ayden-bussell-46115039/high-school-263712,3,https://247sports.com/player/ayden-bussell-46115039/college-298051,
46113895,Ryan Yaites,S,Denton Guyer,Denton,TX,85,2025,1331,114,3,LSU,TCU,2023,92,S,0.9158,239,19,https://247sports.com/player/ryan-yaites-46113895/high-school-262381,4,https://247sports.com/player/ryan-yaites-46113895/college-320290,
46157244,Beni Mwamba,CB,Dixie Heights,Edgewood,KY,85,2025,1334,152,3,Chattanooga,Memphis,2024,,CB,,,,https://247sports.com/player/beni-mwamba-46157244/high-school-334849,,https://247sports.com/player/beni-mwamba-46157244/college-334850,
46157940,Orion Irving,OT,Houston Lamar,Houston,TX,85,2025,1335,107,3,Sam Houston,Vanderbilt,2022,,OT,,,,https://247sports.com/player/orion-irving-46157940/high-school-336510,,https://247sports.com/player/orion-irving-46157940/college-336511,
46102659,Maealiuaki Smith,QB,Junipero Serra,San Mateo,CA,85,2025,1336,93,3,Oklahoma State,Ole Miss,2024,89,QB,0.8853,549,35,https://247sports.com/player/maealiuaki-smith-46102659/high-school-252911,3,https://247sports.com/player/maealiuaki-smith-46102659/college-311060,
46076603,Michael Jackson III,WR,Desert Pines,Las Vegas,NV,85,2025,1338,228,3,Georgia,Purdue,2021,89,WR,0.8928,375,59,https://247sports.com/player/michael-jackson-iii-46076603/high-school-227109,3,https://247sports.com/player/michael-jackson-iii-46076603/college-311257,
46116816,Bear Bachmeier,QB,Murrieta Valley,Murrieta,CA,85,2025,1337,94,3,Stanford,BYU,2025,88,QB,0.8933,425,28,https://247sports.com/player/bear-bachmeier-46116816/high-school-266593,3,https://247sports.com/player/bear-bachmeier-46116816/college-333252,
46114484,Karmello English,WR,Central Phenix City,Phenix City,AL,85,2025,1339,229,3,Michigan,Coastal Carolina,2023,90,WR,0.9265,188,26,https://247sports.com/player/karmello-english-46114484/high-school-263051,4,https://247sports.com/player/karmello-english-46114484/college-336282,
46137957,Caleb Brown,CB,Lithia Springs Comprehensive,Lithia Springs,GA,85,2025,1340,153,3,Hawaii,Virginia Tech,2023,,CB,,,,https://247sports.com/player/caleb-brown-46137957/junior-college-289829,,https://247sports.com/player/caleb-brown-46137957/college-320324,
46157962,Dylan Manuel,DL,Stockbridge,Stockbridge,GA,85,2025,1342,138,3,Charleston Southern,Appalachian State,2024,,DL,,,,https://247sports.com/player/dylan-manuel-46157962/high-school-336579,,https://247sports.com/player/dylan-manuel-46157962/college-336585,
46133918,Marc Nave Jr.,IOL,Central Catholic,Toledo,OH,85,2025,1345,114,3,Kentucky,Purdue,2024,88,IOL,0.8786,685,54,https://247sports.com/player/marc-nave-jr-46133918/high-school-281369,3,https://247sports.com/player/marc-nave-jr-46133918/college-315755,
46131912,Keany Parks,CB,Bradford,Kenosha,WI,85,2025,1346,154,3,Wyoming,Houston,2023,79,RB,0.82,2075,135,https://247sports.com/player/keany-parks-46131912/high-school-278102,2,https://247sports.com/player/keany-parks-46131912/college-319758,
46130947,Sam Neely III,CB,Weddington,Matthews,NC,85,2025,1348,155,3,Wake Forest,Stanford,2024,86,CB,0.8553,1414,136,https://247sports.com/player/sam-neely-iii-46130947/high-school-276916,3,https://247sports.com/player/sam-neely-iii-46130947/college-307644,
46144673,Jaekwon Bouldin,OT,Canton,Canton,MS,85,2025,1344,108,3,Purdue,Mississippi State,2024,,OT,,,,https://247sports.com/player/jaekwon-bouldin-46144673/junior-college-303487,,https://247sports.com/player/jaekwon-bouldin-46144673/college-311318,
46141414,Leroy Harris III,EDGE,Christ Presbyterian Academy,Nashville,TN,85,2025,1347,129,3,Chattanooga,Kansas,2024,84,LB,0.84,1919,175,https://247sports.com/player/leroy-harris-iii-46141414/high-school-296259,3,https://247sports.com/player/leroy-harris-iii-46141414/college-336344,
46141925,Sone Falealo,OT,West,Anchorage,AK,85,2025,1350,109,3,Idaho,Washington State,2024,81,OT,0.81,2705,217,https://247sports.com/player/sone-falealo-46141925/high-school-297101,3,https://247sports.com/player/sone-falealo-46141925/college-336529,
46116749,Bob Schick,IOL,Wasatch,Heber City,UT,85,2025,1351,115,3,Virginia Tech,Oklahoma State,2021,,OT,,,,https://247sports.com/player/bob-schick-46116749/junior-college-266481,,https://247sports.com/player/bob-schick-46116749/college-268007,
46082791,Justin Beadles,EDGE,Sandy Creek,Tyrone,GA,85,2025,1349,130,3,New Mexico State,Louisville,2020,86,WDE,0.8556,1043,52,https://247sports.com/player/justin-beadles-46082791/high-school-233240,3,https://247sports.com/player/justin-beadles-46082791/college-319265,
46098902,Jayden Williams,CB,Bloomingdale,Valrico,FL,85,2025,1353,157,3,Florida Atlantic,UCF,2021,82,CB,0.8111,2236,200,https://247sports.com/player/jayden-williams-46098902/high-school-247468,3,https://247sports.com/player/jayden-williams-46098902/college-268808,
46102712,Lardarius Webb Jr.,CB,Jackson Academy,Jackson,MS,85,2025,1352,156,3,Oklahoma State,Wake Forest,2023,,CB,,,,https://247sports.com/player/lardarius-webb-jr-46102712/junior-college-268947,,https://247sports.com/player/lardarius-webb-jr-46102712/college-312828,
46082138,Jy Gilmore,S,North Marion,Ocala,FL,85,2025,1354,115,3,Tennessee Tech,Georgia Tech,2020,,CB,,,,https://247sports.com/player/jy-gilmore-46082138/high-school-232279,,https://247sports.com/player/jy-gilmore-46082138/college-307028,
46103314,Dante Reno,QB,Cheshire Academy,Cheshire,CT,85,2025,1355,95,3,South Carolina,Yale,2024,88,QB,0.8875,518,33,https://247sports.com/player/dante-reno-46103314/high-school-254144,3,https://247sports.com/player/dante-reno-46103314/college-307052,
46081310,Isaiah Green,DL,St. Cloud Technical,St. Cloud,MN,85,2025,1358,140,3,Western Michigan,Memphis,2023,,DL,,,,https://247sports.com/player/isaiah-green-46081310/junior-college-292139,,https://247sports.com/player/isaiah-green-46081310/college-320719,
46141521,Eric Fletcher,CB,Dunbar,Fort Myers,FL,85,2025,1357,158,3,East Carolina,Oklahoma State,2024,87,CB,0.8675,1002,77,https://247sports.com/player/eric-fletcher-46141521/high-school-296429,3,https://247sports.com/player/eric-fletcher-46141521/college-318298,
46102096,Maurice Williams II,S,Shadow Creek,Pearland,TX,85,2025,1356,116,3,Houston,Arizona State,2024,89,LB,0.8958,402,35,https://247sports.com/player/maurice-williams-ii-46102096/high-school-265699,3,https://247sports.com/player/maurice-williams-ii-46102096/college-311504,
46081449,Brendan Sullivan,QB,Davison,Davison,MI,85,2025,1359,96,3,Northwestern,Tulane,2021,86,QB,0.8696,695,49,https://247sports.com/player/brendan-sullivan-46081449/high-school-231434,3,https://247sports.com/player/brendan-sullivan-46081449/college-318430,
46127925,Oliver Billotte,DL,Clearfield,Clearfield,PA,85,2025,1362,141,3,Kent State,Rutgers,2022,84,DL,0.8256,1807,214,https://247sports.com/player/oliver-billotte-46127925/high-school-272779,3,https://247sports.com/player/oliver-billotte-46127925/college-335510,
46125362,Tracy Revels,S,Liberty-Eylau,Texarkana,TX,85,2025,1361,117,3,Bowling Green,Michigan State,2023,85,S,0.8525,1324,119,https://247sports.com/player/tracy-revels-46125362/high-school-270854,3,https://247sports.com/player/tracy-revels-46125362/college-320838,
46111482,Cooper Lovelace,IOL,Shawnee Mission East,Prairie Village,KS,85,2025,1360,116,3,USC,Colorado,2022,,IOL,,,,https://247sports.com/player/cooper-lovelace-46111482/junior-college-259495,,https://247sports.com/player/cooper-lovelace-46111482/college-319067,
46110286,Carter Hewitt,DL,South Hamilton,Jewell,IA,85,2025,1363,142,3,Northern Iowa,Illinois,2021,79,DL,,,,https://247sports.com/player/carter-hewitt-46110286/high-school-258493,2,https://247sports.com/player/carter-hewitt-46110286/college-336245,
46135578,Nathan Knapik,OT,Kennewick,Kennewick,WA,85,2025,1364,110,3,Idaho,Illinois,2024,85,OT,0.855,1421,112,https://247sports.com/player/nathan-knapik-46135578/high-school-284225,3,https://247sports.com/player/nathan-knapik-46135578/college-336852,
46101218,Isaac Smith,EDGE,Wagoner,Wagoner,OK,85,2025,1365,131,3,Texas Tech,Michigan State,2021,83,EDGE,0.8381,1519,84,https://247sports.com/player/isaac-smith-46101218/high-school-250453,3,https://247sports.com/player/isaac-smith-46101218/college-268883,
46130633,Elhadj Fall,DL,Osborne,Marietta,GA,85,2025,1366,143,3,Georgia Southern,Virginia Tech,2022,,DL,,,,https://247sports.com/player/elhadj-fall-46130633/high-school-276448,,https://247sports.com/player/elhadj-fall-46130633/college-287146,
46138176,Justin Kirkland,DL,Roy,Roy,UT,85,2025,1367,144,3,Utah Tech,BYU,2022,,DL,,,,https://247sports.com/player/justin-kirkland-46138176/high-school-290232,,https://247sports.com/player/justin-kirkland-46138176/college-293524,
46118286,Brandon High Jr.,RB,Grand Oaks,Spring,TX,85,2025,1370,97,3,UTSA,California,2023,88,RB,0.8714,809,57,https://247sports.com/player/brandon-high-jr-46118286/high-school-269375,3,https://247sports.com/player/brandon-high-jr-46118286/college-301580,
46132071,Nick Fattig,IOL,Clear Springs,League City,TX,85,2025,1369,117,3,Texas Tech,Stanford,2023,90,OT,0.8932,411,28,https://247sports.com/player/nick-fattig-46132071/high-school-278332,4,https://247sports.com/player/nick-fattig-46132071/college-301325,
46136155,Wade Helton,IOL,Centennial,Corona,CA,85,2025,1372,118,3,Iowa State,Arizona State,2024,87,OT,0.8681,977,72,https://247sports.com/player/wade-helton-46136155/high-school-285832,3,https://247sports.com/player/wade-helton-46136155/college-318001,
46134243,Joey VanWetzinga,DL,Pleasant Valley,Bettendorf,IA,85,2025,1373,146,3,Iowa,Central Michigan,2025,89,IOL,0.8747,792,56,https://247sports.com/player/joey-vanwetzinga-46134243/high-school-281935,3,https://247sports.com/player/joey-vanwetzinga-46134243/college-328522,
46157834,Chris Joines,S,Myrtle Beach,Myrtle Beach,SC,85,2025,1375,118,3,Mercer,Rutgers,2022,,S,,,,https://247sports.com/player/chris-joines-46157834/high-school-336216,,https://247sports.com/player/chris-joines-46157834/college-336217,
46114252,Owen Spell,OT,Wayne County,Jesup,GA,85,2025,1376,111,3,Madonna University (NA),UCF,2022,,OT,,,,https://247sports.com/player/owen-spell-46114252/high-school-262814,,https://247sports.com/player/owen-spell-46114252/college-336589,
46136889,Terry Nwabuisi-Ezeala,DL,Rabun Gap-Nacoochee,Munich,BV,85,2025,1374,147,3,North Carolina,Vanderbilt,2025,85,DL,0.8533,1629,177,https://247sports.com/player/terry-nwabuisi-ezeala-46136889/high-school-287461,3,https://247sports.com/player/terry-nwabuisi-ezeala-46136889/college-331520,
46111632,Shahid Barros,CB,New Bedford,New Bedford,MA,85,2025,1377,159,3,South Dakota,Iowa,2021,,ATH,,,,https://247sports.com/player/shahid-barros-46111632/prep-259697,,https://247sports.com/player/shahid-barros-46111632/college-336632,
46079926,Carson Conklin,QB,Centennial,Corona,CA,85,2025,1379,98,3,Sacramento State,Fresno State,2023,85,QB,0.8378,1714,91,https://247sports.com/player/carson-conklin-46079926/high-school-262686,3,https://247sports.com/player/carson-conklin-46079926/college-336939,
46142194,Robert McDaniel,QB,Hughson,Hughson,CA,85,2025,1378,97,3,UCLA,San Jose State,2025,89,QB,0.8883,507,32,https://247sports.com/player/robert-mcdaniel-46142194/high-school-297743,3,https://247sports.com/player/robert-mcdaniel-46142194/college-335359,
46110499,David Washington,WR,Las Vegas Academy,Las Vegas,NV,85,2025,1380,231,3,Utah,Purdue,2024,86,WR,0.8792,678,93,https://247sports.com/player/david-washington-46110499/high-school-295395,3,https://247sports.com/player/david-washington-46110499/college-307071,
46133331,Mike Sandjo,DL,Timber Creek,Keller,TX,85,2025,1381,148,3,SMU,Washington State,2022,,DL,,,,https://247sports.com/player/mike-sandjo-46133331/junior-college-280180,,https://247sports.com/player/mike-sandjo-46133331/college-285165,
46134180,Charles Correa,LB,Bishop Gorman,Las Vegas,NV,85,2025,1383,100,3,UNLV,Purdue,2024,84,LB,0.8356,2081,185,https://247sports.com/player/charles-correa-46134180/high-school-281765,3,https://247sports.com/player/charles-correa-46134180/college-318936,
46082906,Cam Williams,EDGE,Loganville,Loganville,GA,85,2025,1382,132,3,Georgia State,Michigan State,2020,83,SDE,0.8206,2135,110,https://247sports.com/player/cam-williams-46082906/high-school-233410,3,https://247sports.com/player/cam-williams-46082906/college-317691,
46157957,Gavin Edwards,S,Timberland,St. Stephen,SC,85,2025,1384,119,3,Austin Peay,Maryland,2023,,S,,,,https://247sports.com/player/gavin-edwards-46157957/high-school-336570,,https://247sports.com/player/gavin-edwards-46157957/college-336572,
46158077,Nolan Hay,OT,Katy Taylor,Katy,TX,85,2025,1385,112,3,Houston Christian,South Carolina,2022,,OT,,,,https://247sports.com/player/nolan-hay-46158077/high-school-336895,,https://247sports.com/player/nolan-hay-46158077/college-336897,
46115786,Alex Bray,DL,Marquette,Chesterfield,MO,85,2025,1386,149,3,Illinois,Kansas,2023,87,EDGE,0.8583,1166,107,https://247sports.com/player/alex-bray-46115786/high-school-264723,3,https://247sports.com/player/alex-bray-46115786/college-300278,
46137773,Traveon Wright,CB,Perry,Perry,GA,85,2025,1388,160,3,Memphis,Purdue,2023,85,CB,0.8378,1714,146,https://247sports.com/player/traveon-wright-46137773/high-school-289474,3,https://247sports.com/player/traveon-wright-46137773/college-312428,
46102074,Rico Walker,TE,Hickory,Hickory,NC,85,2025,1387,71,3,Maryland,Purdue,2023,92,ATH,0.9165,233,10,https://247sports.com/player/rico-walker-46102074/high-school-251796,4,https://247sports.com/player/rico-walker-46102074/college-307551,
46136148,Ty Hudkins,S,Forest Hills Central,Grand Rapids,MI,85,2025,1390,120,3,Purdue,Iowa,2024,87,S,0.8617,1175,116,https://247sports.com/player/ty-hudkins-46136148/high-school-285821,3,https://247sports.com/player/ty-hudkins-46136148/college-318510,
46157946,Jordan Larsen,IOL,Harrisburg,Harrisburg,SD,85,2025,1391,119,3,South Dakota,Duke,2022,,IOL,,,,https://247sports.com/player/jordan-larsen-46157946/high-school-336526,,https://247sports.com/player/jordan-larsen-46157946/college-336527,
46129209,Colin Coates,DL,St. Frances Academy,Baltimore,MD,85,2025,1389,150,3,Charlotte,Mississippi State,2023,,DL,,,,https://247sports.com/player/colin-coates-46129209/high-school-274672,,https://247sports.com/player/colin-coates-46129209/college-318192,
46141514,Josh Raymond,OT,Lake Mary,Lake Mary,FL,85,2025,1392,113,3,Vanderbilt,Florida State,2024,85,OT,0.8575,1332,109,https://247sports.com/player/josh-raymond-46141514/high-school-296420,3,https://247sports.com/player/josh-raymond-46141514/college-315490,
46158160,Frank Mulipola,DL,Tafuna,Pago Pago,AS,85,2025,1393,151,3,Texas-Permian Basin (NA),Arkansas,2022,,DL,,,,https://247sports.com/player/frank-mulipola-46158160/junior-college-337022,,https://247sports.com/player/frank-mulipola-46158160/college-337023,
46136609,Timir Hickman-Collins,LB,Indian Land,Fort Mill,SC,85,2025,1394,101,3,Florida State,North Carolina,2024,86,LB,0.865,1082,90,https://247sports.com/player/timir-hickman-collins-46136609/high-school-286943,3,https://247sports.com/player/timir-hickman-collins-46136609/college-307102,
46131495,Jarvis Boatwright Jr.,S,Clearwater,Clearwater,FL,85,2025,1395,121,3,USC,Florida State,2024,88,S,0.8867,530,47,https://247sports.com/player/jarvis-boatwright-jr-46131495/high-school-277587,3,https://247sports.com/player/jarvis-boatwright-jr-46131495/college-312354,
46134273,Christian Abney,TE,Zionsville,Zionsville,IN,85,2025,1396,72,3,Ball State,Illinois,2023,78,TE,0.8106,2180,130,https://247sports.com/player/christian-abney-46134273/high-school-281970,2,https://247sports.com/player/christian-abney-46134273/college-320815,
46154407,Zae Smith,DL,Clear Springs,League City,TX,85,2025,1397,152,3,Houston Christian,California,2021,,DL,,,,https://247sports.com/player/zae-smith-46154407/high-school-326878,,https://247sports.com/player/zae-smith-46154407/college-326879,
46137989,David Latu,DL,Bingham,South Jordan,UT,85,2025,1399,153,3,BYU,Boise State,2023,,DL,,,,https://247sports.com/player/david-latu-46137989/junior-college-289887,,https://247sports.com/player/david-latu-46137989/college-293632,
46104148,Simeon Mitchell,DL,McClymonds,Oakland,CA,85,2025,1400,154,3,McNeese,Arkansas State,2024,,DL,,,,https://247sports.com/player/simeon-mitchell-46104148/junior-college-297110,,https://247sports.com/player/simeon-mitchell-46104148/college-326577,
46156331,Dylan Fisher,DL,Central Catholic,Toledo,OH,85,2025,1401,155,3,Ohio Dominican (NA),Central Michigan,2022,,DL,,,,https://247sports.com/player/dylan-fisher-46156331/high-school-331231,,https://247sports.com/player/dylan-fisher-46156331/college-331232,
46101159,Ty Davis,LB,Lenape,Medford,NJ,85,2025,1402,102,3,Delaware,Temple,2021,77,S,,,,https://247sports.com/player/ty-davis-46101159/high-school-250373,2,https://247sports.com/player/ty-davis-46101159/college-327685,
46101349,Maddix Blackwell,S,Bloomington South,Bloomington,IN,85,2025,1403,122,3,Indiana State,Central Michigan,2021,,ATH,,,,https://247sports.com/player/maddix-blackwell-46101349/high-school-250616,,https://247sports.com/player/maddix-blackwell-46101349/college-324945,
46102020,Jeremiah Noga,WR,Hidden Valley,Grants Pass,OR,85,2025,1405,233,3,Oregon State,Washington State,2021,81,WR,,,,https://247sports.com/player/jeremiah-noga-46102020/high-school-251737,3,https://247sports.com/player/jeremiah-noga-46102020/college-269893,
46052228,Gavin Blackwell,WR,Sun Valley,Monroe,NC,85,2025,1404,232,3,North Carolina,Florida State,2021,91,WR,0.9191,210,36,https://247sports.com/player/gavin-blackwell-46052228/high-school-212406,4,https://247sports.com/player/gavin-blackwell-46052228/college-261815,
46135033,Max Drag,TE,Chapin,Chapin,SC,85,2025,1407,73,3,Appalachian State,UCF,2023,80,TE,0.8063,2221,108,https://247sports.com/player/max-drag-46135033/high-school-283262,3,https://247sports.com/player/max-drag-46135033/college-297827,
46114955,Andrew Harris,LB,Lake Brantley,Altamonte Springs,FL,85,2025,1408,103,3,UCF,Arkansas,2023,91,LB,0.9087,280,24,https://247sports.com/player/andrew-harris-46114955/high-school-263604,4,https://247sports.com/player/andrew-harris-46114955/college-301340,
46100572,Khristian Dunbar-Hawkins,CB,Tustin,Tustin,CA,85,2025,1410,162,3,UCLA,North Carolina,2024,86,CB,0.8758,750,76,https://247sports.com/player/khristian-dunbar-hawkins-46100572/high-school-298602,3,https://247sports.com/player/khristian-dunbar-hawkins-46100572/college-314183,
46101158,Elijah Brown,TE,Wayne,Dayton,OH,85,2025,1412,74,3,UCF,Kentucky,2022,91,TE,0.9012,299,13,https://247sports.com/player/elijah-brown-46101158/high-school-250372,4,https://247sports.com/player/elijah-brown-46101158/college-336787,
46086739,Jaden Muskrat,IOL,Bentonville West,Centerton,AR,85,2025,1414,120,3,Tulsa,Virginia Tech,2020,78,DT,0.7963,3020,202,https://247sports.com/player/jaden-muskrat-46086739/high-school-240240,2,https://247sports.com/player/jaden-muskrat-46086739/college-296525,
46045519,Immanuel Hickman Sr.,EDGE,Matoaca,Chesterfield,VA,85,2025,1415,135,3,South Florida,Virginia Tech,2019,82,SDE,0.8452,1337,88,https://247sports.com/player/immanuel-hickman-sr-46045519/high-school-198573,3,https://247sports.com/player/immanuel-hickman-sr-46045519/college-299398,
46082718,Hershey McLaurin,S,Collins,Collins,MS,85,2025,1416,123,3,Houston,Purdue,2022,,S,,,,https://247sports.com/player/hershey-mclaurin-46082718/junior-college-273457,,https://247sports.com/player/hershey-mclaurin-46082718/college-311511,
46139496,Nick Taylor,CB,Gainesville,Gainesville,GA,85,2025,1417,163,3,Appalachian State,West Virginia,2024,84,S,0.8361,2075,198,https://247sports.com/player/nick-taylor-46139496/high-school-292636,3,https://247sports.com/player/nick-taylor-46139496/college-315545,
46114696,Bai Jobe,EDGE,Community Christian School,Norman,OK,85,2025,1418,136,3,Michigan State,Miami (OH),2023,96,EDGE,0.9704,56,9,https://247sports.com/player/bai-jobe-46114696/high-school-263299,4,https://247sports.com/player/bai-jobe-46114696/college-317489,
46128911,Grayson Barnes,TE,Rocklin,Rocklin,CA,85,2025,1420,75,3,Northern Illinois,West Virginia,2023,,TE,,,,https://247sports.com/player/grayson-barnes-46128911/junior-college-274227,,https://247sports.com/player/grayson-barnes-46128911/college-320755,
46158325,Tyrence Crutcher,CB,Buckhorn,New Market,AL,85,2025,1421,164,3,West Florida (NA),West Virginia,2024,,CB,,,,https://247sports.com/player/tyrence-crutcher-46158325/junior-college-337310,,https://247sports.com/player/tyrence-crutcher-46158325/college-337311,
46158396,Jeffson Lafontant,DL,North Miami Beach Senior,Miami,FL,85,2025,1423,157,3,Bethune-Cookman,UCF,2023,,DL,,,,https://247sports.com/player/jeffson-lafontant-46158396/high-school-337417,,https://247sports.com/player/jeffson-lafontant-46158396/college-337418,
46140654,Whitt Newbauer,QB,Cardinal Gibbons,Raleigh,NC,85,2025,1422,99,3,Mercer,Oklahoma,2024,,QB,,,,https://247sports.com/player/whitt-newbauer-46140654/high-school-294487,,https://247sports.com/player/whitt-newbauer-46140654/college-337412,
46138923,Grant Seagren,OT,Oakland Craig,Oakland,NE,85,2025,1424,114,3,Nebraska,Oklahoma State,2023,75,TE,,,,https://247sports.com/player/grant-seagren-46138923/high-school-291707,2,https://247sports.com/player/grant-seagren-46138923/college-337077,
46133538,Isaiah Thomas,S,Clearwater Academy International,Clearwater,FL,85,2025,1425,125,3,Miami,Kennesaw State,2024,87,S,0.8825,612,56,https://247sports.com/player/isaiah-thomas-46133538/high-school-280736,3,https://247sports.com/player/isaiah-thomas-46133538/college-308675,
46117923,Jaylen Thompson,S,Riverdale,Murfreesboro,TN,85,2025,1426,126,3,Michigan State,Memphis,2024,86,CB,0.8694,938,79,https://247sports.com/player/jaylen-thompson-46117923/high-school-274874,3,https://247sports.com/player/jaylen-thompson-46117923/college-311280,
46156493,Albert Nunes,S,Dunbar,Fort Myers,FL,85,2025,1427,127,3,Eastern Kentucky,New Mexico,2023,,S,,,,https://247sports.com/player/albert-nunes-46156493/junior-college-331480,,https://247sports.com/player/albert-nunes-46156493/college-331482,
46118249,MJ Cannon,CB,Evanston Township,Evanston,IL,85,2025,1428,165,3,Illinois State,Bowling Green,2022,77,CB,,,,https://247sports.com/player/mj-cannon-46118249/high-school-269291,2,https://247sports.com/player/mj-cannon-46118249/college-336348,
46158047,Shaun Myers,LB,Northmont,Clayton,OH,85,2025,1429,104,3,North Alabama,Colorado,2022,,LB,,,,https://247sports.com/player/shaun-myers-46158047/junior-college-336809,,https://247sports.com/player/shaun-myers-46158047/college-336810,
46083409,Devynn Cromwell,S,Clarkson Football North,Toronto,ON,85,2025,1431,129,3,Texas Tech,Michigan State,2020,,CB,,,,https://247sports.com/player/devynn-cromwell-46083409/high-school-233968,,https://247sports.com/player/devynn-cromwell-46083409/college-311156,
46084808,Al-Ma'hi Ali,S,St. Frances Academy,Philadelphia,PA,85,2025,1430,128,3,Saint Francis (PA),Western Kentucky,2020,79,S,0.8011,2783,210,https://247sports.com/player/al-mahi-ali-46084808/high-school-236118,2,https://247sports.com/player/al-mahi-ali-46084808/college-299575,
46125381,Marquise Thorpe-Taylor,OT,Mount Tahoma,Tacoma,WA,85,2025,1432,115,3,UCLA,Fresno State,2024,89,OT,0.8853,549,42,https://247sports.com/player/marquise-thorpe-taylor-46125381/high-school-270880,3,https://247sports.com/player/marquise-thorpe-taylor-46125381/college-318378,
46133727,Trishstin Glass,WR,Copperas Cove,Copperas Cove,TX,85,2025,1433,235,3,Wake Forest,Coastal Carolina,2025,88,WR,0.8658,1092,158,https://247sports.com/player/trishstin-glass-46133727/high-school-281001,3,https://247sports.com/player/trishstin-glass-46133727/college-328279,
46158619,Rahkeem Smith,WR,Calvert Hall College,Towson,MD,85,2025,1434,236,3,Bowling Green,Georgia Tech,2022,,WR,,,,https://247sports.com/player/rahkeem-smith-46158619/high-school-337687,,https://247sports.com/player/rahkeem-smith-46158619/college-337693,
46058489,Tre'Quon Fegans,CB,Thompson,Alabaster,AL,85,2025,1436,166,3,UCF,Jacksonville State,2022,94,CB,0.953,117,14,https://247sports.com/player/trequon-fegans-46058489/high-school-268527,4,https://247sports.com/player/trequon-fegans-46058489/college-319714,
46130872,Corey Myrick,S,Colerain,Cincinnati,OH,85,2025,1439,131,3,Marshall,Southern Miss,2024,86,CB,0.8533,1487,139,https://247sports.com/player/corey-myrick-46130872/high-school-276804,3,https://247sports.com/player/corey-myrick-46130872/college-319373,
46130361,Ricky Lee III,S,Cedar Grove,Ellenwood,GA,85,2025,1440,132,3,UAB,Sacramento State,2023,85,ATH,0.8444,1575,135,https://247sports.com/player/ricky-lee-iii-46130361/high-school-276058,3,https://247sports.com/player/ricky-lee-iii-46130361/college-320601,
46098355,Jake Pope,S,Buford,Buford,GA,85,2025,1438,130,3,Alabama,UNLV,2022,90,S,0.8926,391,32,https://247sports.com/player/jake-pope-46098355/high-school-246721,4,https://247sports.com/player/jake-pope-46098355/college-311254,
46125690,Jaylin Caldwell,OT,Phillips Academy,Chicago,IL,85,2025,1441,116,3,Grand Valley State,Washington State,2022,,OT,,,,https://247sports.com/player/jaylin-caldwell-46125690/high-school-271641,,https://247sports.com/player/jaylin-caldwell-46125690/college-325823,
46154314,Zeraun Daniel,S,Poly Prep,Brooklyn,NY,85,2025,1442,133,3,Georgetown,UMass,2023,,S,,,,https://247sports.com/player/zeraun-daniel-46154314/high-school-326526,,https://247sports.com/player/zeraun-daniel-46154314/college-326527,
46144970,Bailey Benson,LB,Eastside,Covington,GA,85,2025,1443,105,3,Wake Forest,NC State,2025,87,LB,0.8592,1405,139,https://247sports.com/player/bailey-benson-46144970/high-school-304043,3,https://247sports.com/player/bailey-benson-46144970/college-328280,
46055317,KJ Makins,CB,Greenwood,Greenwood,SC,85,2025,1444,167,3,Houston Christian,Baylor,2021,,CB,,,,https://247sports.com/player/kj-makins-46055317/high-school-217260,,https://247sports.com/player/kj-makins-46055317/college-337697,
46056274,Eli Brickhandler,QB,Pittsburg,Chapel Hill,NC,85,2025,1447,102,3,North Carolina A&amp;T,Ohio State,2022,80,QB,,,,https://247sports.com/player/eli-brickhandler-46056274/prep-269453,3,https://247sports.com/player/eli-brickhandler-46056274/college-338064,
46097268,Jacobe Robinson,QB,Henderson,Henderson,TX,85,2025,1446,101,3,Boston College,Southern Miss,2023,88,QB,0.8714,809,40,https://247sports.com/player/jacobe-robinson-46097268/high-school-245176,3,https://247sports.com/player/jacobe-robinson-46097268/college-293696,
46113314,Moso'oipala Tuitele,EDGE,Regis Jesuit,Aurora,CO,85,2025,1448,138,3,New Mexico,Colorado State,2022,85,EDGE,0.8522,1191,70,https://247sports.com/player/mosooipala-tuitele-46113314/high-school-261423,3,https://247sports.com/player/mosooipala-tuitele-46113314/college-309609,
46154357,Andrew Taddeo,DL,Ridge,Basking Ridge,NJ,85,2025,1449,158,3,Colgate,James Madison,2021,,DL,,,,https://247sports.com/player/andrew-taddeo-46154357/high-school-326703,,https://247sports.com/player/andrew-taddeo-46154357/college-326704,
46152590,Mason Clinton,DL,Petal,Petal,MS,85,2025,1450,159,3,Mississippi State,Southern Miss,2025,,DL,,,,https://247sports.com/player/mason-clinton-46152590/junior-college-322348,,https://247sports.com/player/mason-clinton-46152590/college-332568,
46076902,Mateo Sudipo,S,Wake Forest,Wake Forest,NC,85,2025,1451,134,3,Coastal Carolina,Bowling Green,2019,78,ATH,0.78,3231,251,https://247sports.com/player/mateo-sudipo-46076902/high-school-227502,2,https://247sports.com/player/mateo-sudipo-46076902/college-337961,
46134897,Kason Stokes,WR,Armwood,Seffner,FL,85,2025,1453,238,3,UCF,Middle Tennessee,2024,88,WR,0.87,918,123,https://247sports.com/player/kason-stokes-46134897/high-school-283061,3,https://247sports.com/player/kason-stokes-46134897/college-307046,
46132450,Tyjai Hopper,CB,Alpharetta,Alpharetta,GA,85,2025,1454,168,3,James Madison,Oregon State,2024,86,S,0.8652,1081,109,https://247sports.com/player/tyjai-hopper-46132450/high-school-278839,3,https://247sports.com/player/tyjai-hopper-46132450/college-310639,
46128495,Isaiah Patterson,LB,Yelm,Yelm,WA,85,2025,1456,106,3,UCLA,UNLV,2024,89,LB,0.8769,720,63,https://247sports.com/player/isaiah-patterson-46128495/high-school-273677,3,https://247sports.com/player/isaiah-patterson-46128495/college-314181,
46138885,Carlos Orr-Gillespie,WR,Gatlinburg Pittman,Gatlinburg,TN,85,2025,1457,239,3,Illinois,Utah State,2024,88,WR,0.8722,854,115,https://247sports.com/player/carlos-orr-gillespie-46138885/high-school-291663,3,https://247sports.com/player/carlos-orr-gillespie-46138885/college-317259,
46144177,Jaylan Brown,WR,Nacogdoches,Nacogdoches,TX,85,2025,1458,240,3,Michigan State,UTEP,2024,89,WR,0.8617,1175,158,https://247sports.com/player/jaylan-brown-46144177/high-school-302389,3,https://247sports.com/player/jaylan-brown-46144177/college-318449,
46114145,Earl Kulp,CB,St. Thomas Aquinas,Miami,FL,85,2025,1459,169,3,Purdue,Temple,2024,87,CB,0.8786,685,60,https://247sports.com/player/earl-kulp-46114145/high-school-262674,3,https://247sports.com/player/earl-kulp-46114145/college-318508,
46132293,Brandon Hood,RB,Eagle's Landing Christian Academy,McDonough,GA,85,2025,1460,99,3,Colorado,UMass,2024,87,RB,0.8731,826,65,https://247sports.com/player/brandon-hood-46132293/high-school-278638,3,https://247sports.com/player/brandon-hood-46132293/college-319515,
46096531,Rara Thomas,WR,Eufaula,Eufaula,AL,85,2025,1461,241,3,Georgia,Troy,2021,87,WR,0.8663,756,116,https://247sports.com/player/rara-thomas-46096531/high-school-244625,3,https://247sports.com/player/rara-thomas-46096531/college-293572,
46118082,Josaiah Knight,EDGE,Gadsden County,Tallahassee,FL,85,2025,1463,141,3,Mississippi State,Western Kentucky,2024,88,EDGE,0.8833,601,40,https://247sports.com/player/josaiah-knight-46118082/high-school-268701,3,https://247sports.com/player/josaiah-knight-46118082/college-315982,
46141648,Jackson Accuardi,TE,DeForest,DeForest,WI,85,2025,1465,76,3,West Virginia,South Dakota,2025,86,TE,0.8589,1419,77,https://247sports.com/player/jackson-accuardi-46141648/high-school-296671,3,https://247sports.com/player/jackson-accuardi-46141648/college-328746,
46140769,Sean Embree Jr.,WR,Santa Margarita Catholic,Rancho Santa Margarita,CA,85,2025,1467,243,3,Washington State,Eastern Washington,2025,87,WR,0.8475,1915,257,https://247sports.com/player/sean-embree-jr-46140769/high-school-294720,3,https://247sports.com/player/sean-embree-jr-46140769/college-328968,
46118693,Bear Tenney,TE,Lone Peak,American Fork,UT,85,2025,1468,77,3,Utah,Sacramento State,2025,87,TE,0.8686,1008,48,https://247sports.com/player/bear-tenney-46118693/high-school-311469,3,https://247sports.com/player/bear-tenney-46118693/college-332588,
46137620,Tyrecus Davis,CB,Greenville,Greenville,TX,85,2025,1469,171,3,Wyoming,Colorado,2023,,CB,,,,https://247sports.com/player/tyrecus-davis-46137620/junior-college-289216,,https://247sports.com/player/tyrecus-davis-46137620/college-319752,
46109454,Jaidyn Doss,WR,Raymore-Peculiar,Peculiar,MO,85,2025,1470,244,3,Nebraska,Kansas,2023,89,WR,0.8794,613,90,https://247sports.com/player/jaidyn-doss-46109454/high-school-257546,3,https://247sports.com/player/jaidyn-doss-46109454/college-295476,
46159958,Chance Roberts,IOL,Hilliard Bradley,Hilliard,OH,85,2025,1472,121,3,Tiffin,Arizona,2021,,IOL,,,,https://247sports.com/player/chance-roberts-46159958/high-school-339689,,https://247sports.com/player/chance-roberts-46159958/college-339691,
46160299,Elijah Gunn,DL,Callaway,Hogansville,GA,85,2025,1473,160,3,Southern Illinois,Cincinnati,2023,,DL,,,,https://247sports.com/player/elijah-gunn-46160299/high-school-340348,,https://247sports.com/player/elijah-gunn-46160299/college-340349,
46109345,Ryne Shackelford,WR,Keystone,LaGrange,OH,85,2025,1475,247,3,Purdue,Baylor,2023,87,WR,0.8658,944,132,https://247sports.com/player/ryne-shackelford-46109345/high-school-257390,3,https://247sports.com/player/ryne-shackelford-46109345/college-300581,
46135984,Mike Peterson Jr.,WR,Fort White,Fort White,FL,85,2025,1478,248,3,Arkansas State,Florida,2025,85,WR,0.8533,1629,115,https://247sports.com/player/mike-peterson-jr-46135984/high-school-309977,3,https://247sports.com/player/mike-peterson-jr-46135984/college-332179,
46057921,Jahari Rogers,CB,Arlington,Arlington,TX,84,2025,1481,172,3,SMU,Colorado State,2020,95,CB,0.963,87,8,https://247sports.com/player/jahari-rogers-46057921/high-school-222008,4,https://247sports.com/player/jahari-rogers-46057921/college-268761,
46080140,Kaleb Brown,WR,St. Rita,Chicago,IL,84,2025,1480,249,3,Iowa,UAB,2022,95,WR,0.9684,79,13,https://247sports.com/player/kaleb-brown-46080140/high-school-229567,4,https://247sports.com/player/kaleb-brown-46080140/college-322822,
46128544,Darold DeNgohe,DL,LaSalle College,Glenside,PA,84,2025,1483,161,3,James Madison,Rutgers,2023,,DL,,,,https://247sports.com/player/darold-dengohe-46128544/high-school-273737,,https://247sports.com/player/darold-dengohe-46128544/college-320904,
46085558,Michael Allen,RB,J.H. Rose,Greenville,NC,84,2025,1487,101,3,UNLV,Marshall,2022,91,RB,0.9022,292,26,https://247sports.com/player/michael-allen-46085558/high-school-237345,4,https://247sports.com/player/michael-allen-46085558/college-312544,
46081221,Bryon Threats,S,Dublin Coffman,Dublin,OH,84,2025,1486,136,3,Cincinnati,UCLA,2021,89,ATH,0.8804,511,31,https://247sports.com/player/bryon-threats-46081221/high-school-231129,3,https://247sports.com/player/bryon-threats-46081221/college-311547,
46054706,Trey Harris,S,North Atlanta,Atlanta,GA,84,2025,1489,137,3,Cornell,Sam Houston,2021,,S,,,,https://247sports.com/player/trey-harris-46054706/prep-314816,,https://247sports.com/player/trey-harris-46054706/college-314819,
46117429,Jayven Williams,CB,Baker,Mobile,AL,84,2024,1490,174,3,Kennesaw State,Mississippi State,2022,,WR,,,,https://247sports.com/player/jayven-williams-46117429/high-school-267695,,https://247sports.com/player/jayven-williams-46117429/college-324593,
46103671,Ty Washington,TE,Lee County,Leesburg,GA,84,2025,1491,79,3,Arkansas,Notre Dame,2022,87,TE,0.8759,635,32,https://247sports.com/player/ty-washington-46103671/high-school-254842,3,https://247sports.com/player/ty-washington-46103671/college-281133,
46080650,Brady Wilson,IOL,Spanish Fort,Spanish Fort,AL,84,2025,1492,122,3,UAB,Virginia,2020,80,OC,0.8074,2649,52,https://247sports.com/player/brady-wilson-46080650/high-school-230348,3,https://247sports.com/player/brady-wilson-46080650/college-256416,
46116097,Taran Tyo,OT,Versailles,Versailles,OH,84,2025,1493,117,3,Ball State,Cincinnati,2022,86,IOL,0.8244,1825,113,https://247sports.com/player/taran-tyo-46116097/high-school-265535,3,https://247sports.com/player/taran-tyo-46116097/college-287647,
46100511,Tommy Matheson,IOL,Warren Township,Gurnee,IL,84,2025,1494,123,3,Princeton,Boston College,2021,80,DL,,,,https://247sports.com/player/tommy-matheson-46100511/high-school-249520,3,https://247sports.com/player/tommy-matheson-46100511/college-324938,
46104022,Teague Andersen,OT,Lehi,Lehi,UT,84,2025,1497,118,3,Utah State,NC State,2022,82,IOL,0.8252,1817,110,https://247sports.com/player/teague-andersen-46104022/high-school-255728,3,https://247sports.com/player/teague-andersen-46104022/college-288074,
46118501,Luke Baklenko,OT,Oaks Christian,Westlake Village,CA,84,2025,1498,119,3,Stanford,Oklahoma,2023,89,OT,0.8772,667,47,https://247sports.com/player/luke-baklenko-46118501/high-school-270025,3,https://247sports.com/player/luke-baklenko-46118501/college-300691,
46100004,Ethan Vasko,QB,Oscar Smith,Chesapeake,VA,84,2025,1500,105,3,Kansas,Liberty,2022,84,QB,0.837,1561,97,https://247sports.com/player/ethan-vasko-46100004/high-school-248858,3,https://247sports.com/player/ethan-vasko-46100004/college-297132,
46112803,Jayden Rowe,CB,Union,Tulsa,OK,84,2025,1501,176,3,Oklahoma,Kansas State,2022,93,CB,0.9016,298,34,https://247sports.com/player/jayden-rowe-46112803/high-school-260494,4,https://247sports.com/player/jayden-rowe-46112803/college-282248,
46153744,Josiah Green,DL,North Central,Indianapolis,IN,84,2025,1502,163,3,Dartmouth,Duke,2021,,DL,,,,https://247sports.com/player/josiah-green-46153744/high-school-325041,,https://247sports.com/player/josiah-green-46153744/college-325042,
46116246,RJ Jackson Jr.,DL,Choctaw,Choctaw,OK,84,2025,1503,164,3,Tulsa,UCF,2023,,TE,,,,https://247sports.com/player/rj-jackson-jr-46116246/high-school-265770,,https://247sports.com/player/rj-jackson-jr-46116246/college-320575,
46103978,Harvey Broussard III,WR,St. Martinville,St. Martinville,LA,84,2025,1504,250,3,Louisiana,Houston,2023,85,WR,0.8744,733,101,https://247sports.com/player/harvey-broussard-iii-46103978/high-school-255580,3,https://247sports.com/player/harvey-broussard-iii-46103978/college-320921,
46084691,Raylen Sharpe,WR,Allen,Allen,TX,84,2025,1506,251,3,Fresno State,Arkansas,2020,83,ATH,0.8315,1800,143,https://247sports.com/player/raylen-sharpe-46084691/high-school-235973,3,https://247sports.com/player/raylen-sharpe-46084691/college-318882,
46154090,Ja'Son Prevard,CB,St. Joseph,Hammonton,NJ,84,2025,1508,177,3,Morgan State,Virginia,2023,,S,,,,https://247sports.com/player/jason-prevard-46154090/prep-325901,,https://247sports.com/player/jason-prevard-46154090/college-325902,
46115768,Tyson Ruffins,IOL,Long Beach Poly,Long Beach,CA,84,2025,1507,124,3,Nevada,California,2023,86,IOL,0.8444,1575,118,https://247sports.com/player/tyson-ruffins-46115768/high-school-264663,3,https://247sports.com/player/tyson-ruffins-46115768/college-319661,
46103107,Corey Walker,EDGE,Normal Community,Normal,IL,84,2025,1509,144,3,Western Michigan,Wisconsin,2021,83,TE,0.8317,1687,87,https://247sports.com/player/corey-walker-46103107/high-school-253812,3,https://247sports.com/player/corey-walker-46103107/college-271745,
46116904,Tevis Metcalf,S,Clay-Chalkville,Pinson,AL,84,2025,1511,138,3,Arkansas,Michigan,2024,88,ATH,0.8736,817,71,https://247sports.com/player/tevis-metcalf-46116904/high-school-266733,3,https://247sports.com/player/tevis-metcalf-46116904/college-311180,
46094025,Gunner Givens,IOL,Lord Botetourt,Daleville,VA,84,2025,1512,125,3,Virginia Tech,Vanderbilt,2022,90,OT,0.9148,224,30,https://247sports.com/player/gunner-givens-46094025/high-school-242453,4,https://247sports.com/player/gunner-givens-46094025/college-275339,
46082849,Destyn Hill,WR,Edna Karr,New Orleans,LA,84,2025,1513,252,3,Florida State,LSU,2021,94,WR,0.9482,113,19,https://247sports.com/player/destyn-hill-46082849/high-school-233322,4,https://247sports.com/player/destyn-hill-46082849/college-296718,
46152313,Lee Beebe Jr.,RB,Park Crossing,Montgomery,AL,84,2025,1514,102,3,UAB,Indiana,2022,,RB,,,,https://247sports.com/player/lee-beebe-jr-46152313/high-school-321926,,https://247sports.com/player/lee-beebe-jr-46152313/college-321927,
46153779,J'Mari Taylor,RB,West Mecklenburg,Charlotte,NC,84,2025,1515,103,3,North Carolina Central,Virginia,2020,,RB,,,,https://247sports.com/player/jmari-taylor-46153779/high-school-325122,,https://247sports.com/player/jmari-taylor-46153779/college-325123,
46154189,Jaylen George,DL,Collins Hill,Suwanee,GA,84,2025,1516,165,3,East Tennessee State,Nebraska,2022,,DL,,,,https://247sports.com/player/jaylen-george-46154189/high-school-326195,,https://247sports.com/player/jaylen-george-46154189/college-326196,
46100855,Joe Crocker,OT,Franklin Road Academy,Nashville,TN,84,2025,1517,120,3,Louisville,Baylor,2023,87,OT,0.8778,654,45,https://247sports.com/player/joe-crocker-46100855/high-school-249951,3,https://247sports.com/player/joe-crocker-46100855/college-297411,
46048437,Sam Huard,QB,Kennedy Catholic,Bellevue,WA,84,2025,1518,107,3,Utah,USC,2021,98,QB,0.9935,12,3,https://247sports.com/player/sam-huard-46048437/high-school-204131,5,https://247sports.com/player/sam-huard-46048437/college-319720,
46048497,Jack Hollifield,IOL,Shelby,Shelby,NC,84,2025,1520,126,3,Virginia Tech,Tulane,2021,87,TE,0.8752,583,62,https://247sports.com/player/jack-hollifield-46048497/high-school-204587,3,https://247sports.com/player/jack-hollifield-46048497/college-312690,
46078856,Tiaoalii Savea,DL,Desert Pines,Las Vegas,NV,84,2025,1519,166,3,Texas,Arizona,2021,89,DL,0.9161,226,31,https://247sports.com/player/tiaoalii-savea-46078856/high-school-227938,3,https://247sports.com/player/tiaoalii-savea-46078856/college-308213,
46154098,Jaden Barnes,WR,Langston Hughes,Fairburn,GA,84,2025,1521,253,3,Austin Peay,Appalachian State,2023,,WR,,,,https://247sports.com/player/jaden-barnes-46154098/high-school-325936,,https://247sports.com/player/jaden-barnes-46154098/college-325937,
46154222,Carter Guillaume,IOL,St. Xavier,Louisville,KY,84,2025,1522,127,3,Southeast Missouri State,Louisville,2024,,IOL,,,,https://247sports.com/player/carter-guillaume-46154222/high-school-326263,,https://247sports.com/player/carter-guillaume-46154222/college-326264,
46154252,Jabari Mack,CB,First Coast,Jacksonville,FL,84,2025,1523,178,3,Jacksonville State,Louisville,2022,,CB,,,,https://247sports.com/player/jabari-mack-46154252/prep-326338,,https://247sports.com/player/jabari-mack-46154252/college-326345,
46058787,Curt Neal,DL,Hough,Cornelius,NC,84,2025,1524,167,3,Wisconsin,Illinois,2022,88,DL,0.8859,464,61,https://247sports.com/player/curt-neal-46058787/high-school-225278,3,https://247sports.com/player/curt-neal-46058787/college-275647,
46139392,Hank Purvis,IOL,Bishop Carroll,Wichita,KS,84,2025,1526,129,3,UNLV,Purdue,2024,79,IOL,0.815,2643,229,https://247sports.com/player/hank-purvis-46139392/high-school-292507,2,https://247sports.com/player/hank-purvis-46139392/college-318946,
46084456,Tristan Bounds,OT,Choate Rosemary Hall,Wallingford,CT,84,2025,1527,121,3,Michigan,Arizona,2021,88,OT,0.8889,413,34,https://247sports.com/player/tristan-bounds-46084456/high-school-235493,3,https://247sports.com/player/tristan-bounds-46084456/college-262305,
46130907,Devin Green,RB,Grant Union,Sacramento,CA,84,2025,1528,104,3,UNLV,Utah,2024,86,ATH,0.8583,1297,113,https://247sports.com/player/devin-green-46130907/high-school-276842,3,https://247sports.com/player/devin-green-46130907/college-318949,
46137520,Caleb Redd,EDGE,De Smet Jesuit,St. Louis,MO,84,2025,1529,145,3,Kentucky,Kansas,2024,87,EDGE,0.8722,854,57,https://247sports.com/player/caleb-redd-46137520/high-school-289077,3,https://247sports.com/player/caleb-redd-46137520/college-315691,
46134068,Gabe Moore,DL,Louisville,Louisville,MS,84,2025,1530,168,3,Mississippi State,Nebraska,2023,87,EDGE,0.8697,851,92,https://247sports.com/player/gabe-moore-46134068/high-school-281607,3,https://247sports.com/player/gabe-moore-46134068/college-297577,
46154124,Jordan Owens,TE,McGehee,McGehee,AR,84,2025,1533,80,3,Central Arkansas,North Carolina,2022,,TE,,,,https://247sports.com/player/jordan-owens-46154124/junior-college-326021,,https://247sports.com/player/jordan-owens-46154124/college-332449,
46097303,Tristan Dunn,S,Sumner,Sumner,WA,84,2025,1532,139,3,Washington,California,2022,91,S,0.8885,443,40,https://247sports.com/player/tristan-dunn-46097303/high-school-245216,4,https://247sports.com/player/tristan-dunn-46097303/college-284342,
46139996,Favor Bate,EDGE,Eleanor Roosevelt,Greenbelt,MD,84,2025,1537,147,3,Merrimack,Boston College,2024,,EDGE,,,,https://247sports.com/player/favor-bate-46139996/high-school-293261,,https://247sports.com/player/favor-bate-46139996/college-326510,
46116827,EJ Colson,QB,Cedar Grove,Ellenwood,GA,84,2025,1538,108,3,UCF,Incarnate Word,2024,86,QB,0.8819,619,38,https://247sports.com/player/ej-colson-46116827/high-school-266630,3,https://247sports.com/player/ej-colson-46116827/college-333300,
46050397,Chip Trayanum,RB,Archbishop Hoban,Akron,OH,84,2025,1540,105,3,Kentucky,Toledo,2020,90,RB,0.9017,295,23,https://247sports.com/player/chip-trayanum-46050397/high-school-209893,4,https://247sports.com/player/chip-trayanum-46050397/college-307231,
46058321,Alex Lines,TE,Higley,Gilbert,AZ,84,2025,1541,83,3,New Mexico State,Northwestern,2024,,TE,,,,https://247sports.com/player/alex-lines-46058321/junior-college-303824,,https://247sports.com/player/alex-lines-46058321/college-310470,
46154377,Mike Bumpus,DL,The Bolles School,Jacksonville,FL,84,2025,1542,169,3,Brown,Boston College,2021,,DL,,,,https://247sports.com/player/mike-bumpus-46154377/high-school-326793,,https://247sports.com/player/mike-bumpus-46154377/college-326794,
46125370,Terrence McWilliams Jr.,WR,North Central,Indianapolis,IN,84,2025,1543,254,3,Minnesota,Louisville,2023,87,WR,0.8592,1141,163,https://247sports.com/player/terrence-mcwilliams-jr-46125370/high-school-270865,3,https://247sports.com/player/terrence-mcwilliams-jr-46125370/college-292092,
46097438,Caleb LaVallee,LB,Whitefield Academy,Mableton,GA,84,2025,1544,108,3,North Carolina,Florida State,2023,86,LB,0.8742,750,63,https://247sports.com/player/caleb-lavallee-46097438/high-school-245325,3,https://247sports.com/player/caleb-lavallee-46097438/college-297808,
46115132,Walter Taylor III,QB,Jackson,Jackson,AL,84,2025,1546,111,3,Vanderbilt,Ball State,2022,83,QB,0.8381,1527,93,https://247sports.com/player/walter-taylor-iii-46115132/high-school-263815,3,https://247sports.com/player/walter-taylor-iii-46115132/college-311372,
46154332,Kaleno Levine,CB,Eaton,Haslet,TX,84,2025,1547,180,3,Missouri State,Troy,2023,,CB,,,,https://247sports.com/player/kaleno-levine-46154332/junior-college-326596,,https://247sports.com/player/kaleno-levine-46154332/college-326597,
46084365,Gabe Ervin Jr.,RB,Buford,Buford,GA,84,2025,1548,106,3,Nebraska,Kansas State,2021,84,RB,0.8704,683,41,https://247sports.com/player/gabe-ervin-jr-46084365/high-school-235390,3,https://247sports.com/player/gabe-ervin-jr-46084365/college-262244,
46084468,Andrew Wilson-Lamp,CB,Washington,Massillon,OH,84,2025,1550,181,3,East Carolina,Toledo,2021,91,WR,0.8848,461,70,https://247sports.com/player/andrew-wilson-lamp-46084468/high-school-235507,4,https://247sports.com/player/andrew-wilson-lamp-46084468/college-308758,
46113812,Mani Powell,LB,Fayetteville,Fayetteville,AR,84,2025,1551,110,3,UNLV,Purdue,2022,90,LB,0.8807,560,52,https://247sports.com/player/mani-powell-46113812/high-school-262194,4,https://247sports.com/player/mani-powell-46113812/college-312533,
46084532,Grant Wilson,QB,Yorktown,Arlington,VA,84,2025,1552,112,3,Old Dominion,Indiana,2020,,PRO,,,,https://247sports.com/player/grant-wilson-46084532/high-school-235597,,https://247sports.com/player/grant-wilson-46084532/college-325276,
46134607,Kirby Vorhees,RB,Steinbrenner,Lutz,FL,84,2025,1554,107,3,South Dakota State,Washington State,2023,,RB,,,,https://247sports.com/player/kirby-vorhees-46134607/high-school-282562,,https://247sports.com/player/kirby-vorhees-46134607/college-326993,
46116243,Chris Barnes,WR,North Shore,Houston,TX,84,2025,1556,255,3,Washington State,Wake Forest,2024,84,WR,0.8419,1853,220,https://247sports.com/player/chris-barnes-46116243/high-school-265767,3,https://247sports.com/player/chris-barnes-46116243/college-318638,
83301,Harrison Bailey,QB,Marietta,Marietta,GA,84,2025,1557,113,3,Louisville,Florida,2020,95,PRO,0.9555,99,3,https://247sports.com/player/harrison-bailey-83301/high-school-144266,4,https://247sports.com/player/harrison-bailey-83301/college-299030,
46129762,Brendan Zurbrugg,QB,Alliance,Alliance,OH,84,2025,1558,114,3,Oklahoma,Utah,2024,86,QB,0.8731,826,53,https://247sports.com/player/brendan-zurbrugg-46129762/high-school-275720,3,https://247sports.com/player/brendan-zurbrugg-46129762/college-312120,
46153474,Qua Ashley,RB,Dublin,Dublin,GA,84,2025,1559,108,3,Kennesaw State,Ball State,2022,,RB,,,,https://247sports.com/player/qua-ashley-46153474/high-school-324546,,https://247sports.com/player/qua-ashley-46153474/college-324547,
46154472,Fernando Lecuona,EDGE,Millard South,Omaha,NE,84,2025,1560,148,3,South Dakota State,Washington State,2024,,EDGE,,,,https://247sports.com/player/fernando-lecuona-46154472/high-school-327166,,https://247sports.com/player/fernando-lecuona-46154472/college-327167,
46134878,Jayden Becks,RB,Waxahachie,Waxahachie,TX,84,2025,1561,109,3,Missouri State,North Texas,2023,,RB,,,,https://247sports.com/player/jayden-becks-46134878/high-school-283037,,https://247sports.com/player/jayden-becks-46134878/college-326142,
46141362,Carsten Reynolds,LB,Sedro Woolley,Sedro Woolley,WA,84,2025,1562,112,3,South Dakota State,Washington State,2024,84,ATH,0.84,1919,183,https://247sports.com/player/carsten-reynolds-46141362/high-school-296137,3,https://247sports.com/player/carsten-reynolds-46141362/college-327169,
46113379,Jordan Nubin,RB,St. Charles North,St. Charles,IL,84,2025,1563,110,3,Minnesota,Kent State,2021,,S,,,,https://247sports.com/player/jordan-nubin-46113379/high-school-261563,,https://247sports.com/player/jordan-nubin-46113379/college-269312,
46084269,Rayshon Luke,RB,St. John Bosco,Bellflower,CA,84,2025,1564,111,3,Arizona,Fresno State,2022,93,RB,0.9178,212,18,https://247sports.com/player/rayshon-luke-46084269/high-school-235079,4,https://247sports.com/player/rayshon-luke-46084269/college-285987,
46128514,DJay Braswell,RB,Washington County,Sandersville,GA,84,2025,1565,112,3,South Carolina,Georgia State,2023,91,RB,0.9128,255,16,https://247sports.com/player/djay-braswell-46128514/high-school-273706,4,https://247sports.com/player/djay-braswell-46128514/college-299549,
46094028,Camden Brown,WR,St. Thomas Aquinas,Fort Lauderdale,FL,84,2025,1566,256,3,Auburn,Georgia Southern,2022,88,WR,0.8889,435,66,https://247sports.com/player/camden-brown-46094028/high-school-242461,3,https://247sports.com/player/camden-brown-46094028/college-285173,
46079871,Jimmy Calloway,WR,Morrow,Morrow,GA,84,2025,1567,257,3,Tennessee,Tulane,2020,94,WR,0.9235,191,34,https://247sports.com/player/jimmy-calloway-46079871/high-school-229186,4,https://247sports.com/player/jimmy-calloway-46079871/college-290675,
46094726,Grant Page,WR,Fairview,Boulder,CO,84,2025,1568,258,3,Colorado,Southern Miss,2022,86,ATH,0.863,931,64,https://247sports.com/player/grant-page-46094726/high-school-243392,3,https://247sports.com/player/grant-page-46094726/college-319743,
46130641,Connor Vaughn,TE,Marcus,Flower Mound,TX,84,2025,1570,84,3,Tulsa,North Texas,2022,80,TE,0.82,1895,111,https://247sports.com/player/connor-vaughn-46130641/high-school-276470,3,https://247sports.com/player/connor-vaughn-46130641/college-286358,
46132259,Brendan Jenkins,WR,Mill Creek,Hoschton,GA,84,2025,1569,259,3,Samford,South Alabama,2023,,WR,,,,https://247sports.com/player/brendan-jenkins-46132259/high-school-278583,,https://247sports.com/player/brendan-jenkins-46132259/college-326402,
46102029,Martavious Collins,TE,South Pittsburg,South Pittsburg,TN,84,2025,1572,86,3,UTEP,Florida Atlantic,2024,85,TE,0.8694,938,71,https://247sports.com/player/martavious-collins-46102029/high-school-251746,3,https://247sports.com/player/martavious-collins-46102029/college-311689,
46117788,E.J. Harris,IOL,Auburn,Auburn,AL,84,2025,1577,130,3,Auburn,Middle Tennessee,2022,89,OT,0.9008,308,26,https://247sports.com/player/ej-harris-46117788/high-school-268191,3,https://247sports.com/player/ej-harris-46117788/college-281143,
46099961,Malachi Madison,DL,Thomas Dale,Chester,VA,84,2025,1578,171,3,Virginia Tech,UMass,2022,85,DL,0.85,1254,154,https://247sports.com/player/malachi-madison-46099961/high-school-267812,3,https://247sports.com/player/malachi-madison-46099961/college-282278,
46103958,Miles Walker,OT,Brunswick School,Greenwich,CT,84,2025,1580,122,3,Ohio State,Boise State,2023,88,OT,0.8867,501,33,https://247sports.com/player/miles-walker-46103958/high-school-255537,3,https://247sports.com/player/miles-walker-46103958/college-294705,
46131469,Nikola Milovac,OT,Clearwater Academy International,Serbia,SERB,84,2025,1583,123,3,South Florida,Kennesaw State,2023,85,OT,0.86,1111,85,https://247sports.com/player/nikola-milovac-46131469/high-school-284022,3,https://247sports.com/player/nikola-milovac-46131469/college-301544,
46117494,Chenellson Exume,DL,Edison,Miami,FL,84,2025,1584,172,3,South Florida,Florida Atlantic,2024,85,DL,0.8531,1501,122,https://247sports.com/player/chenellson-exume-46117494/high-school-267771,3,https://247sports.com/player/chenellson-exume-46117494/college-307417,
46101208,Dion Washington,DL,Shadow Ridge,Las Vegas,NV,84,2025,1586,173,3,Nevada,Boise State,2021,79,EDGE,0.7967,2485,129,https://247sports.com/player/dion-washington-46101208/high-school-250442,2,https://247sports.com/player/dion-washington-46101208/college-310797,
46099044,Yakiri Walker,IOL,DeSoto,DeSoto,TX,84,2025,1587,133,3,UConn,Memphis,2021,81,IOL,0.8278,1811,110,https://247sports.com/player/yakiri-walker-46099044/high-school-247648,3,https://247sports.com/player/yakiri-walker-46099044/college-311361,
46131868,Xander Ruggeroli,OT,Bishop Gorman,Las Vegas,NV,84,2025,1589,124,3,Nebraska,Arizona State,2024,84,OT,0.8614,1183,90,https://247sports.com/player/xander-ruggeroli-46131868/high-school-278053,3,https://247sports.com/player/xander-ruggeroli-46131868/college-318484,
46098852,Payton Kirkland,IOL,Dr. Phillips,Orlando,FL,84,2025,1590,134,3,Colorado,UAB,2023,90,OT,0.8828,558,47,https://247sports.com/player/payton-kirkland-46098852/high-school-247406,4,https://247sports.com/player/payton-kirkland-46098852/college-319506,
46102490,JJ Hawkins,EDGE,Discovery,Lawrenceville,GA,84,2025,1591,155,3,Marshall,Southern Miss,2021,87,DL,0.8663,756,93,https://247sports.com/player/jj-hawkins-46102490/high-school-252583,3,https://247sports.com/player/jj-hawkins-46102490/college-320494,
46139202,Simon Wilson,IOL,United Township,East Moline,IL,84,2025,1592,135,3,Middle Tennessee,Tulsa,2023,,IOL,,,,https://247sports.com/player/simon-wilson-46139202/junior-college-292159,,https://247sports.com/player/simon-wilson-46139202/college-320611,
46081942,Tyler Scott,DL,Jackson,Jackson,GA,84,2025,1593,174,3,Kennesaw State,UTEP,2020,,DT,,,,https://247sports.com/player/tyler-scott-46081942/high-school-232028,,https://247sports.com/player/tyler-scott-46081942/college-324591,
46100031,Tamatoa McDonough,EDGE,Asheville,Asheville,NC,84,2025,1595,156,3,Yale,Iowa State,2021,,OT,,,,https://247sports.com/player/tamatoa-mcdonough-46100031/high-school-248872,,https://247sports.com/player/tamatoa-mcdonough-46100031/college-325018,
46102821,Christian Anderson,OT,Cedar Grove,Ellenwood,GA,84,2025,1598,126,3,Chattanooga,Southern Miss,2021,,OT,,,,https://247sports.com/player/christian-anderson-46102821/high-school-254609,,https://247sports.com/player/christian-anderson-46102821/college-326458,
46131337,Jaymon Lamb,OT,Rowlett,Rowlett,TX,84,2025,1601,128,3,Stephen F. Austin,North Texas,2023,,OT,,,,https://247sports.com/player/jaymon-lamb-46131337/high-school-277363,,https://247sports.com/player/jaymon-lamb-46131337/college-327087,
46153540,Tyree Morris,DL,Mechanicsburg Area,Mechanicsburg,PA,84,2025,1594,175,3,Lafayette,Utah State,2022,,DL,,,,https://247sports.com/player/tyree-morris-46153540/prep-324652,,https://247sports.com/player/tyree-morris-46153540/college-324653,
46103762,Quentavius Scandrett,S,Lovejoy,Hampton,GA,84,2025,1603,141,3,Eastern Michigan,Arkansas,2021,83,S,0.8293,1767,153,https://247sports.com/player/quentavius-scandrett-46103762/high-school-254956,3,https://247sports.com/player/quentavius-scandrett-46103762/college-271476,
46110547,Carson Dean,LB,Hebron,Carrollton,TX,84,2025,1604,113,3,Arkansas,Purdue,2023,87,EDGE,0.8728,776,72,https://247sports.com/player/carson-dean-46110547/high-school-259081,3,https://247sports.com/player/carson-dean-46110547/college-296727,
46136080,Tyshawn Russell,WR,Bishop McDevitt,Harrisburg,PA,84,2025,1605,260,3,South Carolina,Syracuse,2023,86,WR,0.8617,1077,153,https://247sports.com/player/tyshawn-russell-46136080/high-school-285630,3,https://247sports.com/player/tyshawn-russell-46136080/college-299553,
46084002,Peter Knudson,TE,McCall-Donnelly,Mccall,ID,84,2025,1606,87,3,Weber State,Alabama,2020,76,DUAL,0.76,3755,101,https://247sports.com/player/peter-knudson-46084002/high-school-234728,2,https://247sports.com/player/peter-knudson-46084002/college-327228,
46081506,Christian Moore,TE,Huntington Beach,Huntington Beach,CA,84,2025,1607,88,3,Kansas State,Purdue,2020,81,TE,0.8226,2080,101,https://247sports.com/player/christian-moore-46081506/high-school-231493,3,https://247sports.com/player/christian-moore-46081506/college-312546,
46080439,Jayland Parker,LB,Westside,Macon,GA,84,2025,1608,114,3,NC State,Marshall,2020,87,ILB,0.8781,554,28,https://247sports.com/player/jayland-parker-46080439/high-school-230064,3,https://247sports.com/player/jayland-parker-46080439/college-252439,
46154461,Jordan Hall,OT,James Madison,Brooklyn,NY,84,2025,1600,127,3,Monmouth,Tulane,2019,,IOL,,,,https://247sports.com/player/jordan-hall-46154461/high-school-327082,,https://247sports.com/player/jordan-hall-46154461/college-327084,
46110105,John Lewis,LB,Germantown,Madison,MS,84,2025,1610,115,3,Mississippi State,West Virginia,2021,92,LB,0.914,237,26,https://247sports.com/player/john-lewis-46110105/high-school-258246,4,https://247sports.com/player/john-lewis-46110105/college-331810,
46129779,DeMarco Ward,LB,Duluth,Duluth,GA,84,2025,1612,117,3,Florida State,Memphis,2023,85,LB,0.8567,1213,99,https://247sports.com/player/demarco-ward-46129779/high-school-275752,3,https://247sports.com/player/demarco-ward-46129779/college-290389,
46094879,Anthony Garcia,QB,Capital Christian,Sacramento,CA,84,2025,1615,117,3,San Jose State,Utah State,2022,85,QB,0.8359,1600,99,https://247sports.com/player/anthony-garcia-46094879/high-school-243668,3,https://247sports.com/player/anthony-garcia-46094879/college-319447,
46131949,Ryder Burton,QB,Springville,Springville,UT,84,2025,1616,118,3,BYU,UAB,2023,85,QB,0.8464,1538,76,https://247sports.com/player/ryder-burton-46131949/high-school-278144,3,https://247sports.com/player/ryder-burton-46131949/college-319732,
46139991,Montreze Smith Jr.,LB,Carrollton,Carrollton,GA,84,2025,1617,119,3,Duke,Austin Peay,2024,87,LB,0.8681,977,84,https://247sports.com/player/montreze-smith-jr-46139991/high-school-293256,3,https://247sports.com/player/montreze-smith-jr-46139991/college-333018,
46094284,Langston Long,LB,Christ School,Arden,NC,84,2025,1618,120,3,Virginia,Toledo,2021,85,S,0.8522,1123,98,https://247sports.com/player/langston-long-46094284/high-school-242917,3,https://247sports.com/player/langston-long-46094284/college-320529,
46113375,Everett Roussaw Jr.,LB,Cedar Grove,Ellenwood,GA,84,2025,1619,121,3,UAB,Memphis,2023,84,LB,0.855,1264,104,https://247sports.com/player/everett-roussaw-jr-46113375/high-school-261559,3,https://247sports.com/player/everett-roussaw-jr-46113375/college-320610,
46154089,Jacob Ellis,LB,Granite Bay,Granite Bay,CA,84,2025,1621,123,3,Iowa State,Colorado State,2022,,LB,,,,https://247sports.com/player/jacob-ellis-46154089/junior-college-325898,,https://247sports.com/player/jacob-ellis-46154089/college-325899,
46050965,Kavir Bains-Marquez,S,Valley Christian,San Jose,CA,86,2025,821,70,3,UC Davis,Pittsburgh,2020,80,S,0.7833,3377,250,https://247sports.com/player/kavir-bains-marquez-46050965/high-school-210751,3,https://247sports.com/player/kavir-bains-marquez-46050965/college-326267,
46147514,Ahmad Hardy,RB,Lawrence County,Monticello,MS,91,2025,116,6,4,Louisiana-Monroe,Missouri,2024,84,RB,0.84,1919,142,https://247sports.com/player/ahmad-hardy-46147514/high-school-309258,3,https://247sports.com/player/ahmad-hardy-46147514/college-319927,
46116954,KC Concepcion,WR,Chambers,Charlotte,NC,94,2025,18,5,4,NC State,Texas A&amp;M,2023,88,WR,0.8825,567,82,https://247sports.com/player/kc-concepcion-46116954/high-school-266846,3,https://247sports.com/player/kc-concepcion-46116954/college-292237,
46099991,Bryson Canty,WR,Reagan,Pfafftown,NC,87,2025,373,64,3,Columbia,Kansas,2021,83,WR,,,,https://247sports.com/player/bryson-canty-46099991/high-school-248845,3,https://247sports.com/player/bryson-canty-46099991/college-324588,
46054225,Deuce Spann,WR,Lakewood,St. Petersburg,FL,87,2025,384,75,3,Illinois,Pittsburgh,2020,83,DUAL,0.8604,919,27,https://247sports.com/player/deuce-spann-46054225/high-school-215293,3,https://247sports.com/player/deuce-spann-46054225/college-275102,
46098496,Drew Biber,TE,Cedarburg,Cedarburg,WI,87,2025,397,18,3,Purdue,Minnesota,2021,86,TE,0.8415,1426,197,https://247sports.com/player/drew-biber-46098496/high-school-246937,3,https://247sports.com/player/drew-biber-46098496/college-269624,
46127886,Calvin Simpson-Hunt,CB,Waxahachie,Waxahachie,TX,87,2025,405,48,3,Ohio State,Baylor,2023,95,CB,0.9674,63,8,https://247sports.com/player/calvin-simpson-hunt-46127886/high-school-272727,4,https://247sports.com/player/calvin-simpson-hunt-46127886/college-298983,
46116394,Carlos Hernandez,WR,Monrovia,Monrovia,CA,87,2025,427,89,3,Washington State,Wake Forest,2023,85,WR,0.8575,1196,174,https://247sports.com/player/carlos-hernandez-46116394/high-school-265984,3,https://247sports.com/player/carlos-hernandez-46116394/college-294625,
46081124,Shakur Smalls,S,West Catholic Prep,Philadelphia,PA,86,2025,874,73,3,Maine,Arkansas,2020,,S,,,,https://247sports.com/player/shakur-smalls-46081124/high-school-231004,,https://247sports.com/player/shakur-smalls-46081124/college-336480,
46048912,Tony Grimes,CB,Princess Anne,Virginia Beach,VA,87,2025,435,60,3,UNLV,Purdue,2020,96,CB,0.9859,28,3,https://247sports.com/player/tony-grimes-46048912/high-school-206843,4,https://247sports.com/player/tony-grimes-46048912/college-312022,
46086970,Kevin Wigenton II,IOL,Hun School,Princeton,NJ,87,2025,445,42,3,Illinois,Virginia,2021,84,IOL,0.8422,1405,86,https://247sports.com/player/kevin-wigenton-ii-46086970/high-school-241206,3,https://247sports.com/player/kevin-wigenton-ii-46086970/college-307436,
46117158,John Slaughter,S,Southaven,Southaven,MS,86,2025,883,75,3,Tennessee,Colorado,2023,88,S,0.8803,599,56,https://247sports.com/player/john-slaughter-46117158/high-school-267279,3,https://247sports.com/player/john-slaughter-46117158/college-289788,
46055708,Jordan Dingle,TE,Bowling Green,Bowling Green,KY,86,2025,536,28,3,Kentucky,South Carolina,2021,87,TE,0.8826,480,21,https://247sports.com/player/jordan-dingle-46055708/high-school-217732,3,https://247sports.com/player/jordan-dingle-46055708/college-268316,
46100843,Myles Norwood,CB,Trinity Catholic,St. Louis,MO,88,2025,336,43,3,Ball State,South Carolina,2022,,CB,,,,https://247sports.com/player/myles-norwood-46100843/junior-college-277434,,https://247sports.com/player/myles-norwood-46100843/college-320107,
46101619,Kody Huisman,DL,Pella,Pella,IA,87,2025,481,59,3,North Dakota State,Virginia Tech,2021,,DL,,,,https://247sports.com/player/kody-huisman-46101619/high-school-251233,,https://247sports.com/player/kody-huisman-46101619/college-336489,
46115761,Ismael Cisse,WR,Cherry Creek,Englewood,CO,86,2025,744,138,3,Stanford,Arkansas,2023,85,WR,0.8606,1104,157,https://247sports.com/player/ismael-cisse-46115761/high-school-264653,3,https://247sports.com/player/ismael-cisse-46115761/college-300684,
46146004,Wydett Williams Jr.,S,General Trass,Lake Providence,LA,86,2025,898,79,3,Delta State,Ole Miss,2022,,S,,,,https://247sports.com/player/wydett-williams-jr-46146004/high-school-306345,,https://247sports.com/player/wydett-williams-jr-46146004/college-310675,
46085119,Jayden Wayne,EDGE,IMG Academy,Bradenton,FL,86,2025,746,73,3,Miami,California,2023,95,EDGE,0.96,80,13,https://247sports.com/player/jayden-wayne-46085119/high-school-283584,4,https://247sports.com/player/jayden-wayne-46085119/college-318567,
46154043,Malik Charles,EDGE,Compass Prep,Chandler,AZ,86,2025,800,81,3,West Georgia,Oklahoma State,2022,,DL,,,,https://247sports.com/player/malik-charles-46154043/high-school-325765,,https://247sports.com/player/malik-charles-46154043/college-325770,
46131136,Michael Teason,LB,Christian Brothers College,St. Louis,MO,86,2025,860,50,3,Missouri State,TCU,2023,84,LB,,,,https://247sports.com/player/michael-teason-46131136/high-school-277143,3,https://247sports.com/player/michael-teason-46131136/college-336280,
46083530,Da'Marcus Crosby,S,Humble,Humble,TX,86,2025,911,81,3,Sam Houston,Virginia,2023,,S,,,,https://247sports.com/player/damarcus-crosby-46083530/junior-college-313555,,https://247sports.com/player/damarcus-crosby-46083530/college-319261,
46098758,Blake Thompson,S,Elkins,Missouri City,TX,86,2025,910,80,3,Iowa State,Houston,2022,,S,,,,https://247sports.com/player/blake-thompson-46098758/junior-college-279455,,https://247sports.com/player/blake-thompson-46098758/college-312471,
46128226,Ja'Elyne Matthews,OT,Toms River North,Toms River,NJ,86,2025,914,72,3,Rutgers,Florida State,2025,88,OT,0.8858,541,40,https://247sports.com/player/jaelyne-matthews-46128226/high-school-273281,3,https://247sports.com/player/jaelyne-matthews-46128226/college-329819,
46054746,George Rooks,DL,St. Peter's Prep,Jersey City,NJ,86,2025,918,99,3,Boston College,Syracuse,2021,88,DL,0.907,271,35,https://247sports.com/player/george-rooks-46054746/high-school-216196,3,https://247sports.com/player/george-rooks-46054746/college-293680,
46152690,Jordan Scott,WR,Appomattox County,Appomattox,VA,86,2025,926,165,3,Florida State,Maryland,2025,,WR,,,,https://247sports.com/player/jordan-scott-46152690/junior-college-322475,,https://247sports.com/player/jordan-scott-46152690/college-327128,
46139485,Dilan Battle,DL,Mansfield Timberview,Arlington,TX,86,2025,932,103,3,LSU,Utah,2025,88,DL,0.8786,692,76,https://247sports.com/player/dilan-battle-46139485/high-school-292623,3,https://247sports.com/player/dilan-battle-46139485/college-331112,
46098353,Brennan Smith,IOL,Escambia,Pensacola,FL,86,2025,924,80,3,UTEP,Mississippi State,2021,,IOL,,,,https://247sports.com/player/brennan-smith-46098353/high-school-246718,,https://247sports.com/player/brennan-smith-46098353/college-311696,
46056211,Ben Gulbranson,QB,Newbury Park,Newbury Park,CA,86,2025,935,64,3,Oregon State,Stanford,2020,86,PRO,0.8674,757,31,https://247sports.com/player/ben-gulbranson-46056211/high-school-218375,3,https://247sports.com/player/ben-gulbranson-46056211/college-248752,
46094117,Kannon Katzer,RB,Mt. Spokane,Mead,WA,86,2025,939,59,3,Washington State,West Virginia,2020,77,ATH,0.77,3597,291,https://247sports.com/player/kannon-katzer-46094117/high-school-242688,2,https://247sports.com/player/kannon-katzer-46094117/college-326013,
46158327,Logan Ramper,WR,Cumberland Valley,Mechanicsburg,PA,86,2025,947,167,3,Slippery Rock (NA),West Virginia,2021,,WR,,,,https://247sports.com/player/logan-ramper-46158327/high-school-337314,,https://247sports.com/player/logan-ramper-46158327/college-337315,
46153387,Pooda Walker,DL,Pine Forest,Pensacola,FL,85,2024,957,108,3,Kennesaw State,Memphis,2020,,DL,,,,https://247sports.com/player/pooda-walker-46153387/high-school-324398,,https://247sports.com/player/pooda-walker-46153387/college-324399,
46079065,Var'Keyes Gumms,TE,Dekaney,Houston,TX,85,2025,958,50,3,Arkansas,UNLV,2021,86,TE,0.86,917,49,https://247sports.com/player/varkeyes-gumms-46079065/high-school-228216,3,https://247sports.com/player/varkeyes-gumms-46079065/college-297377,
46079085,Will Reed,OT,Eastside Catholic,Sammamish,WA,85,2025,959,76,3,Princeton,Georgia Tech,2021,88,OT,0.8726,635,52,https://247sports.com/player/will-reed-46079085/high-school-228239,3,https://247sports.com/player/will-reed-46079085/college-324932,
46056498,Sam Jackson V,WR,Naperville Central,Naperville,IL,85,2025,979,170,3,Auburn,Oklahoma State,2021,89,QB,0.8929,374,32,https://247sports.com/player/sam-jackson-v-46056498/high-school-218827,3,https://247sports.com/player/sam-jackson-v-46056498/college-307147,
46110665,Antonio Kite,CB,Anniston,Anniston,AL,85,2025,982,112,3,Alabama,Ole Miss,2022,92,ATH,0.9337,167,8,https://247sports.com/player/antonio-kite-46110665/high-school-259407,4,https://247sports.com/player/antonio-kite-46110665/college-307784,
46097822,Jaylon Glover,RB,Lake Gibson,Lakeland,FL,85,2025,974,62,3,Utah,UNLV,2022,87,RB,0.8976,350,32,https://247sports.com/player/jaylon-glover-46097822/high-school-245879,3,https://247sports.com/player/jaylon-glover-46097822/college-276599,
46113044,Kalib Hicks,RB,Denton Ryan,Denton,TX,85,2025,1019,64,3,Oklahoma,Oklahoma State,2023,87,RB,0.8839,544,38,https://247sports.com/player/kalib-hicks-46113044/high-school-260927,3,https://247sports.com/player/kalib-hicks-46113044/college-290951,
46084447,Reese Poffenbarger,QB,Middletown,Middletown,MD,85,2025,1003,74,3,Miami,North Texas,2020,81,PRO,0.8283,1926,68,https://247sports.com/player/reese-poffenbarger-46084447/high-school-235484,3,https://247sports.com/player/reese-poffenbarger-46084447/college-308668,
46094572,Daiquan White,CB,Creekside,Fairburn,GA,85,2025,1018,117,3,Eastern Michigan,Georgia Tech,2023,82,CB,0.8342,1803,153,https://247sports.com/player/daiquan-white-46094572/high-school-243106,3,https://247sports.com/player/daiquan-white-46094572/college-320788,
94016,Jacob Zeno,QB,John Jay,San Antonio,TX,85,2025,955,65,3,UAB,Texas A&amp;M,2019,86,PRO,0.9048,283,8,https://247sports.com/player/jacob-zeno-94016/high-school-179635,3,https://247sports.com/player/jacob-zeno-94016/college-286884,
46139145,Rasheed Jackson,OT,Duncanville,Duncanville,TX,85,2025,1045,84,3,Incarnate Word,TCU,2023,,OT,,,,https://247sports.com/player/rasheed-jackson-46139145/high-school-292009,,https://247sports.com/player/rasheed-jackson-46139145/college-326207,
46128122,Jaron Tibbs,WR,Cathedral,Indianapolis,IN,85,2025,1044,180,3,Purdue,Kansas State,2023,88,WR,0.8575,1196,174,https://247sports.com/player/jaron-tibbs-46128122/high-school-273075,3,https://247sports.com/player/jaron-tibbs-46128122/college-300579,
46110603,Zach Atkins,TE,Blue Valley Southwest,Olathe,KS,85,2025,963,51,3,Northwest Missouri State,Colorado,2022,,WR,,,,https://247sports.com/player/zach-atkins-46110603/high-school-259227,,https://247sports.com/player/zach-atkins-46110603/college-324780,
46051894,Yanni Karlaftis,LB,West Lafayette,West Lafayette,IN,85,2025,1048,66,3,Purdue,Northwestern,2021,88,LB,0.9069,273,32,https://247sports.com/player/yanni-karlaftis-46051894/high-school-212011,3,https://247sports.com/player/yanni-karlaftis-46051894/college-266941,
46116323,Cody Hardy,TE,Parkwood,Monroe,NC,85,2025,1057,56,3,Elon,NC State,2022,,EDGE,,,,https://247sports.com/player/cody-hardy-46116323/high-school-265865,,https://247sports.com/player/cody-hardy-46116323/college-325774,
46083936,Ray Thomas,EDGE,Park,Racine,WI,85,2025,1061,104,3,Northern Illinois,Mississippi State,2020,79,WDE,0.8115,2450,115,https://247sports.com/player/ray-thomas-46083936/high-school-234638,2,https://247sports.com/player/ray-thomas-46083936/college-256750,
46080056,Melvin Jordan IV,LB,Calvary Christian,St. Petersburg,FL,85,2025,1060,68,3,Oregon State,Georgia Tech,2022,87,LB,0.8856,483,47,https://247sports.com/player/melvin-jordan-iv-46080056/high-school-229444,3,https://247sports.com/player/melvin-jordan-iv-46080056/college-285777,
46128421,Carmycah Glass,LB,Ouachita Parish,Monroe,LA,85,2025,1059,67,3,Missouri,Houston,2022,87,LB,0.8685,796,50,https://247sports.com/player/carmycah-glass-46128421/high-school-273579,3,https://247sports.com/player/carmycah-glass-46128421/college-312556,
46036849,Key Lawrence,S,Ensworth,Nashville,TN,85,2025,971,86,3,Ole Miss,UCLA,2020,95,S,0.9646,81,6,https://247sports.com/player/key-lawrence-46036849/high-school-186854,4,https://247sports.com/player/key-lawrence-46036849/college-311234,
46094133,Keagan Johnson,WR,Bellevue West,Bellevue,NE,85,2025,1062,182,3,Iowa,New Mexico,2021,90,WR,0.8956,354,23,https://247sports.com/player/keagan-johnson-46094133/high-school-242729,4,https://247sports.com/player/keagan-johnson-46094133/college-294868,
46128922,Scooter Jackson,CB,Warren,Downey,CA,85,2025,1063,122,3,Utah Tech,UCLA,2023,83,CB,0.7983,2272,188,https://247sports.com/player/scooter-jackson-46128922/high-school-274242,3,https://247sports.com/player/scooter-jackson-46128922/college-325839,
46138149,JoJo Evans Jr.,S,Dwyer,Palm Beach Gardens,FL,85,2025,1067,92,3,FIU,Louisville,2019,,S,,,,https://247sports.com/player/jojo-evans-jr-46138149/high-school-290157,,https://247sports.com/player/jojo-evans-jr-46138149/college-299582,
46082168,Dean Patterson,WR,Steinbrenner,Lutz,FL,85,2025,1068,183,3,Findlay (NA),Georgia Tech,2020,,WR,,,,https://247sports.com/player/dean-patterson-46082168/high-school-232312,,https://247sports.com/player/dean-patterson-46082168/college-325165,
46102539,Andy Jean,WR,Miami Northwestern,Miami,FL,85,2025,980,171,3,Florida,Arkansas,2023,89,WR,0.8958,381,57,https://247sports.com/player/andy-jean-46102539/high-school-252659,3,https://247sports.com/player/andy-jean-46102539/college-333148,
46049909,Antwain Littleton II,RB,St. John's College,Greenbelt,MD,85,2025,1070,65,3,Temple,Rhode Island,2021,85,RB,0.8666,755,49,https://247sports.com/player/antwain-littleton-ii-46049909/high-school-208879,3,https://247sports.com/player/antwain-littleton-ii-46049909/college-309220,
46154170,Jahzari Priester,DL,Western Branch,Chesapeake,VA,85,2025,1072,120,3,Hampton,Virginia Tech,2023,,DL,,,,https://247sports.com/player/jahzari-priester-46154170/high-school-326152,,https://247sports.com/player/jahzari-priester-46154170/college-326154,
46110206,Ismail Mahdi,RB,Plano East,Plano,TX,85,2025,983,63,3,Houston Christian,Arizona,2022,,RB,,,,https://247sports.com/player/ismail-mahdi-46110206/high-school-258432,,https://247sports.com/player/ismail-mahdi-46110206/college-300128,
46116138,Ric'Darious Farmer,WR,Melbourne Central Catholic,Melbourne,FL,85,2025,1076,185,3,West Virginia,UCF,2024,90,WR,0.895,409,62,https://247sports.com/player/ricdarious-farmer-46116138/high-school-298186,4,https://247sports.com/player/ricdarious-farmer-46116138/college-316479,
46056065,Raesjon Davis,LB,Mater Dei,Santa Ana,CA,85,2025,1079,71,3,USC,Oregon State,2021,95,LB,0.9746,49,6,https://247sports.com/player/raesjon-davis-46056065/high-school-218182,4,https://247sports.com/player/raesjon-davis-46056065/college-268971,
46037035,Jaiden Francois,CB,South Dade,Homestead,FL,85,2025,1077,123,3,Utah State,Duke,2020,90,S,0.9047,283,29,https://247sports.com/player/jaiden-francois-46037035/high-school-187237,4,https://247sports.com/player/jaiden-francois-46037035/college-326382,
46132574,Isaiah Chisom,LB,Chaminade,West Hills,CA,85,2025,1084,72,3,Oregon State,UCLA,2023,88,LB,0.8542,1286,109,https://247sports.com/player/isaiah-chisom-46132574/high-school-278999,3,https://247sports.com/player/isaiah-chisom-46132574/college-299099,
46083913,Tyquan King,LB,Dillon,West Haven,CT,85,2025,1087,73,3,Temple,UConn,2020,80,ILB,0.7833,3377,167,https://247sports.com/player/tyquan-king-46083913/high-school-234604,3,https://247sports.com/player/tyquan-king-46083913/college-309227,
46086189,Taariq Al-Uqdah,LB,Inglewood,Inglewood,CA,85,2025,1088,74,3,Washington State,Washington,2022,89,LB,0.8774,617,59,https://247sports.com/player/taariq-al-uqdah-46086189/high-school-255107,3,https://247sports.com/player/taariq-al-uqdah-46086189/college-282986,
46154063,AJ Richardson,LB,Kings Mountain,Kings Mountain,NC,85,2025,1092,76,3,Norfolk State,NC State,2023,,LB,,,,https://247sports.com/player/aj-richardson-46154063/high-school-325844,,https://247sports.com/player/aj-richardson-46154063/college-325845,
46118328,Mo Westmoreland,EDGE,Klein Forest,Houston,TX,85,2025,1093,106,3,UTEP,Tulane,2022,,EDGE,,,,https://247sports.com/player/mo-westmoreland-46118328/junior-college-269447,,https://247sports.com/player/mo-westmoreland-46118328/college-326564,
46153732,Cameron Barmore,WR,Panama,Panama,NY,85,2025,1014,174,3,Mercyhurst,Arizona,2020,,WR,,,,https://247sports.com/player/cameron-barmore-46153732/high-school-325010,,https://247sports.com/player/cameron-barmore-46153732/college-325011,
46104039,Michael Diatta,DL,Cane Ridge,Antioch,TN,85,2025,1095,121,3,Virginia,Oklahoma State,2021,86,DL,0.863,837,105,https://247sports.com/player/michael-diatta-46104039/high-school-255756,3,https://247sports.com/player/michael-diatta-46104039/college-269056,
46103607,Kevorian Barnes,RB,San Augustine,San Augustine,TX,85,2025,1096,68,3,UTSA,TCU,2021,81,RB,0.8315,1704,124,https://247sports.com/player/kevorian-barnes-46103607/high-school-254709,3,https://247sports.com/player/kevorian-barnes-46103607/college-271056,
46154268,Joseph Reddish,CB,Independence,Charlotte,NC,85,2025,1100,126,3,Wingate,Virginia Tech,2023,,CB,,,,https://247sports.com/player/joseph-reddish-46154268/high-school-326409,,https://247sports.com/player/joseph-reddish-46154268/college-326410,
46128099,Mike Mitchell,RB,Middleburg,Middleburg,FL,85,2025,1099,69,3,Utah,Arizona,2023,86,RB,0.8891,467,29,https://247sports.com/player/mike-mitchell-46128099/high-school-273026,3,https://247sports.com/player/mike-mitchell-46128099/college-297445,
46139423,Tyler Mercer,IOL,Prosper,Prosper,TX,85,2025,1023,91,3,North Texas,Kansas,2024,85,IOL,0.8444,1794,145,https://247sports.com/player/tyler-mercer-46139423/high-school-292546,3,https://247sports.com/player/tyler-mercer-46139423/college-309661,
46112015,Khalifa Keith,RB,Parker,Birmingham,AL,85,2025,1105,70,3,Tennessee,Appalachian State,2023,87,RB,0.8794,613,42,https://247sports.com/player/khalifa-keith-46112015/high-school-260188,3,https://247sports.com/player/khalifa-keith-46112015/college-298053,
46125745,Hank Zilinskas,IOL,Cherry Creek,Englewood,CO,85,2025,1107,97,3,Colorado,Rutgers,2023,83,IOL,0.8336,1820,135,https://247sports.com/player/hank-zilinskas-46125745/high-school-271785,3,https://247sports.com/player/hank-zilinskas-46125745/college-299208,
46118241,Cole Gonzales,QB,Trinity Catholic,Ocala,FL,85,2025,1110,84,3,Oklahoma,Pittsburgh,2022,,QB,,,,https://247sports.com/player/cole-gonzales-46118241/high-school-269248,,https://247sports.com/player/cole-gonzales-46118241/college-332769,
46138167,Andrew Rosinski,OT,Creekview,Canton,GA,85,2025,1033,82,3,North Carolina,Georgia Tech,2024,91,OT,0.8878,508,40,https://247sports.com/player/andrew-rosinski-46138167/high-school-290211,4,https://247sports.com/player/andrew-rosinski-46138167/college-309579,
46053691,Joey Aguilar,QB,Freedom,Oakley,CA,85,2025,1111,85,3,Appalachian State,Tennessee,2023,,QB,,,,https://247sports.com/player/joey-aguilar-46053691/junior-college-289518,,https://247sports.com/player/joey-aguilar-46053691/college-335336,
46079322,MJ Morris,QB,Carrollton,Carrollton,GA,85,2025,1112,86,3,Maryland,Coastal Carolina,2022,88,QB,0.8909,417,25,https://247sports.com/player/mj-morris-46079322/high-school-254599,3,https://247sports.com/player/mj-morris-46079322/college-311584,
46132948,Mason Mini,TE,Terra Nova,Pacifica,CA,85,2025,1114,57,3,Idaho,California,2023,78,TE,,,,https://247sports.com/player/mason-mini-46132948/high-school-279558,2,https://247sports.com/player/mason-mini-46132948/college-326575,
46138297,Kai Greer,OT,Marvin Ridge,Waxhaw,NC,85,2025,1116,89,3,Georgia Tech,Stanford,2024,88,OT,0.8833,592,43,https://247sports.com/player/kai-greer-46138297/high-school-290424,3,https://247sports.com/player/kai-greer-46138297/college-316528,
46154249,Brandon Sneh,OT,Neumann Goretti,Philadelphia,PA,85,2025,1115,88,3,Kansas State,UAB,2022,,OT,,,,https://247sports.com/player/brandon-sneh-46154249/prep-326331,,https://247sports.com/player/brandon-sneh-46154249/college-333126,
46042734,Charles Ross,WR,Culver City,Culver City,CA,85,2025,1117,191,3,USC,Purdue,2018,82,WR,0.8154,1909,279,https://247sports.com/player/charles-ross-46042734/high-school-195156,3,https://247sports.com/player/charles-ross-46042734/college-318540,
46154444,Evan Beerntsen,IOL,Appleton North,Appleton,WI,85,2025,1123,100,3,South Dakota State,Northwestern,2019,,IOL,,,,https://247sports.com/player/evan-beerntsen-46154444/high-school-326998,,https://247sports.com/player/evan-beerntsen-46154444/college-326999,
46054328,Chauncey Magwood,WR,Lee County,Leesburg,GA,85,2025,1126,193,3,UCF,Purdue,2021,87,WR,0.8781,543,86,https://247sports.com/player/chauncey-magwood-46054328/high-school-215498,3,https://247sports.com/player/chauncey-magwood-46054328/college-295137,
46097908,Ayden Garnes,CB,Monsignor Bonner,Philadelphia,PA,85,2025,1128,129,3,West Virginia,Arizona,2021,,S,,,,https://247sports.com/player/ayden-garnes-46097908/high-school-245924,,https://247sports.com/player/ayden-garnes-46097908/college-307335,
46057748,Timmy McClain,QB,Seminole,Sanford,FL,85,2025,1132,87,3,Arkansas State,Bethune-Cookman,2021,83,QB,0.8463,1310,84,https://247sports.com/player/timmy-mcclain-46057748/high-school-221519,3,https://247sports.com/player/timmy-mcclain-46057748/college-319774,
46138920,Langden Kitchen,DL,Westran,Huntsville,MO,85,2025,1064,118,3,Northwest Missouri State,Missouri,2023,76,DL,,,,https://247sports.com/player/langden-kitchen-46138920/high-school-291704,2,https://247sports.com/player/langden-kitchen-46138920/college-325178,
46138012,Lamar Robinson,IOL,Hayfield,Alexandria,VA,85,2025,1133,101,3,Norfolk State,California,2022,,OT,,,,https://247sports.com/player/lamar-robinson-46138012/high-school-289942,,https://247sports.com/player/lamar-robinson-46138012/college-290514,
46140114,Frank Cusano,LB,Granite Bay,Granite Bay,CA,85,2025,1134,79,3,Washington State,Wake Forest,2024,85,LB,0.8503,1586,142,https://247sports.com/player/frank-cusano-46140114/high-school-293454,3,https://247sports.com/player/frank-cusano-46140114/college-308028,
46140674,Lucas Austin,OT,Sterling,Sterling,IL,85,2025,1136,91,3,West Virginia,Virginia Tech,2024,89,OT,0.8619,1172,89,https://247sports.com/player/lucas-austin-46140674/high-school-294525,3,https://247sports.com/player/lucas-austin-46140674/college-316475,
46154148,Brayden Manley,EDGE,West Craven,Vanceboro,NC,85,2025,1073,105,3,Mercer,Georgia Tech,2023,,EDGE,,,,https://247sports.com/player/brayden-manley-46154148/high-school-326114,,https://247sports.com/player/brayden-manley-46154148/college-326115,
46129444,Gabe Kirschke,EDGE,Valor Christian,Littleton,CO,85,2025,1137,109,3,Wisconsin,Wake Forest,2022,,DL,,,,https://247sports.com/player/gabe-kirschke-46129444/high-school-275115,,https://247sports.com/player/gabe-kirschke-46129444/college-318864,
46154370,Mickel Clay,OT,Finneytown Secondary Campus,Cincinnati,OH,85,2025,1139,92,3,North Alabama,West Virginia,2022,,OT,,,,https://247sports.com/player/mickel-clay-46154370/junior-college-326778,,https://247sports.com/player/mickel-clay-46154370/college-326777,
46103578,Javin Whatley,WR,Rockmart,Rockmart,GA,85,2025,1086,187,3,Chattanooga,Arizona,2021,,WR,,,,https://247sports.com/player/javin-whatley-46103578/high-school-254659,,https://247sports.com/player/javin-whatley-46103578/college-326036,
46130414,Ashton Woods,LB,Walton,Marietta,GA,85,2025,1129,78,3,North Carolina,West Virginia,2024,88,LB,0.885,563,50,https://247sports.com/player/ashton-woods-46130414/high-school-276125,3,https://247sports.com/player/ashton-woods-46130414/college-309584,
46153544,Eli Ennis,LB,Ohatchee,Ohatchee,AL,85,2025,1075,70,3,Nicholls,UAB,2022,,LB,,,,https://247sports.com/player/eli-ennis-46153544/high-school-324666,,https://247sports.com/player/eli-ennis-46153544/college-324667,
46130779,Davion Dozier,WR,Moody,Moody,AL,85,2025,1145,196,3,Arkansas,Appalachian State,2023,91,WR,0.8975,361,51,https://247sports.com/player/davion-dozier-46130779/high-school-276675,4,https://247sports.com/player/davion-dozier-46130779/college-297361,
46131374,Keyon Cox,OT,Central Phenix City,Phenix City,AL,85,2025,1081,86,3,UCF,Oregon State,2023,84,OT,0.8514,1358,107,https://247sports.com/player/keyon-cox-46131374/high-school-277405,3,https://247sports.com/player/keyon-cox-46131374/college-301351,
46113595,Tyrin Smith,WR,Cibolo Steele,Cibolo,TX,85,2025,1147,198,3,Cincinnati,Texas State,2021,,WR,,,,https://247sports.com/player/tyrin-smith-46113595/junior-college-261878,,https://247sports.com/player/tyrin-smith-46113595/college-310196,
46057113,Elijah Metcalf,WR,Mallard Creek,Charlotte,NC,85,2025,1149,200,3,Middle Tennessee,Southern Miss,2021,82,WR,0.8333,1654,222,https://247sports.com/player/elijah-metcalf-46057113/high-school-220057,3,https://247sports.com/player/elijah-metcalf-46057113/college-319365,
46111905,Louis Brown IV,WR,Inglewood,Inglewood,CA,85,2025,1148,199,3,Colorado State,Baylor,2022,84,WR,0.8207,1882,233,https://247sports.com/player/louis-brown-iv-46111905/high-school-260059,3,https://247sports.com/player/louis-brown-iv-46111905/college-331746,
46110460,Mabrey Mettauer,QB,The Woodlands,The Woodlands,TX,85,2025,1091,83,3,Wisconsin,Sam Houston,2024,87,QB,0.8911,464,31,https://247sports.com/player/mabrey-mettauer-46110460/high-school-258923,3,https://247sports.com/player/mabrey-mettauer-46110460/college-306303,
46083399,Kenji Christian,RB,Pinson Valley,Pinson,AL,85,2025,1152,76,3,Virginia Tech,Toledo,2021,87,RB,0.8685,707,43,https://247sports.com/player/kenji-christian-46083399/high-school-233953,3,https://247sports.com/player/kenji-christian-46083399/college-326501,
46154104,Rocky Beers,TE,Valor Christian,Littleton,CO,85,2025,1155,59,3,Air Force,Colorado State,2020,,TE,,,,https://247sports.com/player/rocky-beers-46154104/high-school-325958,,https://247sports.com/player/rocky-beers-46154104/college-325960,
46101495,Denzel Lowry,DL,Landstown,Virginia Beach,VA,85,2025,1098,122,3,Old Dominion,Louisville,2021,,DL,,,,https://247sports.com/player/denzel-lowry-46101495/high-school-251067,,https://247sports.com/player/denzel-lowry-46101495/college-270990,
46084874,Jeff Roberson,LB,Choctaw,Choctaw,OK,85,2025,1156,80,3,Oklahoma State,Minnesota,2020,87,ILB,0.8619,890,40,https://247sports.com/player/jeff-roberson-46084874/high-school-236217,3,https://247sports.com/player/jeff-roberson-46084874/college-255227,
46154297,Justin Royes,OT,Lakeland,Suffolk,VA,85,2025,1101,87,3,Virginia Union (NA),UCF,2023,,OT,,,,https://247sports.com/player/justin-royes-46154297/high-school-326477,,https://247sports.com/player/justin-royes-46154297/college-326478,
46099473,Jyaire Brown,CB,Lakota West,West Chester,OH,85,2025,1102,127,3,Ohio State,UCF,2022,91,CB,0.9237,192,24,https://247sports.com/player/jyaire-brown-46099473/high-school-252317,4,https://247sports.com/player/jyaire-brown-46099473/college-311349,
46131818,Sascha Garcia,CB,Potomac,Oxon Hill,MD,85,2025,1103,128,3,William &amp; Mary,Wake Forest,2023,,S,,,,https://247sports.com/player/sascha-garcia-46131818/high-school-277992,,https://247sports.com/player/sascha-garcia-46131818/college-326701,
46052279,JoJo Earle,WR,Aledo,Aledo,TX,85,2025,1104,188,3,TCU,UNLV,2021,95,WR,0.9762,47,6,https://247sports.com/player/jojo-earle-46052279/high-school-212500,4,https://247sports.com/player/jojo-earle-46052279/college-293721,
46057678,Devonte Golden-Nelson,CB,Memphis University School,Memphis,TN,85,2025,1161,130,3,Akron,West Virginia,2020,86,CB,0.8578,984,78,https://247sports.com/player/devonte-golden-nelson-46057678/high-school-221380,3,https://247sports.com/player/devonte-golden-nelson-46057678/college-302118,
46139290,Jacob De Jesus,WR,Manteca,Manteca,CA,85,2025,1108,189,3,UNLV,California,2023,,WR,,,,https://247sports.com/player/jacob-de-jesus-46139290/junior-college-292329,,https://247sports.com/player/jacob-de-jesus-46139290/college-304961,
46102336,Jason Robinson Jr.,WR,San Juan Hills,San Juan Capistrano,CA,85,2025,1162,202,3,Washington,North Carolina,2024,88,WR,0.8883,500,72,https://247sports.com/player/jason-robinson-jr-46102336/high-school-300953,3,https://247sports.com/player/jason-robinson-jr-46102336/college-315156,
46146462,Zach Greenberg,IOL,Livingston,Livingston,NJ,85,2025,1164,104,3,Muhlenberg (NA),James Madison,2021,,IOL,,,,https://247sports.com/player/zach-greenberg-46146462/high-school-307560,,https://247sports.com/player/zach-greenberg-46146462/college-318335,
46129569,Tycoolhill Luman,EDGE,Norland,Miami,FL,85,2025,1165,113,3,Rutgers,Florida Atlantic,2024,86,DL,0.8678,990,70,https://247sports.com/player/tycoolhill-luman-46129569/high-school-291576,3,https://247sports.com/player/tycoolhill-luman-46129569/college-318521,
46129009,Zarian McGill,IOL,Taylorsville,Taylorsville,MS,85,2025,1113,98,3,Louisiana Tech,Colorado,2022,,IOL,,,,https://247sports.com/player/zarian-mcgill-46129009/junior-college-274414,,https://247sports.com/player/zarian-mcgill-46129009/college-312474,
46085332,Justin Harrington,S,Southeast Raleigh,Raleigh,NC,85,2025,1166,97,3,Washington,West Virginia,2020,,CB,,,,https://247sports.com/player/justin-harrington-46085332/junior-college-236928,,https://247sports.com/player/justin-harrington-46085332/college-318568,
46138867,K.D. Arnold,OT,Escambia County,Atmore,AL,85,2025,1170,94,3,Jacksonville State,UCLA,2023,,OT,,,,https://247sports.com/player/kd-arnold-46138867/high-school-291603,,https://247sports.com/player/kd-arnold-46138867/college-320404,
46096749,Trace Bruckler,TE,Frisco Lone Star,Frisco,TX,85,2025,1171,60,3,New Mexico,Ole Miss,2021,80,WR,0.817,2062,274,https://247sports.com/player/trace-bruckler-46096749/high-school-244912,3,https://247sports.com/player/trace-bruckler-46096749/college-320438,
46136822,Jude McCoskey,OT,Terre Haute South Vigo,Terre Haute,IN,85,2025,1169,93,3,Indiana State,Purdue,2023,79,OT,,,,https://247sports.com/player/jude-mccoskey-46136822/high-school-287346,2,https://247sports.com/player/jude-mccoskey-46136822/college-333559,
46056218,Rayyan Buell,DL,Hornell,Hornell,NY,85,2025,1168,125,3,Ohio,Memphis,2022,,DL,,,,https://247sports.com/player/rayyan-buell-46056218/junior-college-274421,,https://247sports.com/player/rayyan-buell-46056218/college-319505,
46153950,Kendrick DuJour,EDGE,Mundy's Mill,Jonesboro,GA,85,2025,1174,115,3,Sam Houston,East Carolina,2022,,EDGE,,,,https://247sports.com/player/kendrick-dujour-46153950/high-school-325524,,https://247sports.com/player/kendrick-dujour-46153950/college-325526,
46110443,Trent Jones II,EDGE,Eden Prairie,Eden Prairie,MN,85,2025,1175,116,3,Iowa State,UConn,2021,,DL,,,,https://247sports.com/player/trent-jones-ii-46110443/high-school-258878,,https://247sports.com/player/trent-jones-ii-46110443/college-325775,
46113251,Trip White,LB,Parkview Magnet,Little Rock,AR,85,2025,1178,81,3,Ole Miss,Oklahoma State,2022,84,S,0.8563,1103,109,https://247sports.com/player/trip-white-46113251/high-school-261293,3,https://247sports.com/player/trip-white-46113251/college-326210,
46086257,Jordan Walker,S,Lafayette,Lafayette,AL,85,2025,1176,98,3,Chattanooga,West Virginia,2020,,CB,,,,https://247sports.com/player/jordan-walker-46086257/high-school-239122,,https://247sports.com/player/jordan-walker-46086257/college-325941,
46083776,Aisea Moa,LB,Weber,Ogden,UT,85,2025,1125,77,3,BYU,Michigan State,2022,90,DL,0.8978,342,44,https://247sports.com/player/aisea-moa-46083776/high-school-234427,4,https://247sports.com/player/aisea-moa-46083776/college-286482,
46136486,AJ Hasson,IOL,Davis Senior,Davis,CA,85,2025,1122,99,3,Washington State,UC Davis,2024,85,ATH,0.8403,1912,182,https://247sports.com/player/aj-hasson-46136486/high-school-286705,3,https://247sports.com/player/aj-hasson-46136486/college-329424,
46100433,Chase Carter,DL,Minnehaha Academy,Minneapolis,MN,85,2025,1180,127,3,Incarnate Word,Memphis,2022,86,DL,0.8681,818,52,https://247sports.com/player/chase-carter-46100433/high-school-249427,3,https://247sports.com/player/chase-carter-46100433/college-326299,
46154404,Eric Etienne,DL,Miramar,Miramar,FL,85,2025,1182,128,3,Norfolk State,Western Kentucky,2024,,DL,,,,https://247sports.com/player/eric-etienne-46154404/high-school-326868,,https://247sports.com/player/eric-etienne-46154404/college-326870,
46081830,Derek Carter Jr.,CB,Gardendale,Gardendale,AL,85,2025,1183,131,3,Jacksonville State,West Virginia,2021,,CB,,,,https://247sports.com/player/derek-carter-jr-46081830/high-school-231901,,https://247sports.com/player/derek-carter-jr-46081830/college-327374,
46154603,Davin Stoffel,TE,Mosinee,Mosinee,WI,85,2025,1185,61,3,South Dakota State,Illinois,2023,,TE,,,,https://247sports.com/player/davin-stoffel-46154603/high-school-327484,,https://247sports.com/player/davin-stoffel-46154603/college-327488,
46081843,Quincy Craig,RB,Mater Dei,Santa Ana,CA,85,2025,1184,79,3,Portland State,Arizona,2022,86,RB,0.8607,984,73,https://247sports.com/player/quincy-craig-46081843/high-school-231914,3,https://247sports.com/player/quincy-craig-46081843/college-327463,
46097279,Lajuan Owens,IOL,Fossil Ridge,Keller,TX,85,2025,1187,106,3,New Mexico,California,2023,80,IOL,0.803,2247,183,https://247sports.com/player/lajuan-owens-46097279/high-school-245188,3,https://247sports.com/player/lajuan-owens-46097279/college-316350,
46056004,Devan Boykin,S,Ragsdale,Jamestown,NC,85,2025,1188,100,3,NC State,Indiana,2020,88,CB,0.8644,833,66,https://247sports.com/player/devan-boykin-46056004/high-school-218108,3,https://247sports.com/player/devan-boykin-46056004/college-252433,
46110469,Alex Sanford Jr.,LB,Oxford,Oxford,MS,85,2025,1189,82,3,Arkansas,Purdue,2023,88,LB,0.8728,776,65,https://247sports.com/player/alex-sanford-jr-46110469/high-school-258935,3,https://247sports.com/player/alex-sanford-jr-46110469/college-297367,
46056132,Rodney Hammond Jr.,RB,Booker T. Washington,Norfolk,VA,85,2025,1141,73,3,Pittsburgh,Sacramento State,2021,87,ATH,0.8752,583,40,https://247sports.com/player/rodney-hammond-jr-46056132/high-school-218268,3,https://247sports.com/player/rodney-hammond-jr-46056132/college-269049,
46133103,Jaelen Smith,WR,Klein Cain,Houston,TX,85,2025,1146,197,3,Michigan State,UTSA,2023,88,WR,0.8658,944,132,https://247sports.com/player/jaelen-smith-46133103/high-school-279774,3,https://247sports.com/player/jaelen-smith-46133103/college-298768,
46137377,Vince Brown II,TE,Rich Township,Olympia Fields,IL,85,2025,1192,62,3,Colorado State,Missouri,2023,,WR,,,,https://247sports.com/player/vince-brown-ii-46137377/junior-college-288802,,https://247sports.com/player/vince-brown-ii-46137377/college-319558,
46154213,AJ Wilson,WR,Huntsville,Huntsville,TX,85,2025,1151,201,3,Houston Christian,UTSA,2022,,WR,,,,https://247sports.com/player/aj-wilson-46154213/high-school-326246,,https://247sports.com/player/aj-wilson-46154213/college-326247,
46109826,Debron Gatling,WR,Milton,Alpharetta,GA,85,2025,1196,206,3,South Carolina,Georgia Tech,2024,88,WR,0.8858,542,79,https://247sports.com/player/debron-gatling-46109826/high-school-257767,3,https://247sports.com/player/debron-gatling-46109826/college-307055,
46052770,Shad Banks Jr.,LB,North Shore,Houston,TX,85,2025,1199,83,3,Texas A&amp;M,UTSA,2021,94,WR,0.9492,112,18,https://247sports.com/player/shad-banks-jr-46052770/high-school-213387,4,https://247sports.com/player/shad-banks-jr-46052770/college-265876,
46139313,Evans Chuba,QB,Clearwater Academy International,Clearwater,FL,85,2025,1198,88,3,Washington State,Purdue,2024,85,QB,0.8614,1183,65,https://247sports.com/player/evans-chuba-46139313/high-school-292359,3,https://247sports.com/player/evans-chuba-46139313/college-308024,
46113607,Tre'Von McAlpine,DL,Saraland,Saraland,AL,85,2025,1158,124,3,Texas Tech,Tulane,2022,88,DL,0.8815,545,79,https://247sports.com/player/trevon-mcalpine-46113607/high-school-261892,3,https://247sports.com/player/trevon-mcalpine-46113607/college-275255,
46153543,Gideon Lampron,LB,Keystone,LaGrange,OH,85,2025,1205,86,3,Dayton,Bowling Green,2022,,LB,,,,https://247sports.com/player/gideon-lampron-46153543/high-school-324664,,https://247sports.com/player/gideon-lampron-46153543/college-324665,
46129181,Brayshawn Littlejohn,LB,Gaffney,Gaffney,SC,85,2025,1203,85,3,Missouri,Appalachian State,2023,86,LB,0.8558,1238,101,https://247sports.com/player/brayshawn-littlejohn-46129181/high-school-274632,3,https://247sports.com/player/brayshawn-littlejohn-46129181/college-297947,
46083755,Emmett Brown,QB,San Marcos,San Marcos,CA,85,2025,1204,90,3,San Jose State,Coastal Carolina,2022,83,QB,,,,https://247sports.com/player/emmett-brown-46083755/high-school-267308,3,https://247sports.com/player/emmett-brown-46083755/college-312792,
46137132,Jaxton Eck,LB,Brookings,Brookings,SD,85,2025,1207,87,3,Idaho,New Mexico,2023,,LB,,,,https://247sports.com/player/jaxton-eck-46137132/high-school-287989,,https://247sports.com/player/jaxton-eck-46137132/college-326184,
46154301,Gavin Willis,LB,Ballard,Louisville,KY,85,2025,1209,89,3,Bucknell,Charlotte,2023,,LB,,,,https://247sports.com/player/gavin-willis-46154301/high-school-326484,,https://247sports.com/player/gavin-willis-46154301/college-326486,
46154683,Rodney Bullard Jr.,WR,Westover,Albany,GA,85,2025,1194,205,3,Valdosta State,Michigan State,2021,,WR,,,,https://247sports.com/player/rodney-bullard-jr-46154683/high-school-327668,,https://247sports.com/player/rodney-bullard-jr-46154683/college-327669,
46037951,Stephon Wright,EDGE,Cathedral,Los Angeles,CA,85,2025,1177,117,3,Texas Southern,UConn,2019,91,SDE,0.9147,219,15,https://247sports.com/player/stephon-wright-46037951/high-school-188606,4,https://247sports.com/player/stephon-wright-46037951/college-326041,
46128874,Braedyn Moore,S,Stephen T Badin,Hamilton,OH,85,2025,1216,102,3,Wisconsin,Toledo,2023,90,S,0.901,325,14,https://247sports.com/player/braedyn-moore-46128874/high-school-274181,4,https://247sports.com/player/braedyn-moore-46128874/college-293581,
46079773,Briceon Hayes,EDGE,Huntsville,Huntsville,TX,85,2025,1172,114,3,Sam Houston,North Texas,2020,83,WDE,0.8383,1590,82,https://247sports.com/player/briceon-hayes-46079773/high-school-229071,3,https://247sports.com/player/briceon-hayes-46079773/college-321061,
46049866,Tuna Altahir,RB,Kamiakin,Kennewick,WA,85,2025,1181,78,3,Eastern Washington,Stanford,2021,82,RB,0.8044,2378,161,https://247sports.com/player/tuna-altahir-46049866/high-school-208828,3,https://247sports.com/player/tuna-altahir-46049866/college-326785,
46131461,Will James,CB,Theodore,Theodore,AL,85,2025,1223,136,3,Southern Miss,Houston,2023,85,CB,0.8437,1596,134,https://247sports.com/player/will-james-46131461/high-school-277533,3,https://247sports.com/player/will-james-46131461/college-312576,
46111826,Jonah Wilson,WR,Dekaney,Houston,TX,85,2025,1190,203,3,Houston,Texas A&amp;M,2023,91,WR,0.9058,293,40,https://247sports.com/player/jonah-wilson-46111826/high-school-259959,4,https://247sports.com/player/jonah-wilson-46111826/college-300827,
46114518,Julian Knox,S,North Crowley,Fort Worth,TX,85,2025,1224,103,3,TCU,North Texas,2024,86,QB,0.8664,1034,88,https://247sports.com/player/julian-knox-46114518/high-school-263092,3,https://247sports.com/player/julian-knox-46114518/college-317880,
46080582,Isaiah Wadsworth,CB,St. Francis,Alpharetta,GA,85,2025,1225,137,3,Wofford,Tulane,2020,,WR,,,,https://247sports.com/player/isaiah-wadsworth-46080582/high-school-230263,,https://247sports.com/player/isaiah-wadsworth-46080582/college-325016,
46154441,Tucker Large,S,Roosevelt,Sioux Falls,SD,85,2025,1230,106,3,South Dakota State,Washington State,2021,,S,,,,https://247sports.com/player/tucker-large-46154441/high-school-326991,,https://247sports.com/player/tucker-large-46154441/college-326992,
46076804,David Daniel-Sisavanh,S,Woodstock,Woodstock,GA,85,2025,1232,108,3,Georgia,Troy,2021,94,ATH,0.9583,96,3,https://247sports.com/player/david-daniel-sisavanh-46076804/high-school-227389,4,https://247sports.com/player/david-daniel-sisavanh-46076804/college-260047,
46097238,Dru Polidore Jr.,S,Tompkins,Katy,TX,85,2025,1231,107,3,Air Force,California,2021,83,CB,0.8293,1767,151,https://247sports.com/player/dru-polidore-jr-46097238/high-school-245140,3,https://247sports.com/player/dru-polidore-jr-46097238/college-327819,
94709,Arik Gilbert,TE,Marietta,Marietta,GA,85,2025,1202,64,3,Nebraska,Savannah State,2020,99,TE,0.9972,5,1,https://247sports.com/player/arik-gilbert-94709/high-school-201627,5,https://247sports.com/player/arik-gilbert-94709/college-293522,
46118313,Ajay Allen,RB,Neville,Monroe,LA,85,2025,1234,80,3,FIU,Tulsa,2022,90,RB,0.8837,502,40,https://247sports.com/player/ajay-allen-46118313/high-school-269421,4,https://247sports.com/player/ajay-allen-46118313/college-333788,
46102751,Isaiah Brown-Murray,CB,Hough,Cornelius,NC,85,2025,1213,132,3,East Carolina,Virginia Tech,2022,82,CB,0.8378,1535,136,https://247sports.com/player/isaiah-brown-murray-46102751/high-school-253176,3,https://247sports.com/player/isaiah-brown-murray-46102751/college-275119,
46086226,CJ McCray,EDGE,Mallard Creek,Charlotte,NC,85,2025,1212,118,3,Marshall,Cincinnati,2020,,OLB,,,,https://247sports.com/player/cj-mccray-46086226/high-school-238942,,https://247sports.com/player/cj-mccray-46086226/college-266179,
46058651,Sione Fotu,LB,Bingham,South Jordan,UT,85,2025,1210,90,3,Utah,Houston,2020,86,ILB,0.8556,1043,46,https://247sports.com/player/sione-fotu-46058651/high-school-225106,3,https://247sports.com/player/sione-fotu-46058651/college-253974,
46099827,Damon Bankston,RB,Paetow,Katy,TX,85,2025,1243,85,3,Weber State,New Mexico,2021,,RB,,,,https://247sports.com/player/damon-bankston-46099827/high-school-248619,,https://247sports.com/player/damon-bankston-46099827/college-325046,
46100348,Asaad Waseem,WR,Ocoee,Ocoee,FL,85,2025,1245,210,3,Colorado,Florida Atlantic,2023,87,WR,0.8678,888,128,https://247sports.com/player/asaad-waseem-46100348/high-school-275000,3,https://247sports.com/player/asaad-waseem-46100348/college-299195,
46153999,Brennan Ridley,WR,Trinity Episcopal,Richmond,VA,85,2025,1246,211,3,Hampton,Bowling Green,2024,,WR,,,,https://247sports.com/player/brennan-ridley-46153999/high-school-325623,,https://247sports.com/player/brennan-ridley-46153999/college-325624,
46129693,Jordan Bass,LB,Phoebus,Hampton,VA,85,2025,1220,92,3,Pittsburgh,Virginia Tech,2023,93,ATH,0.9239,199,18,https://247sports.com/player/jordan-bass-46129693/high-school-275592,4,https://247sports.com/player/jordan-bass-46129693/college-300461,
46102094,Jaylan Sanchez,WR,St. Thomas Aquinas,Fort Lauderdale,FL,85,2025,1247,212,3,Villanova,James Madison,2022,,ATH,,,,https://247sports.com/player/jaylan-sanchez-46102094/high-school-251822,,https://247sports.com/player/jaylan-sanchez-46102094/college-325887,
46145860,Jason Chambers,CB,Butler,Matthews,NC,85,2025,1222,135,3,Appalachian State,West Virginia,2022,,CB,,,,https://247sports.com/player/jason-chambers-46145860/high-school-306012,,https://247sports.com/player/jason-chambers-46145860/college-310321,
46099868,Amare Snowden,CB,Roseville,Roseville,MI,85,2025,1219,134,3,Wisconsin,Toledo,2023,88,CB,0.8905,446,45,https://247sports.com/player/amare-snowden-46099868/high-school-248681,3,https://247sports.com/player/amare-snowden-46099868/college-299447,
46046675,Koy Moore,WR,Archbishop Rummel,Metairie,LA,85,2025,1250,215,3,Western Kentucky,UNLV,2020,87,WR,0.9037,286,47,https://247sports.com/player/koy-moore-46046675/high-school-200133,3,https://247sports.com/player/koy-moore-46046675/college-321096,
46154333,Joey Zelinsky,EDGE,Blue Mountain,Schuylkill Haven,PA,85,2025,1229,120,3,Eastern Michigan,Pittsburgh,2022,,DL,,,,https://247sports.com/player/joey-zelinsky-46154333/junior-college-326601,,https://247sports.com/player/joey-zelinsky-46154333/college-326602,
46135194,Brock Montgomery,WR,Riverdale,Murfreesboro,TN,85,2025,1254,218,3,UConn,Marshall,2024,85,WR,0.8467,1741,208,https://247sports.com/player/brock-montgomery-46135194/high-school-283537,3,https://247sports.com/player/brock-montgomery-46135194/college-332227,
46154739,Tre Williams III,TE,Gordon Central,Calhoun,GA,85,2025,1256,67,3,Limestone,North Texas,2022,,ATH,,,,https://247sports.com/player/tre-williams-iii-46154739/high-school-327872,,https://247sports.com/player/tre-williams-iii-46154739/college-327874,
46101821,Ty Chan,OT,Lawrence Academy,Groton,MA,85,2025,1236,96,3,Notre Dame,UConn,2022,93,OT,0.915,223,17,https://247sports.com/player/ty-chan-46101821/high-school-251480,4,https://247sports.com/player/ty-chan-46101821/college-285855,
46110282,Brody Foley,TE,Anderson,Cincinnati,OH,85,2025,1258,69,3,Indiana,Tulsa,2022,90,TE,0.8837,502,27,https://247sports.com/player/brody-foley-46110282/high-school-258486,4,https://247sports.com/player/brody-foley-46110282/college-277416,
46133625,Herschel Turner,RB,Mt. Diablo,Concord,CA,85,2025,1238,83,3,Utah State,Nevada,2024,85,RB,0.85,1591,118,https://247sports.com/player/herschel-turner-46133625/high-school-294564,3,https://247sports.com/player/herschel-turner-46133625/college-318960,
46085022,Rodrick Tialavea,IOL,Highland,Salt Lake City,UT,85,2025,1263,108,3,Washington State,Wake Forest,2020,83,OT,0.8411,1487,123,https://247sports.com/player/rodrick-tialavea-46085022/high-school-236421,3,https://247sports.com/player/rodrick-tialavea-46085022/college-257258,
46115282,Robby Washington,CB,Miami Palmetto,Miami,FL,85,2025,1264,141,3,Miami,Coastal Carolina,2023,94,WR,0.9223,208,29,https://247sports.com/player/robby-washington-46115282/high-school-281919,4,https://247sports.com/player/robby-washington-46115282/college-291055,
46094026,Trey Wilson,EDGE,Lakeview Centennial,Garland,TX,85,2025,1265,122,3,Baylor,SMU,2023,86,DL,0.8794,613,66,https://247sports.com/player/trey-wilson-46094026/high-school-242454,3,https://247sports.com/player/trey-wilson-46094026/college-292070,
46116375,Javon Robinson,WR,Homestead,Homestead,FL,85,2025,1249,214,3,Grambling State,Georgia State,2023,,WR,,,,https://247sports.com/player/javon-robinson-46116375/high-school-289739,,https://247sports.com/player/javon-robinson-46116375/college-327533,
46103488,Leland Smith,WR,Strake Jesuit,Houston,TX,85,2025,1268,220,3,Purdue,San Jose State,2024,,WR,,,,https://247sports.com/player/leland-smith-46103488/junior-college-303394,,https://247sports.com/player/leland-smith-46103488/college-318516,
46138068,Nic Trujillo,WR,Cleveland,Rio Rancho,NM,85,2025,1255,219,3,New Mexico,Louisiana-Monroe,2023,,WR,,,,https://247sports.com/player/nic-trujillo-46138068/high-school-290028,,https://247sports.com/player/nic-trujillo-46138068/college-319687,
46086347,Tychaun Chapman,WR,Landstown,Virginia Beach,VA,85,2025,1251,216,3,North Carolina,Southern Miss,2022,93,WR,0.9233,194,28,https://247sports.com/player/tychaun-chapman-46086347/high-school-239299,4,https://247sports.com/player/tychaun-chapman-46086347/college-319362,
46118366,Chase Farrell,WR,Oaks Christian,Westlake Village,CA,85,2025,1270,222,3,Stanford,Northwestern,2024,86,WR,0.8658,1053,143,https://247sports.com/player/chase-farrell-46118366/high-school-269579,3,https://247sports.com/player/chase-farrell-46118366/college-319181,
46083640,James Pogorelc,OT,Chantilly,Chantilly,VA,85,2025,1275,99,3,Duke,James Madison,2020,91,OT,0.8927,382,30,https://247sports.com/player/james-pogorelc-46083640/high-school-234253,4,https://247sports.com/player/james-pogorelc-46083640/college-316666,
46058191,Jeff Persi,OT,JSerra Catholic,San Juan Capistrano,CA,85,2025,1262,98,3,Michigan,Pittsburgh,2020,90,OT,0.9,312,24,https://247sports.com/player/jeff-persi-46058191/high-school-223847,4,https://247sports.com/player/jeff-persi-46058191/college-255400,
46100699,Jacob Petersen,TE,Richmond-Burton,Richmond,IL,85,2025,1259,70,3,Holy Cross,Toledo,2021,,TE,,,,https://247sports.com/player/jacob-petersen-46100699/high-school-249769,,https://247sports.com/player/jacob-petersen-46100699/college-325020,
46132849,Ian Jeffries,DL,Southaven,Southaven,MS,85,2025,1279,131,3,Arkansas State,Purdue,2023,85,DL,0.8478,1475,163,https://247sports.com/player/ian-jeffries-46132849/high-school-279389,3,https://247sports.com/player/ian-jeffries-46132849/college-302851,
46048607,CJ Brown,S,Walled Lake Western,Walled Lake,MI,85,2025,1280,109,3,Northern Illinois,Sam Houston,2020,80,S,0.817,2278,173,https://247sports.com/player/cj-brown-46048607/high-school-205361,3,https://247sports.com/player/cj-brown-46048607/college-309446,
46097588,EJ Horton Jr.,WR,Palmetto Academy,Charleston,SC,85,2025,1269,221,3,Florida Atlantic,Purdue,2020,79,WR,0.8006,2793,372,https://247sports.com/player/ej-horton-jr-46097588/high-school-245558,2,https://247sports.com/player/ej-horton-jr-46097588/college-318754,
46084781,AJ Green,RB,Union,Tulsa,OK,85,2025,1267,86,3,Oklahoma State,Arkansas,2021,94,RB,0.9235,190,8,https://247sports.com/player/aj-green-46084781/high-school-236085,4,https://247sports.com/player/aj-green-46084781/college-311495,
46086474,Kenny Soares Jr.,LB,Avon Old Farms,New Canaan,CT,85,2025,1285,95,3,Northwestern,NC State,2022,85,LB,0.8715,748,73,https://247sports.com/player/kenny-soares-jr-46086474/high-school-239554,3,https://247sports.com/player/kenny-soares-jr-46086474/college-285885,
46156494,DJ McKinney,RB,Union,Tulsa,OK,85,2025,1274,87,3,Sam Houston,New Mexico,2023,,RB,,,,https://247sports.com/player/dj-mckinney-46156494/high-school-331483,,https://247sports.com/player/dj-mckinney-46156494/college-331484,
46141200,Sammie Hunter,CB,Chandler,Chandler,AZ,85,2025,1286,143,3,Utah,Fresno State,2024,88,CB,0.8683,967,83,https://247sports.com/player/sammie-hunter-46141200/high-school-295653,3,https://247sports.com/player/sammie-hunter-46141200/college-319725,
46153772,Cam Blaylock,DL,White Station,Memphis,TN,85,2025,1287,132,3,Tennessee State,UTSA,2024,,DL,,,,https://247sports.com/player/cam-blaylock-46153772/junior-college-325100,,https://247sports.com/player/cam-blaylock-46153772/college-325104,
46156442,DeAree Rogers,WR,Irmo,Columbia,SC,85,2025,1277,225,3,Lenoir-Rhyne,Northern Illinois,2022,,WR,,,,https://247sports.com/player/dearee-rogers-46156442/high-school-331396,,https://247sports.com/player/dearee-rogers-46156442/college-331397,
46157086,Jalen McClendon,CB,Chamberlain,Tampa,FL,85,2025,1288,144,3,Tennessee State,Bowling Green,2021,,CB,,,,https://247sports.com/player/jalen-mcclendon-46157086/high-school-334347,,https://247sports.com/player/jalen-mcclendon-46157086/college-334348,
46117316,Hayes Creel,OT,St Pauls School,Covington,LA,85,2025,1281,101,3,McNeese,Southern Miss,2022,,OT,,,,https://247sports.com/player/hayes-creel-46117316/high-school-267516,,https://247sports.com/player/hayes-creel-46117316/college-328014,
46110512,Jake Maikkula,IOL,Valor Christian,Littleton,CO,85,2025,1291,111,3,Stanford,Oklahoma,2022,85,OT,0.8663,852,74,https://247sports.com/player/jake-maikkula-46110512/high-school-258995,3,https://247sports.com/player/jake-maikkula-46110512/college-286058,
46053861,Jalen Stewart,LB,Freedom,Bethlehem,PA,85,2025,1283,94,3,UMass,Temple,2022,,LB,,,,https://247sports.com/player/jalen-stewart-46053861/junior-college-273989,,https://247sports.com/player/jalen-stewart-46053861/college-276206,
46103861,A'Marion Peterson,RB,Hirschi,Wichita Falls,TX,85,2025,1293,89,3,USC,UTSA,2023,90,RB,0.8967,370,24,https://247sports.com/player/amarion-peterson-46103861/high-school-255341,4,https://247sports.com/player/amarion-peterson-46103861/college-294390,
46109938,Maliki Crawford,CB,Pacifica,Oxnard,CA,85,2025,1289,145,3,USC,San Jose State,2023,93,CB,0.8994,339,36,https://247sports.com/player/maliki-crawford-46109938/high-school-257982,4,https://247sports.com/player/maliki-crawford-46109938/college-294399,
46103364,Wrook Brown,S,Salado,Salado,TX,85,2025,1292,111,3,Wyoming,Houston,2021,79,S,0.8006,2419,195,https://247sports.com/player/wrook-brown-46103364/high-school-254207,2,https://247sports.com/player/wrook-brown-46103364/college-272169,
46136888,Josh Anglin,LB,Mill Creek,Hoschton,GA,85,2025,1296,96,3,North Alabama,Tulsa,2024,82,LB,0.82,2492,229,https://247sports.com/player/josh-anglin-46136888/high-school-287460,3,https://247sports.com/player/josh-anglin-46136888/college-335461,
46142367,Jayden Studio,LB,Perry,Perry,OH,85,2025,1298,97,3,Kent State,James Madison,2024,83,LB,0.8337,2130,194,https://247sports.com/player/jayden-studio-46142367/high-school-298085,3,https://247sports.com/player/jayden-studio-46142367/college-320281,
46154184,Finn Claypool,EDGE,Dowling Catholic,West Des Moines,IA,85,2025,1295,124,3,Drake,Fresno State,2021,,EDGE,,,,https://247sports.com/player/finn-claypool-46154184/high-school-326181,,https://247sports.com/player/finn-claypool-46154184/college-326182,
46128958,Gary Bryant III,LB,Our Lady of Good Counsel,Olney,MD,85,2025,1302,98,3,South Dakota,Syracuse,2022,,LB,,,,https://247sports.com/player/gary-bryant-iii-46128958/high-school-274311,,https://247sports.com/player/gary-bryant-iii-46128958/college-335559,
46133886,LJ Green,CB,Montgomery Catholic Preparatory,Montgomery,AL,85,2025,1303,148,3,Troy,Tulane,2023,85,CB,0.8517,1340,121,https://247sports.com/player/lj-green-46133886/high-school-281326,3,https://247sports.com/player/lj-green-46133886/college-320867,
46132327,Trever Jackson,QB,Jones,Orlando,FL,85,2025,1304,92,3,Florida State,Arkansas,2024,88,QB,0.8972,393,26,https://247sports.com/player/trever-jackson-46132327/high-school-298990,3,https://247sports.com/player/trever-jackson-46132327/college-318064,
46152371,Damashja Harris,RB,Ellison,Killeen,TX,85,2025,1306,90,3,Lamar,Wyoming,2021,,RB,,,,https://247sports.com/player/damashja-harris-46152371/high-school-322044,,https://247sports.com/player/damashja-harris-46152371/college-322046,
46131220,Rodney Lora,DL,Woodberry Forest,Woodberry Forest,VA,85,2025,1368,145,3,North Carolina,UCF,2023,88,DL,0.8756,711,78,https://247sports.com/player/rodney-lora-46131220/high-school-277233,3,https://247sports.com/player/rodney-lora-46131220/college-297806,
46113575,Mo Omonode,DL,West Lafayette,West Lafayette,IN,85,2025,1343,139,3,Purdue,Minnesota,2022,80,DL,0.8311,1700,201,https://247sports.com/player/mo-omonode-46113575/high-school-261824,3,https://247sports.com/player/mo-omonode-46113575/college-281122,
46154303,Jelani Davis,DL,Ladue Horton Watkins,St. Louis,MO,85,2025,1413,156,3,Southern,Kent State,2021,,DL,,,,https://247sports.com/player/jelani-davis-46154303/high-school-326491,,https://247sports.com/player/jelani-davis-46154303/college-326494,
46141710,Turner Schmidt,EDGE,Hilliard Davidson,Hilliard,OH,85,2025,1437,137,3,Robert Morris,James Madison,2024,78,ATH,0.78,3084,301,https://247sports.com/player/turner-schmidt-46141710/high-school-296786,2,https://247sports.com/player/turner-schmidt-46141710/college-337337,
46111779,Tahj Ra-El,S,Myers Park,Charlotte,NC,84,2025,1484,135,3,Memphis,Purdue,2021,79,S,0.7967,2485,202,https://247sports.com/player/tahj-ra-el-46111779/high-school-259906,2,https://247sports.com/player/tahj-ra-el-46111779/college-318664,
46097287,Tyson Ford,DL,John Burroughs School,St. Louis,MO,84,2025,1488,162,3,Notre Dame,California,2022,93,DL,0.9516,120,17,https://247sports.com/player/tyson-ford-46097287/high-school-245197,4,https://247sports.com/player/tyson-ford-46097287/college-275471,
46111488,CJ Campbell Jr.,RB,Bay,Kaplan,LA,84,2025,1479,100,3,Florida Atlantic,Rutgers,2021,,RB,,,,https://247sports.com/player/cj-campbell-jr-46111488/high-school-259510,,https://247sports.com/player/cj-campbell-jr-46111488/college-310076,
46096758,Gavin Wimsatt,QB,Owensboro,Owensboro,KY,84,2025,1510,106,3,Rutgers,Jacksonville State,2021,91,QB,0.9201,205,23,https://247sports.com/player/gavin-wimsatt-46096758/high-school-244922,4,https://247sports.com/player/gavin-wimsatt-46096758/college-317730,
46154225,Geimere Latimer Jr.,CB,Sandy Creek,Tyrone,GA,84,2025,1536,179,3,Jacksonville State,Wisconsin,2023,,CB,,,,https://247sports.com/player/geimere-latimer-jr-46154225/high-school-326273,,https://247sports.com/player/geimere-latimer-jr-46154225/college-326274,
46103628,Kylan Salter,LB,Cedar Hill,Cedar Hill,TX,84,2025,1549,109,3,TCU,Colorado,2023,87,LB,0.8769,673,58,https://247sports.com/player/kylan-salter-46103628/high-school-254742,3,https://247sports.com/player/kylan-salter-46103628/college-291729,
46117699,Jacob Barrick,TE,Martinsburg,Martinsburg,WV,84,2025,1534,81,3,Jacksonville State,West Virginia,2022,,EDGE,,,,https://247sports.com/player/jacob-barrick-46117699/high-school-268037,,https://247sports.com/player/jacob-barrick-46117699/college-326471,
46138061,Christian Earls,TE,Basha,Chandler,AZ,84,2025,1535,82,3,UNLV,Purdue,2023,,TE,,,,https://247sports.com/player/christian-earls-46138061/junior-college-290019,,https://247sports.com/player/christian-earls-46138061/college-319672,
46145981,Reece Adkins,TE,Lake Mary,Lake Mary,FL,84,2025,1571,85,3,UCF,UMass,2020,,TE,,,,https://247sports.com/player/reece-adkins-46145981/high-school-306305,,https://247sports.com/player/reece-adkins-46145981/college-311549,
46114119,Marc Stampley II,S,Starrs Mill,Fayetteville,GA,84,2025,1553,140,3,Georgia Southern,Houston,2022,81,S,0.8107,2015,149,https://247sports.com/player/marc-stampley-ii-46114119/high-school-262643,3,https://247sports.com/player/marc-stampley-ii-46114119/college-287134,
46058581,Dante Anderson,EDGE,Homestead,Miami,FL,84,2025,1576,151,3,Florida State,FIU,2022,87,EDGE,0.8923,400,32,https://247sports.com/player/dante-anderson-46058581/high-school-245398,3,https://247sports.com/player/dante-anderson-46058581/college-274890,
46101628,Nigel Tate,DL,The Bullis School,Potomac,MD,84,2025,1575,170,3,Boston College,UAB,2021,86,DL,0.8607,894,114,https://247sports.com/player/nigel-tate-46101628/high-school-251244,3,https://247sports.com/player/nigel-tate-46101628/college-268562,
46097990,Marlin Dean,EDGE,IMG Academy,Elberton,GA,84,2025,1585,153,3,Utah State,Georgia State,2024,,DL,,,,https://247sports.com/player/marlin-dean-46097990/junior-college-302046,,https://247sports.com/player/marlin-dean-46097990/college-309313,
46154296,Kyle Brown,IOL,Marcellus,Marcellus,NY,84,2025,1599,137,3,Dartmouth,UMass,2020,,IOL,,,,https://247sports.com/player/kyle-brown-46154296/high-school-326474,,https://247sports.com/player/kyle-brown-46154296/college-326475,
46101481,CJ Nunnally IV,EDGE,South Paulding,Douglasville,GA,84,2025,1531,146,3,Akron,Purdue,2023,,DL,,,,https://247sports.com/player/cj-nunnally-iv-46101481/junior-college-295341,,https://247sports.com/player/cj-nunnally-iv-46101481/college-302116,
46095080,Brandon Rose,QB,Murrieta Valley,Murrieta,CA,84,2025,1609,115,3,Utah,UMass,2022,88,QB,0.8793,578,34,https://247sports.com/player/brandon-rose-46095080/high-school-244235,3,https://247sports.com/player/brandon-rose-46095080/college-276602,
46117044,Aaron Alexander,LB,Belleville,Belleville,MI,84,2025,1611,116,3,Michigan State,Arkansas State,2022,86,LB,0.8578,1057,101,https://247sports.com/player/aaron-alexander-46117044/high-school-267081,3,https://247sports.com/player/aaron-alexander-46117044/college-289908,
46134814,Noah Lugo,QB,Eaton,Haslet,TX,84,2025,1614,116,3,BYU,UTSA,2024,85,QB,0.855,1421,78,https://247sports.com/player/noah-lugo-46134814/high-school-282908,3,https://247sports.com/player/noah-lugo-46134814/college-312329,
46129039,Dean Connors,RB,Murrieta Valley,Murrieta,CA,84,2025,1626,114,3,Rice,Houston,2022,,RB,,,,https://247sports.com/player/dean-connors-46129039/junior-college-274456,,https://247sports.com/player/dean-connors-46129039/college-286846,
46059429,Ishmael Ibraheem,CB,Kimball,Dallas,TX,84,2025,1628,184,3,Texas,Southern Miss,2021,90,CB,0.9206,203,14,https://247sports.com/player/ishmael-ibraheem-46059429/high-school-226563,4,https://247sports.com/player/ishmael-ibraheem-46059429/college-296712,
46128307,Max Harris,LB,Mansfield Legacy,Mansfield,TX,84,2025,1633,125,3,Texas State,Arizona,2022,,S,,,,https://247sports.com/player/max-harris-46128307/high-school-273405,,https://247sports.com/player/max-harris-46128307/college-309518,
46136182,Ian Foster,S,Pike County,Brundidge,AL,84,2025,1638,144,3,Marshall,Southern Miss,2023,,ATH,,,,https://247sports.com/player/ian-foster-46136182/high-school-286073,,https://247sports.com/player/ian-foster-46136182/college-325869,
46137573,Jay'Quan Bostic,S,Taft,Cincinnati,OH,84,2025,1636,143,3,Toledo,Bowling Green,2024,86,S,0.8678,990,100,https://247sports.com/player/jayquan-bostic-46137573/high-school-289142,3,https://247sports.com/player/jayquan-bostic-46137573/college-320391,
46110590,Demetrius Freeney,CB,San Leandro,San Leandro,CA,84,2025,1635,187,3,Arizona,Boise State,2023,,CB,,,,https://247sports.com/player/demetrius-freeney-46110590/junior-college-295571,,https://247sports.com/player/demetrius-freeney-46110590/college-319437,
46154317,Kegan Mountain,CB,Millard West,Omaha,NE,84,2025,1645,192,3,Eastern Michigan,Northern State,2023,,CB,,,,https://247sports.com/player/kegan-mountain-46154317/high-school-326533,,https://247sports.com/player/kegan-mountain-46154317/college-336364,
46131358,Zach Johnson,LB,Lake City,Coeur d'Alene,ID,84,2025,1644,127,3,Idaho,Stanford,2023,84,TE,,,,https://247sports.com/player/zach-johnson-46131358/high-school-277388,3,https://247sports.com/player/zach-johnson-46131358/college-327070,
46113871,Angel Flores,QB,Casa Grande Union,Casa Grande,AZ,84,2025,1649,119,3,Northern Arizona,Central Michigan,2022,83,QB,0.8206,1884,130,https://247sports.com/player/angel-flores-46113871/high-school-262354,3,https://247sports.com/player/angel-flores-46113871/college-327674,
46154471,Abraham Williams,CB,West,Salt Lake City,UT,84,2025,1647,194,3,Weber State,New Mexico,2020,,CB,,,,https://247sports.com/player/abraham-williams-46154471/high-school-327163,,https://247sports.com/player/abraham-williams-46154471/college-327165,
46081867,Jaylen Castleberry,CB,St. Edward,Lakewood,OH,84,2025,1650,195,3,Tiffin,Temple,2021,,ATH,,,,https://247sports.com/player/jaylen-castleberry-46081867/high-school-231945,,https://247sports.com/player/jaylen-castleberry-46081867/college-328185,
46052905,Deion Colzie,WR,Athens Academy,Athens,GA,84,2025,1651,261,3,Notre Dame,Miami (OH),2021,94,WR,0.957,102,16,https://247sports.com/player/deion-colzie-46052905/high-school-213610,4,https://247sports.com/player/deion-colzie-46052905/college-268425,
46154084,Chancellor Owens,EDGE,Eaton,Haslet,TX,84,2025,1505,143,3,Northwestern State,Arizona,2023,,EDGE,,,,https://247sports.com/player/chancellor-owens-46154084/high-school-325884,,https://247sports.com/player/chancellor-owens-46154084/college-325885,
46116748,Dijon Stanley,RB,Granada Hills,Granada Hills,CA,84,2025,1655,116,3,Utah,New Mexico State,2023,89,ATH,0.892,429,26,https://247sports.com/player/dijon-stanley-46116748/high-school-266476,3,https://247sports.com/player/dijon-stanley-46116748/college-297456,
46137941,Tywon Wray Jr.,S,Campbell,Smyrna,GA,84,2025,1656,148,3,Oklahoma State,South Alabama,2023,87,S,0.8625,1053,95,https://247sports.com/player/tywon-wray-jr-46137941/high-school-289794,3,https://247sports.com/player/tywon-wray-jr-46137941/college-301300,
46118322,Deshaun Buchanan,RB,Basha,Chandler,AZ,84,2025,1661,119,3,Idaho,New Mexico,2023,84,RB,,,,https://247sports.com/player/deshaun-buchanan-46118322/high-school-269436,3,https://247sports.com/player/deshaun-buchanan-46118322/college-327168,
46085699,Malachi Riley,WR,Centennial,Corona,CA,84,2025,1664,265,3,Arizona,San Jose State,2023,87,WR,0.8794,613,90,https://247sports.com/player/malachi-riley-46085699/high-school-251520,3,https://247sports.com/player/malachi-riley-46085699/college-293708,
46138004,Malcolm Gillie,WR,Hope Christian,Milwaukee,WI,84,2025,1667,268,3,Ball State,Coastal Carolina,2023,,WR,,,,https://247sports.com/player/malcolm-gillie-46138004/junior-college-289918,,https://247sports.com/player/malcolm-gillie-46138004/college-320805,
46085583,Anthony Brown-Stephens,WR,Springfield,Springfield,OH,84,2025,1666,267,3,Kentucky,Tulane,2023,89,WR,0.89,452,61,https://247sports.com/player/anthony-brown-stephens-46085583/high-school-237388,3,https://247sports.com/player/anthony-brown-stephens-46085583/college-301844,
46154741,Cameron Dorner,WR,Oakdale,Ijamsville,MD,84,2025,1670,271,3,Shepherd (NA),North Texas,2022,,WR,,,,https://247sports.com/player/cameron-dorner-46154741/high-school-327875,,https://247sports.com/player/cameron-dorner-46154741/college-327876,
46136018,Micah Davis,WR,Harrison,Kennesaw,GA,84,2025,1672,273,3,Utah State,Southern Miss,2023,,WR,,,,https://247sports.com/player/micah-davis-46136018/junior-college-285348,,https://247sports.com/player/micah-davis-46136018/college-320482,
46114795,Tyler Johnson,WR,Magna Vista,Ridgeway,VA,84,2025,1674,274,3,Penn State,East Carolina,2022,87,WR,0.8752,650,91,https://247sports.com/player/tyler-johnson-46114795/high-school-263420,3,https://247sports.com/player/tyler-johnson-46114795/college-281825,
46084999,Jerry Cross,TE,King,Milwaukee,WI,84,2025,1673,91,3,Penn State,Memphis,2022,90,TE,0.9099,252,9,https://247sports.com/player/jerry-cross-46084999/high-school-236373,4,https://247sports.com/player/jerry-cross-46084999/college-275025,
46052133,Ja'Den McBurrows,CB,St. Thomas Aquinas,Fort Lauderdale,FL,85,2025,1406,161,3,Michigan,Appalachian State,2021,88,CB,0.877,555,43,https://247sports.com/player/jaden-mcburrows-46052133/high-school-246203,3,https://247sports.com/player/jaden-mcburrows-46052133/college-270474,
46080515,Nick Elksnis,TE,Episcopal,Jacksonville,FL,84,2025,1675,92,3,Florida,UNLV,2021,88,TE,0.8877,431,18,https://247sports.com/player/nick-elksnis-46080515/high-school-230155,3,https://247sports.com/player/nick-elksnis-46080515/college-294677,
46137221,Grant Leeper,TE,Homestead,Fort Wayne,IN,84,2025,1677,93,3,Iowa,Miami (OH),2023,89,TE,0.8658,944,44,https://247sports.com/player/grant-leeper-46137221/high-school-288338,3,https://247sports.com/player/grant-leeper-46137221/college-298131,
46129793,Makai Byerson,EDGE,Manchester,Midlothian,VA,85,2025,1411,134,3,West Virginia,Boston College,2024,87,EDGE,0.8689,947,64,https://247sports.com/player/makai-byerson-46129793/high-school-275771,3,https://247sports.com/player/makai-byerson-46129793/college-316476,
46132375,Jamari Person,WR,Haywood,Brownsville,TN,84,2025,1680,277,3,Colorado State,Liberty,2023,86,WR,0.837,1731,252,https://247sports.com/player/jamari-person-46132375/high-school-278745,3,https://247sports.com/player/jamari-person-46132375/college-319572,
46118403,Alex Perry,WR,Port Charlotte,Venice,FL,84,2025,1682,279,3,Hawaii,FIU,2022,84,WR,,,,https://247sports.com/player/alex-perry-46118403/high-school-269647,3,https://247sports.com/player/alex-perry-46118403/college-321000,
46125487,Camden Overton-Howard,TE,Marietta,Marietta,GA,84,2025,1683,95,3,Gardner-Webb,Georgia State,2022,,TE,,,,https://247sports.com/player/camden-overton-howard-46125487/high-school-271161,,https://247sports.com/player/camden-overton-howard-46125487/college-327820,
46115852,Jordan Gant,RB,Kathleen,Lakeland,FL,84,2025,1685,122,3,Tennessee State,Akron,2022,,RB,,,,https://247sports.com/player/jordan-gant-46115852/high-school-264869,,https://247sports.com/player/jordan-gant-46115852/college-330465,
46133831,Josiah Timoteo,OT,Waianae,Waianae,HI,84,2025,1688,131,3,Nevada,Oregon State,2023,82,IOL,0.8204,2054,159,https://247sports.com/player/josiah-timoteo-46133831/high-school-281242,3,https://247sports.com/player/josiah-timoteo-46133831/college-319651,
46156231,Andrew Burnette,RB,Jensen Beach,Jensen Beach,FL,84,2025,1691,124,3,Keiser (NA),Louisiana Tech,2023,,RB,,,,https://247sports.com/player/andrew-burnette-46156231/junior-college-330913,,https://247sports.com/player/andrew-burnette-46156231/college-330915,
46049679,Izayah Cummings,TE,Louisville Male,Louisville,KY,84,2025,1693,96,3,Louisville,Appalachian State,2020,88,WR,0.8719,647,102,https://247sports.com/player/izayah-cummings-46049679/high-school-208321,3,https://247sports.com/player/izayah-cummings-46049679/college-310935,
46056677,Emeka Megwa,RB,Timber Creek,Keller,TX,84,2025,1694,125,3,Oklahoma,UNLV,2021,90,RB,0.9,312,18,https://247sports.com/player/emeka-megwa-46056677/high-school-219288,4,https://247sports.com/player/emeka-megwa-46056677/college-285816,
46109846,Demarcus Lacey,WR,Pleasant Grove,Pleasant Grove,AL,84,2025,1696,282,3,North Alabama,Marshall,2022,87,ATH,0.8517,1223,87,https://247sports.com/player/demarcus-lacey-46109846/high-school-257794,3,https://247sports.com/player/demarcus-lacey-46109846/college-310424,
46156515,Alfred Jordan Jr.,WR,La Joya Community,Tolleson,AZ,84,2025,1697,283,3,Idaho State,Ohio,2023,,WR,,,,https://247sports.com/player/alfred-jordan-jr-46156515/junior-college-331532,,https://247sports.com/player/alfred-jordan-jr-46156515/college-331533,
46156297,Evan McCray,WR,Knightdale,Knightdale,NC,84,2025,1698,284,3,Wingate,UAB,2021,,WR,,,,https://247sports.com/player/evan-mccray-46156297/high-school-331119,,https://247sports.com/player/evan-mccray-46156297/college-331120,
46100384,Jimto Obidegwu,OT,Archbishop Carroll,Brandywine,MD,84,2025,1700,133,3,Kent State,North Texas,2021,81,OT,0.8278,1811,148,https://247sports.com/player/jimto-obidegwu-46100384/high-school-249354,3,https://247sports.com/player/jimto-obidegwu-46100384/college-299322,
46098040,Garner Langlo,IOL,Trinity Catholic,Ocala,FL,84,2025,1705,142,3,Auburn,Troy,2021,86,IOL,0.8726,635,43,https://247sports.com/player/garner-langlo-46098040/high-school-246197,3,https://247sports.com/player/garner-langlo-46098040/college-319767,
46040191,Jordan Huff,S,Morgan County,Madison,GA,84,2025,1653,147,3,East Carolina,Georgia State,2022,,S,,,,https://247sports.com/player/jordan-huff-46040191/junior-college-272618,,https://247sports.com/player/jordan-huff-46040191/college-275121,
46112776,TD Williams,CB,Simmons,Hollandale,MS,84,2025,1710,196,3,Central Arkansas,Purdue,2022,,CB,,,,https://247sports.com/player/td-williams-46112776/junior-college-260456,,https://247sports.com/player/td-williams-46112776/college-334514,
46133300,Jalen Brooks,LB,Cardinal Gibbons,Raleigh,NC,84,2025,1711,128,3,Campbell,Missouri State,2020,,LB,,,,https://247sports.com/player/jalen-brooks-46133300/high-school-280112,,https://247sports.com/player/jalen-brooks-46133300/college-334568,
46154064,Tay Yanta II,IOL,Falls City,Falls City,TX,84,2025,1714,147,3,Mary Hardin-Baylor (NA),North Texas,2020,,IOL,,,,https://247sports.com/player/tay-yanta-ii-46154064/high-school-325846,,https://247sports.com/player/tay-yanta-ii-46154064/college-325849,
46140328,Quimari Shemwell,CB,Long Beach Poly,Long Beach,CA,84,2025,1715,197,3,Utah,California,2024,87,CB,0.8663,1047,91,https://247sports.com/player/quimari-shemwell-46140328/high-school-293946,3,https://247sports.com/player/quimari-shemwell-46140328/college-319723,
46157400,Chris Domercant,WR,Bellingham,Bellingham,MA,84,2025,1717,286,3,Stonehill,UCF,2021,,WR,,,,https://247sports.com/player/chris-domercant-46157400/high-school-335244,,https://247sports.com/player/chris-domercant-46157400/college-335247,
46147211,Cyrus Durham,EDGE,St. Francis,Mountain View,CA,84,2025,1719,158,3,Arizona,Akron,2024,,LB,,,,https://247sports.com/player/cyrus-durham-46147211/junior-college-308806,,https://247sports.com/player/cyrus-durham-46147211/college-312320,
46078883,Noah Arinze,EDGE,Webster Groves,St. Louis,MO,84,2025,1718,157,3,New Mexico State,Coastal Carolina,2020,87,WDE,0.8781,554,24,https://247sports.com/player/noah-arinze-46078883/high-school-227978,3,https://247sports.com/player/noah-arinze-46078883/college-288165,
46155935,Xavier Holmes,EDGE,Clarksburg,Clarksburg,MD,84,2025,1722,161,3,Maine,James Madison,2021,,DL,,,,https://247sports.com/player/xavier-holmes-46155935/high-school-330117,,https://247sports.com/player/xavier-holmes-46155935/college-330118,
46116127,Nathan Voorhis,EDGE,Stroudsburg,Stroudsburg,PA,84,2025,1723,162,3,UConn,Ball State,2022,80,EDGE,0.7944,2144,113,https://247sports.com/player/nathan-voorhis-46116127/high-school-265584,3,https://247sports.com/player/nathan-voorhis-46116127/college-330515,
46156259,Braden Mullen,EDGE,Loyola Academy,Wilmette,IL,84,2025,1724,163,3,Dartmouth,Charlotte,2021,,EDGE,,,,https://247sports.com/player/braden-mullen-46156259/high-school-330979,,https://247sports.com/player/braden-mullen-46156259/college-330980,
46098008,Trent Whalen,LB,Arbor View,Las Vegas,NV,84,2025,1725,129,3,Southern Utah,Arkansas,2020,,OLB,,,,https://247sports.com/player/trent-whalen-46098008/high-school-246146,,https://247sports.com/player/trent-whalen-46098008/college-334954,
46114215,Anas Luqman,EDGE,Princeton,Cincinnati,OH,84,2025,1727,164,3,Arkansas-Pine Bluff,Ohio,2022,,LB,,,,https://247sports.com/player/anas-luqman-46114215/high-school-262768,,https://247sports.com/player/anas-luqman-46114215/college-327688,
46116688,Jordan Norman,EDGE,Hoover,Hoover,AL,84,2025,1730,167,3,South Alabama,Tulane,2023,85,DL,0.8296,1912,157,https://247sports.com/player/jordan-norman-46116688/high-school-266411,3,https://247sports.com/player/jordan-norman-46116688/college-300799,
46059353,J'Mond Tapp,EDGE,Ascension Catholic,Donaldsonville,LA,84,2025,1731,168,3,Texas,Southern Miss,2022,94,EDGE,0.9551,107,11,https://247sports.com/player/jmond-tapp-46059353/high-school-226447,4,https://247sports.com/player/jmond-tapp-46059353/college-319394,
46055676,Dontavius Nash,CB,Hunter Huss,Gastonia,NC,84,2025,1737,198,3,East Carolina,Michigan State,2021,90,S,0.9048,286,19,https://247sports.com/player/dontavius-nash-46055676/high-school-217697,4,https://247sports.com/player/dontavius-nash-46055676/college-291292,
46093858,Garret Rangel,QB,Frisco Lone Star,Frisco,TX,84,2025,1746,120,3,Oklahoma State,Virginia Tech,2022,89,QB,0.8906,420,26,https://247sports.com/player/garret-rangel-46093858/high-school-242177,3,https://247sports.com/player/garret-rangel-46093858/college-275616,
46100578,Tiger Bachmeier,WR,Murrieta Valley,Murrieta,CA,84,2025,1747,287,3,Stanford,BYU,2023,90,WR,0.8875,489,67,https://247sports.com/player/tiger-bachmeier-46100578/high-school-255886,4,https://247sports.com/player/tiger-bachmeier-46100578/college-300682,
46136156,Brent Helton,IOL,Centennial,Corona,CA,84,2025,1750,150,3,Iowa State,Arizona State,2024,86,IOL,0.8572,1352,112,https://247sports.com/player/brent-helton-46136156/high-school-285833,3,https://247sports.com/player/brent-helton-46136156/college-318004,
46113036,Sam Secrest,IOL,Roncalli,Indianapolis,IN,84,2025,1751,151,3,Houston,Louisville,2022,82,IOL,0.8281,1750,104,https://247sports.com/player/sam-secrest-46113036/high-school-260918,3,https://247sports.com/player/sam-secrest-46113036/college-319520,
46093914,Josh Schell,DL,Mt. Pleasant,Mt. Pleasant,MI,84,2025,1753,179,3,Grand Valley State,Tennessee,2021,76,DL,,,,https://247sports.com/player/josh-schell-46093914/high-school-242261,2,https://247sports.com/player/josh-schell-46093914/college-336433,
46130635,Antwone Santiago,LB,Platt,Meriden,CT,84,2025,1755,130,3,Temple,Virginia Tech,2022,,LB,,,,https://247sports.com/player/antwone-santiago-46130635/high-school-276450,,https://247sports.com/player/antwone-santiago-46130635/college-282603,
46097276,Keviyan Huddleston,DL,Chapel Hill,Tyler,TX,84,2025,1759,184,3,TCU,North Texas,2023,87,DL,0.8756,711,67,https://247sports.com/player/keviyan-huddleston-46097276/high-school-245185,3,https://247sports.com/player/keviyan-huddleston-46097276/college-301316,
46137351,Uche Iloh,DL,McIntosh,Peachtree City,GA,84,2025,1761,186,3,Georgia Tech,Georgia Southern,2024,88,DL,0.8722,854,96,https://247sports.com/player/uche-iloh-46137351/high-school-288700,3,https://247sports.com/player/uche-iloh-46137351/college-316548,
46130568,Eliyt Nairne,DL,Olympic,Charlotte,NC,84,2025,1762,187,3,Liberty,Tulane,2023,,DL,,,,https://247sports.com/player/eliyt-nairne-46130568/high-school-276354,,https://247sports.com/player/eliyt-nairne-46130568/college-320641,
46111767,Cam Burden,LB,Alcoa,Alcoa,TN,84,2025,1764,131,3,Charlotte,Memphis,2021,82,LB,0.8111,2236,252,https://247sports.com/player/cam-burden-46111767/high-school-259888,3,https://247sports.com/player/cam-burden-46111767/college-270770,
46128316,Blake Tabaracci,LB,Park City,Park City,UT,84,2025,1765,132,3,New Mexico,San Jose State,2024,86,LB,0.8647,1088,91,https://247sports.com/player/blake-tabaracci-46128316/high-school-273416,3,https://247sports.com/player/blake-tabaracci-46128316/college-320440,
46113666,Caleb Curtain,S,Grimsley,Greensboro,NC,84,2025,1767,152,3,Elon,Charlotte,2021,,WR,,,,https://247sports.com/player/caleb-curtain-46113666/high-school-261967,,https://247sports.com/player/caleb-curtain-46113666/college-325918,
46156332,Elijah Gordon,S,Midland,Midland,MI,84,2025,1768,153,3,Saginaw Valley State,Central Michigan,2021,,S,,,,https://247sports.com/player/elijah-gordon-46156332/high-school-331234,,https://247sports.com/player/elijah-gordon-46156332/college-331235,
46082706,Tahj Bullock,QB,St. Peter's Prep,Jersey City,NJ,84,2025,1770,121,3,Virginia Tech,Colorado State,2021,85,QB,0.8596,923,63,https://247sports.com/player/tahj-bullock-46082706/high-school-233119,3,https://247sports.com/player/tahj-bullock-46082706/college-302141,
46116606,Jaylen Bonelli,WR,St. Thomas Aquinas,Fort Lauderdale,FL,84,2025,1774,288,3,Wagner,Arkansas State,2023,,WR,,,,https://247sports.com/player/jaylen-bonelli-46116606/high-school-266249,,https://247sports.com/player/jaylen-bonelli-46116606/college-325295,
46086983,Johnny Chaney Jr.,LB,Wekiva,Apopka,FL,84,2025,1777,134,3,Florida A&amp;M,FIU,2021,,LB,,,,https://247sports.com/player/johnny-chaney-jr-46086983/high-school-241226,,https://247sports.com/player/johnny-chaney-jr-46086983/college-319495,
46156066,Cameron Hollobaugh,LB,John F. Kennedy,Warren,OH,84,2025,1778,135,3,Walsh (NA),Ohio,2021,,LB,,,,https://247sports.com/player/cameron-hollobaugh-46156066/high-school-330438,,https://247sports.com/player/cameron-hollobaugh-46156066/college-330439,
46153534,Carson Kent,TE,Milton,Alpharetta,GA,84,2025,1485,78,3,Kennesaw State,Oklahoma,2022,,TE,,,,https://247sports.com/player/carson-kent-46153534/high-school-324628,,https://247sports.com/player/carson-kent-46153534/college-324629,
46157954,Justin Smith-Brown,WR,Space Coast,Cocoa,FL,84,2025,1783,290,3,South Carolina State,West Virginia,2022,,WR,,,,https://247sports.com/player/justin-smith-brown-46157954/high-school-336553,,https://247sports.com/player/justin-smith-brown-46157954/college-336554,
46129029,Bryson Taylor,CB,Mill Creek,Hoschton,GA,84,2025,1785,204,3,New Mexico,Utah State,2022,,CB,,,,https://247sports.com/player/bryson-taylor-46129029/high-school-274442,,https://247sports.com/player/bryson-taylor-46129029/college-288012,
46110066,Ian Flynt,TE,Katy Taylor,Katy,TX,84,2025,1790,102,3,Nebraska,NC State,2024,86,TE,0.8775,714,39,https://247sports.com/player/ian-flynt-46110066/high-school-258193,3,https://247sports.com/player/ian-flynt-46110066/college-308300,
46058739,Antonio Stevens,S,Battle Ground Academy,Franklin,TN,84,2025,1793,154,3,Purdue,Kennesaw State,2020,89,S,0.8722,643,48,https://247sports.com/player/antonio-stevens-46058739/high-school-225200,3,https://247sports.com/player/antonio-stevens-46058739/college-255563,
46118522,Brooklyn Cheek,S,Central Catholic,Modesto,CA,84,2025,1797,158,3,California,Wyoming,2024,88,S,0.8739,801,83,https://247sports.com/player/brooklyn-cheek-46118522/high-school-270060,3,https://247sports.com/player/brooklyn-cheek-46118522/college-320991,
46133404,Zuri Madison,IOL,Frederick Douglass,Lexington,KY,84,2025,1800,154,3,Arkansas,Arkansas State,2024,88,OT,0.8747,776,59,https://247sports.com/player/zuri-madison-46133404/high-school-280353,3,https://247sports.com/player/zuri-madison-46133404/college-311182,
46142307,Nehemiah Chandler,CB,Wakulla,Crawfordville,FL,84,2025,1802,207,3,Georgia Tech,South Alabama,2024,87,ATH,0.8622,1158,103,https://247sports.com/player/nehemiah-chandler-46142307/high-school-297981,3,https://247sports.com/player/nehemiah-chandler-46142307/college-316550,
46139604,Austyn Dendy,RB,Pine Bluff,Pine Bluff,AR,84,2025,1804,131,3,Missouri,Bowling Green,2024,88,WR,0.8739,801,61,https://247sports.com/player/austyn-dendy-46139604/high-school-292763,3,https://247sports.com/player/austyn-dendy-46139604/college-318167,
46138526,Obinna Onwuka,EDGE,C.H. Flowers,Upper Marlboro,MD,84,2025,1807,175,3,West Virginia,Coastal Carolina,2024,88,EDGE,0.8794,666,43,https://247sports.com/player/obinna-onwuka-46138526/high-school-291100,3,https://247sports.com/player/obinna-onwuka-46138526/college-307079,
46158172,Kristos Fernandez,OT,New Hyde Park Memorial,New Hyde Park,NY,84,2025,1813,135,3,LIU,Charlotte,2021,,OT,,,,https://247sports.com/player/kristos-fernandez-46158172/high-school-337043,,https://247sports.com/player/kristos-fernandez-46158172/college-337044,
46143966,MJ Hinson Jr.,CB,College Station,College Station,TX,84,2025,1814,208,3,Texas Southern,Florida Atlantic,2024,,CB,,,,https://247sports.com/player/mj-hinson-jr-46143966/junior-college-302112,,https://247sports.com/player/mj-hinson-jr-46143966/college-337304,
46158044,Jeremiah Orr,OT,Ridgeland,Ridgeland,SC,84,2025,1817,136,3,Valparaiso,Jacksonville State,2020,,OT,,,,https://247sports.com/player/jeremiah-orr-46158044/high-school-336801,,https://247sports.com/player/jeremiah-orr-46158044/college-336805,
46139401,Alvin Williamson Jr.,CB,Cibolo Steele,Cibolo,TX,84,2025,1818,209,3,Vanderbilt,Houston,2024,86,CB,0.8533,1487,139,https://247sports.com/player/alvin-williamson-jr-46139401/high-school-292522,3,https://247sports.com/player/alvin-williamson-jr-46139401/college-307120,
46083247,Tyrece Mills,S,Northeast,Philadelphia,PA,84,2025,1821,162,3,Penn State,UConn,2022,,S,,,,https://247sports.com/player/tyrece-mills-46083247/junior-college-263878,,https://247sports.com/player/tyrece-mills-46083247/college-282684,
46154506,Desman Hearns,S,Chamberlain,Tampa,FL,84,2025,1826,165,3,Southern Illinois,Wyoming,2022,,S,,,,https://247sports.com/player/desman-hearns-46154506/high-school-327292,,https://247sports.com/player/desman-hearns-46154506/college-327293,
46157955,Kai Rios,TE,Rock Island,Rock Island,IL,84,2025,1827,106,3,Indiana State,Michigan State,2022,,TE,,,,https://247sports.com/player/kai-rios-46157955/high-school-336560,,https://247sports.com/player/kai-rios-46157955/college-336561,
46080647,Jayden Dixon-Veal,WR,Rancho Cucamonga,Rancho Cucamonga,CA,84,2025,1789,291,3,Purdue,California,2023,,WR,,,,https://247sports.com/player/jayden-dixon-veal-46080647/junior-college-295355,,https://247sports.com/player/jayden-dixon-veal-46080647/college-299095,
46102437,Cole Welliver,QB,Liberty Christian,Argyle,TX,84,2025,1828,123,3,UConn,New Mexico,2024,85,QB,0.8575,1332,73,https://247sports.com/player/cole-welliver-46102437/high-school-290804,3,https://247sports.com/player/cole-welliver-46102437/college-310486,
94570,Mason Starling,WR,Rainier Beach,Seattle,WA,84,2025,1833,296,3,California,San Jose State,2022,,WR,,,,https://247sports.com/player/mason-starling-94570/junior-college-244713,,https://247sports.com/player/mason-starling-94570/college-281181,
46097184,Caleb Presley,CB,Rainier Beach,Seattle,WA,84,2025,1835,211,3,Washington,San Jose State,2023,91,CB,0.9201,215,24,https://247sports.com/player/caleb-presley-46097184/high-school-268536,4,https://247sports.com/player/caleb-presley-46097184/college-293390,
82364,Isheem Young,S,Imhotep Institute,Philadelphia,PA,84,2025,1838,166,3,North Texas,Memphis,2019,89,S,0.8722,704,56,https://247sports.com/player/isheem-young-82364/high-school-142908,3,https://247sports.com/player/isheem-young-82364/college-309757,
46146937,Jamari Farmer,LB,Mooresville,Mooresville,NC,84,2025,1843,139,3,Indiana,East Tennessee State,2025,86,LB,0.8592,1405,139,https://247sports.com/player/jamari-farmer-46146937/high-school-308431,3,https://247sports.com/player/jamari-farmer-46146937/college-326945,
46136000,Donovan Hamilton,WR,Hamilton Southeastern,Fishers,IN,84,2025,1805,292,3,Purdue,Ball State,2024,87,WR,0.8619,1174,157,https://247sports.com/player/donovan-hamilton-46136000/high-school-285263,3,https://247sports.com/player/donovan-hamilton-46136000/college-318512,
46139377,Chase Pinkston,S,Oak Grove,Hattiesburg,MS,84,2025,1845,167,3,Oklahoma State,Memphis,2025,,CB,,,,https://247sports.com/player/chase-pinkston-46139377/junior-college-325318,,https://247sports.com/player/chase-pinkston-46139377/college-328167,
46116319,Oryend Fisher,EDGE,Great Crossing,Georgetown,KY,84,2025,1850,180,3,West Virginia,UTEP,2023,88,EDGE,0.8706,835,80,https://247sports.com/player/oryend-fisher-46116319/high-school-265860,3,https://247sports.com/player/oryend-fisher-46116319/college-297846,
46113957,Traevon Dunbar,RB,Midland Valley,Graniteville,SC,84,2025,1854,136,3,West Virginia,South Alabama,2024,88,RB,0.8769,720,58,https://247sports.com/player/traevon-dunbar-46113957/high-school-262452,3,https://247sports.com/player/traevon-dunbar-46113957/college-316478,
46133818,Ernest Campbell,WR,Refugio,Refugio,TX,84,2025,1855,299,3,Texas A&amp;M,Sacramento State,2024,89,WR,0.8933,434,66,https://247sports.com/player/ernest-campbell-46133818/high-school-281226,3,https://247sports.com/player/ernest-campbell-46133818/college-317147,
46118199,Stephen Johnson,DL,Whitewater,Fayetteville,GA,84,2025,1857,195,3,McNeese,South Alabama,2023,86,DL,0.8492,1437,157,https://247sports.com/player/stephen-johnson-46118199/high-school-269088,3,https://247sports.com/player/stephen-johnson-46118199/college-336058,
46113157,Jeremiah Vessel,S,Bishop Gorman,Las Vegas,NV,84,2025,1861,170,3,New Mexico State,UAB,2023,83,CB,0.8428,1622,136,https://247sports.com/player/jeremiah-vessel-46113157/high-school-282621,3,https://247sports.com/player/jeremiah-vessel-46113157/college-312537,
46138880,Mitch Hodnett,IOL,Sterlington,Monroe,LA,84,2025,1863,158,3,TCU,Tulane,2024,86,OT,0.8681,977,79,https://247sports.com/player/mitch-hodnett-46138880/high-school-291640,3,https://247sports.com/player/mitch-hodnett-46138880/college-307603,
46127608,Jashad Presley,LB,Dr. Phillips,Orlando,FL,84,2025,1866,143,3,UCF,UTSA,2024,85,S,0.8622,1158,99,https://247sports.com/player/jashad-presley-46127608/high-school-272284,3,https://247sports.com/player/jashad-presley-46127608/college-317428,
46114424,Pooh Lawton,S,West Side,Newark,NJ,84,2025,1870,172,3,Slippery Rock (NA),Temple,2022,,ATH,,,,https://247sports.com/player/pooh-lawton-46114424/high-school-262982,,https://247sports.com/player/pooh-lawton-46114424/college-336539,
46159058,Marcell Blocker,CB,Coconut Creek,Pompano Beach,FL,84,2025,1872,213,3,Florida Memorial (NA),UTEP,2019,,CB,,,,https://247sports.com/player/marcell-blocker-46159058/high-school-338333,,https://247sports.com/player/marcell-blocker-46159058/college-338334,
46083123,Rashad McKenzie,DL,Bishop Alemany,Mission Hills,CA,84,2025,1873,196,3,Washington State,Arizona State,2022,87,ATH,0.8685,796,110,https://247sports.com/player/rashad-mckenzie-46083123/high-school-233582,3,https://247sports.com/player/rashad-mckenzie-46083123/college-282984,
46136561,Kobe Williams,IOL,Amory,Amory,MS,84,2025,1831,157,3,Memphis,Arkansas State,2024,87,IOL,0.8639,1109,89,https://247sports.com/player/kobe-williams-46136561/high-school-286804,3,https://247sports.com/player/kobe-williams-46136561/college-318659,
46114966,Ralph Ortiz,LB,Lake Minneola,Lake Minneola,FL,84,2025,1876,144,3,West Florida (NA),Kansas State,2022,,S,,,,https://247sports.com/player/ralph-ortiz-46114966/high-school-263615,,https://247sports.com/player/ralph-ortiz-46114966/college-340158,
46133448,Darrell Gipson,EDGE,Timberline,Lacey,WA,84,2025,1877,183,3,Idaho State,Cincinnati,2024,81,EDGE,0.81,2705,184,https://247sports.com/player/darrell-gipson-46133448/high-school-280453,3,https://247sports.com/player/darrell-gipson-46133448/college-340344,
46055682,Jaedon Wilson,WR,DeSoto,DeSoto,TX,83,2025,1880,304,3,Arkansas,UCLA,2021,87,WR,0.8685,707,110,https://247sports.com/player/jaedon-wilson-46055682/high-school-217704,3,https://247sports.com/player/jaedon-wilson-46055682/college-266956,
46084717,Dexter Williams II,QB,Mount De Sales Academy,Macon,GA,83,2025,1882,124,3,Georgia Southern,Kennesaw State,2020,87,DUAL,0.8544,1081,34,https://247sports.com/player/dexter-williams-ii-46084717/high-school-236009,3,https://247sports.com/player/dexter-williams-ii-46084717/college-306768,
46082674,Grant Jordan,QB,Jesuit,New Orleans,LA,83,2025,1884,125,3,Yale,UMass,2020,,DUAL,,,,https://247sports.com/player/grant-jordan-46082674/high-school-233076,,https://247sports.com/player/grant-jordan-46082674/college-324975,
46130507,Kasen Carpenter,IOL,Allen,Allen,TX,83,2025,1887,160,3,Tulsa,Oklahoma State,2023,85,IOL,0.8378,1714,127,https://247sports.com/player/kasen-carpenter-46130507/high-school-276261,3,https://247sports.com/player/kasen-carpenter-46130507/college-320566,
46153734,Isaiah Reed,CB,Seffner Christian Academy,Lake Wales,FL,83,2025,1885,215,3,Brown,UCF,2021,,CB,,,,https://247sports.com/player/isaiah-reed-46153734/high-school-325023,,https://247sports.com/player/isaiah-reed-46153734/college-325024,
46094841,Jayden Denegal,QB,Apple Valley,Apple Valley,CA,83,2025,1889,127,3,Michigan,San Diego State,2022,89,QB,0.887,452,28,https://247sports.com/player/jayden-denegal-46094841/high-school-243599,3,https://247sports.com/player/jayden-denegal-46094841/college-281104,
46101388,Caden Veltkamp,QB,South Warren,Bowling Green,KY,83,2025,1890,128,3,Western Kentucky,Florida Atlantic,2022,85,QB,0.867,838,50,https://247sports.com/player/caden-veltkamp-46101388/high-school-250662,3,https://247sports.com/player/caden-veltkamp-46101388/college-276457,
46052649,Broderick Roman,IOL,Okemos,Okemos,MI,84,2025,1597,136,3,Eastern Michigan,Southern Miss,2019,79,OC,0.7894,3017,45,https://247sports.com/player/broderick-roman-46052649/high-school-213233,2,https://247sports.com/player/broderick-roman-46052649/college-326261,
46117557,Tahjae Mullix,DL,Newton,Covington,GA,83,2025,1894,199,3,Western Illinois,Oregon State,2022,,EDGE,,,,https://247sports.com/player/tahjae-mullix-46117557/high-school-267843,,https://247sports.com/player/tahjae-mullix-46117557/college-326094,
46145838,Oscar Hammond,TE,Collinsville,Collinsville,OK,83,2025,1896,109,3,North Texas,Oklahoma State,2022,,TE,,,,https://247sports.com/player/oscar-hammond-46145838/high-school-305972,,https://247sports.com/player/oscar-hammond-46145838/college-309053,
46129826,Will Monney,TE,Springville,Springville,UT,83,2025,1898,110,3,Utah State,Oklahoma State,2023,83,TE,0.7983,2272,113,https://247sports.com/player/will-monney-46129826/high-school-275814,3,https://247sports.com/player/will-monney-46129826/college-319737,
46081131,Jaeden Gould,S,Bergen Catholic,Oradell,NJ,83,2025,1902,174,3,Nebraska,UCF,2022,90,CB,0.9084,261,31,https://247sports.com/player/jaeden-gould-46081131/high-school-231013,4,https://247sports.com/player/jaeden-gould-46081131/college-293813,
46057095,Sieh Bangura,RB,DeMatha Catholic,Hyattsville,MD,83,2025,1912,141,3,Minnesota,Ohio,2021,82,RB,0.8474,1280,94,https://247sports.com/player/sieh-bangura-46057095/high-school-220036,3,https://247sports.com/player/sieh-bangura-46057095/college-311448,
46048991,Reymello Murphy,WR,Santa Margarita Catholic,Rancho Santa Margarita,CA,83,2025,1918,310,3,Old Dominion,UConn,2023,,WR,,,,https://247sports.com/player/reymello-murphy-46048991/junior-college-313393,,https://247sports.com/player/reymello-murphy-46048991/college-319440,
46082863,Noah Biglow,CB,Armwood,Seffner,FL,84,2025,1624,182,3,Pittsburgh,Louisiana Tech,2021,86,CB,0.8556,1031,87,https://247sports.com/player/noah-biglow-46082863/high-school-246441,3,https://247sports.com/player/noah-biglow-46082863/college-269043,
46134953,Landon Ellis,WR,Woodberry Forest,Woodberry Forest,VA,83,2025,1922,312,3,Richmond,James Madison,2023,,WR,,,,https://247sports.com/player/landon-ellis-46134953/high-school-283129,,https://247sports.com/player/landon-ellis-46134953/college-326039,
86237,Ben Smiley III,DL,Indian River,Chesapeake,VA,83,2025,1924,201,3,Virginia,UConn,2019,87,DT,0.8804,557,41,https://247sports.com/player/ben-smiley-iii-86237/high-school-151737,3,https://247sports.com/player/ben-smiley-iii-86237/college-238710,
46099787,Kimo Makane'ole,DL,Niceville,Niceville,FL,83,2025,1926,202,3,LSU,West Virginia,2021,89,IOL,0.887,436,30,https://247sports.com/player/kimo-makaneole-46099787/high-school-248564,3,https://247sports.com/player/kimo-makaneole-46099787/college-266318,
46099553,Sullivan Weidman,IOL,Dexter Southfield,Brookline,MA,83,2025,1931,164,3,West Virginia,UMass,2022,85,OT,0.8693,782,65,https://247sports.com/player/sullivan-weidman-46099553/high-school-248239,3,https://247sports.com/player/sullivan-weidman-46099553/college-282237,
46094724,Ty Cooper,EDGE,Louisville,Louisville,MS,83,2025,1932,184,3,Mississippi State,Tulsa,2021,86,EDGE,0.8533,1099,65,https://247sports.com/player/ty-cooper-46094724/high-school-243390,3,https://247sports.com/player/ty-cooper-46094724/college-333561,
46101455,Lance Williams,IOL,Alcoa,Alcoa,TN,83,2025,1935,165,3,Virginia Tech,Appalachian State,2023,85,IOL,0.8556,1253,95,https://247sports.com/player/lance-williams-46101455/high-school-251013,3,https://247sports.com/player/lance-williams-46101455/college-290894,
46113085,Martin Owusu,DL,Prior Lake,Prior Lake,MN,83,2025,1936,204,3,Minnesota,Fresno State,2023,86,DL,0.8672,901,98,https://247sports.com/player/martin-owusu-46113085/high-school-260998,3,https://247sports.com/player/martin-owusu-46113085/college-292094,
46132484,Landen Thomas,EDGE,Zachary,Zachary,LA,83,2025,1938,187,3,Arizona State,UNLV,2023,84,DL,0.8744,748,84,https://247sports.com/player/landen-thomas-46132484/high-school-278889,3,https://247sports.com/player/landen-thomas-46132484/college-300534,
46117672,Avery Stuart,S,Alabama Christian Academy,Montgomery,AL,84,2025,1631,142,3,Kentucky,Ball State,2023,88,CB,0.9017,320,30,https://247sports.com/player/avery-stuart-46117672/high-school-267986,3,https://247sports.com/player/avery-stuart-46117672/college-301198,
46117361,Reginald Hughes,LB,Rosa Fort,Tunica,MS,84,2025,1634,126,3,Jacksonville State,Colorado,2022,,LB,,,,https://247sports.com/player/reginald-hughes-46117361/junior-college-267602,,https://247sports.com/player/reginald-hughes-46117361/college-310431,
46076934,Jack Nickel,TE,Milton,Alpharetta,GA,83,2025,1943,117,3,Michigan State,Miami,2022,87,TE,0.8826,522,28,https://247sports.com/player/jack-nickel-46076934/high-school-227539,3,https://247sports.com/player/jack-nickel-46076934/college-318801,
46096570,Richard Outland Jr.,DL,Alief Taylor,Houston,TX,83,2025,1945,207,3,Sam Houston,North Texas,2020,,SDE,,,,https://247sports.com/player/richard-outland-jr-46096570/high-school-244668,,https://247sports.com/player/richard-outland-jr-46096570/college-321067,
46154126,Darrell Jones,IOL,Forest Park,Bowie,MD,83,2025,1947,168,3,Bowie State,UTSA,2022,,IOL,,,,https://247sports.com/player/darrell-jones-46154126/high-school-326047,,https://247sports.com/player/darrell-jones-46154126/college-326030,
46154172,Erwil Anthony Jr.,IOL,A.L. Brown,Kannapolis,NC,83,2025,1948,169,3,Wingate,Liberty,2022,,IOL,,,,https://247sports.com/player/erwil-anthony-jr-46154172/high-school-326155,,https://247sports.com/player/erwil-anthony-jr-46154172/college-326156,
46154254,Ryan Joyce,IOL,Hunterdon Central,Flemington,NJ,83,2025,1950,171,3,Fordham,Old Dominion,2019,,IOL,,,,https://247sports.com/player/ryan-joyce-46154254/high-school-326359,,https://247sports.com/player/ryan-joyce-46154254/college-326360,
46154763,Peyton Ellis,OT,Bullard,Bullard,TX,83,2025,1952,143,3,East Texas A&amp;M (NA),Marshall,2021,,OT,,,,https://247sports.com/player/peyton-ellis-46154763/high-school-327954,,https://247sports.com/player/peyton-ellis-46154763/college-327955,
46101976,Deuce Spurlock II,LB,Madison Academy,Madison,AL,83,2025,1954,150,3,Michigan,Liberty,2022,86,LB,0.86,994,91,https://247sports.com/player/deuce-spurlock-ii-46101976/high-school-251682,3,https://247sports.com/player/deuce-spurlock-ii-46101976/college-291717,
46137555,Isaac Perez,IOL,Centennial,Corona,CA,84,2025,1648,138,3,Portland State,Arizona,2023,82,IOL,,,,https://247sports.com/player/isaac-perez-46137555/high-school-289123,3,https://247sports.com/player/isaac-perez-46137555/college-327670,
46142549,Marcus Ross,LB,Jefferson Davis County,Bassfield,MS,83,2025,1956,152,3,Mississippi State,Louisiana-Monroe,2024,,LB,,,,https://247sports.com/player/marcus-ross-46142549/junior-college-298417,,https://247sports.com/player/marcus-ross-46142549/college-308350,
46136100,Stellan Bowman,LB,East Kentwood,Grand Rapids,MI,83,2025,1960,154,3,Ohio,Charlotte,2024,80,LB,0.8214,2457,225,https://247sports.com/player/stellan-bowman-46136100/high-school-285699,3,https://247sports.com/player/stellan-bowman-46136100/college-310787,
46116868,Michael Montgomery,LB,Garfield,Seattle,WA,83,2025,1964,157,3,Portland State,Southern Miss,2023,83,LB,0.8317,1838,164,https://247sports.com/player/michael-montgomery-46116868/high-school-266688,3,https://247sports.com/player/michael-montgomery-46116868/college-325617,
46101195,Matt Jones,RB,Jackson Prep,Flowood,MS,84,2025,1652,115,3,Ole Miss,Southern Miss,2021,,RB,,,,https://247sports.com/player/matt-jones-46101195/high-school-250426,,https://247sports.com/player/matt-jones-46101195/college-270212,
46111844,Micah Bell,WR,The Kinkaid School,Houston,TX,83,2025,1941,313,3,Notre Dame,Georgia,2023,92,CB,0.916,237,27,https://247sports.com/player/micah-bell-46111844/high-school-259985,4,https://247sports.com/player/micah-bell-46111844/college-315494,
46134290,Chase Canada,CB,Foster,Richmond,TX,83,2025,1972,219,3,Illinois,North Texas,2024,,CB,,,,https://247sports.com/player/chase-canada-46134290/junior-college-302526,,https://247sports.com/player/chase-canada-46134290/college-307426,
45572608,Ta'Quan Roberson,QB,DePaul Catholic,Wayne,NJ,83,2025,1973,136,3,Kansas State,Buffalo,2019,88,DUAL,0.9045,287,8,https://247sports.com/player/taquan-roberson-45572608/high-school-181386,3,https://247sports.com/player/taquan-roberson-45572608/college-319561,
46130406,Chase Davis,S,Little Elm,Little Elm,TX,83,2025,1974,176,3,Utah State,Texas State,2023,87,S,0.8706,835,67,https://247sports.com/player/chase-davis-46130406/high-school-276113,3,https://247sports.com/player/chase-davis-46130406/college-319731,
46117064,Cam Upshaw Jr.,S,Taylor County,Perry,FL,83,2025,1975,177,3,Memphis,UTSA,2024,,S,,,,https://247sports.com/player/cam-upshaw-jr-46117064/junior-college-301223,,https://247sports.com/player/cam-upshaw-jr-46117064/college-325766,
46154455,Patrick Gurd,TE,New Albany,New Albany,OH,84,2025,1660,90,3,Ohio State,Cincinnati,2020,,TE,,,,https://247sports.com/player/patrick-gurd-46154455/high-school-327059,,https://247sports.com/player/patrick-gurd-46154455/college-327060,
46049492,Jordan Dunbar,CB,Iona Preparatory School,Syracuse,NY,83,2025,1976,220,3,Bowling Green,Missouri State,2020,78,CB,0.8007,2785,248,https://247sports.com/player/jordan-dunbar-46049492/high-school-207967,2,https://247sports.com/player/jordan-dunbar-46049492/college-332670,
46083910,Hahsaun Wilson,RB,South Florence,Florence,SC,84,2025,1662,120,3,Charlotte,UTEP,2021,77,RB,0.7922,2553,174,https://247sports.com/player/hahsaun-wilson-46083910/high-school-234601,2,https://247sports.com/player/hahsaun-wilson-46083910/college-270790,
46053431,Ronald Jackson Jr.,S,Belleville,Belleville,MI,83,2025,1979,178,3,Old Dominion,Ohio,2020,79,S,0.8006,2793,212,https://247sports.com/player/ronald-jackson-jr-46053431/high-school-214241,2,https://247sports.com/player/ronald-jackson-jr-46053431/college-332134,
46154231,Brevin Hamblin,S,Syracuse,Syracuse,UT,83,2025,1981,180,3,Utah Tech,Utah State,2023,,S,,,,https://247sports.com/player/brevin-hamblin-46154231/high-school-326294,,https://247sports.com/player/brevin-hamblin-46154231/college-326295,
46101636,Avery Powell,CB,St. Peter's Prep,Jersey City,NJ,83,2025,1982,223,3,Holy Cross,Temple,2022,82,CB,0.8585,1046,95,https://247sports.com/player/avery-powell-46101636/high-school-251253,3,https://247sports.com/player/avery-powell-46101636/college-326441,
46154406,Key Crowell,CB,Lebanon,Lebanon,TN,83,2025,1985,225,3,Indianapolis (NA),East Carolina,2024,,CB,,,,https://247sports.com/player/key-crowell-46154406/high-school-326876,,https://247sports.com/player/key-crowell-46154406/college-326877,
46132685,Trey Ridley,S,Blue Valley Northwest,Leawood,KS,83,2025,1987,183,3,South Dakota State,Washington State,2024,84,S,0.8444,1794,172,https://247sports.com/player/trey-ridley-46132685/high-school-279131,3,https://247sports.com/player/trey-ridley-46132685/college-327291,
46097132,Zuberi Mobley,RB,Miami Northwestern,Miami,FL,83,2025,1989,142,3,Florida Atlantic,Tulane,2021,82,RB,0.8111,2236,155,https://247sports.com/player/zuberi-mobley-46097132/high-school-245005,3,https://247sports.com/player/zuberi-mobley-46097132/college-268804,
46117751,Robert Briggs Jr.,RB,Bellville,Bellville,TX,83,2025,1991,144,3,Utah State,Southern Miss,2022,86,WR,0.8244,1825,140,https://247sports.com/player/robert-briggs-jr-46117751/high-school-268127,3,https://247sports.com/player/robert-briggs-jr-46117751/college-288075,
46085443,DD Snyder,S,Tampa Catholic,Tampa,FL,83,2025,1992,184,3,Ball State,UMass,2021,83,S,0.8456,1325,113,https://247sports.com/player/dd-snyder-46085443/high-school-237137,3,https://247sports.com/player/dd-snyder-46085443/college-299726,
46051025,Will Jones II,S,Mansfield Summit,Arlington,TX,83,2025,1995,185,3,Old Dominion,North Texas,2019,87,CB,0.8707,730,67,https://247sports.com/player/will-jones-ii-46051025/high-school-210823,3,https://247sports.com/player/will-jones-ii-46051025/college-310740,
46111811,Parker Jenkins,RB,Klein Forest,Houston,TX,83,2025,1993,145,3,Houston,East Carolina,2023,88,RB,0.8964,374,25,https://247sports.com/player/parker-jenkins-46111811/high-school-259944,3,https://247sports.com/player/parker-jenkins-46111811/college-300821,
46113739,Jackson Bowers,TE,Mountain View,Mesa,AZ,84,2025,1678,94,3,BYU,Oregon State,2023,90,TE,0.8905,447,23,https://247sports.com/player/jackson-bowers-46113739/high-school-262085,4,https://247sports.com/player/jackson-bowers-46113739/college-300223,
46097293,Braxton Myers,CB,Coppell,Coppell,TX,83,2025,1996,227,3,Southern Miss,Western Kentucky,2023,94,S,0.9181,225,17,https://247sports.com/player/braxton-myers-46097293/high-school-245205,4,https://247sports.com/player/braxton-myers-46097293/college-312578,
46084023,Bralon Brown,WR,St. Thomas Aquinas,Fort Lauderdale,FL,84,2025,1679,276,3,Marshall,Southern Miss,2021,88,WR,0.9251,179,31,https://247sports.com/player/bralon-brown-46084023/high-school-250695,3,https://247sports.com/player/bralon-brown-46084023/college-319356,
46154482,Nickendre Stiger,S,East,Wichita,KS,83,2025,2001,186,3,Kansas State,Old Dominion,2022,,S,,,,https://247sports.com/player/nickendre-stiger-46154482/junior-college-327200,,https://247sports.com/player/nickendre-stiger-46154482/college-327201,
46130532,Chris Gee,RB,Paschal,Fort Worth,TX,84,2025,1686,123,3,Colgate,Akron,2023,86,S,0.855,1264,85,https://247sports.com/player/chris-gee-46130532/high-school-276302,3,https://247sports.com/player/chris-gee-46130532/college-330470,
46051486,Troy Omeire,WR,Fort Bend Austin,Sugar Land,TX,84,2025,1690,280,3,Arizona State,UNLV,2020,87,WR,0.9123,245,43,https://247sports.com/player/troy-omeire-46051486/high-school-211482,3,https://247sports.com/player/troy-omeire-46051486/college-296564,
46041316,Jalen John,RB,Lakeridge,Lake Oswego,OR,83,2025,2006,153,3,UMass,Coastal Carolina,2020,87,RB,0.8641,836,54,https://247sports.com/player/jalen-john-46041316/high-school-193338,3,https://247sports.com/player/jalen-john-46041316/college-292460,
46154157,Chantz Harley,CB,Landon School,Bethesda,MD,83,2025,1978,222,3,Maryland,James Madison,2021,,ATH,,,,https://247sports.com/player/chantz-harley-46154157/high-school-326131,,https://247sports.com/player/chantz-harley-46154157/college-326133,
46082700,Kenyon Clay,RB,Union,Union,MS,83,2025,2008,155,3,Southern Miss,Arkansas State,2022,85,RB,0.8374,1557,116,https://247sports.com/player/kenyon-clay-46082700/high-school-233105,3,https://247sports.com/player/kenyon-clay-46082700/college-325668,
46100625,Michael Brescia,TE,Hinsdale Central,Hinsdale,IL,84,2025,1699,97,3,Colgate,Western Michigan,2021,73,QB,,,,https://247sports.com/player/michael-brescia-46100625/high-school-249670,2,https://247sports.com/player/michael-brescia-46100625/college-325487,
46055885,Lysander Moeolo,IOL,Timberline,Lacey,WA,84,2025,1702,140,3,Syracuse,Texas State,2023,,OT,,,,https://247sports.com/player/lysander-moeolo-46055885/junior-college-288474,,https://247sports.com/player/lysander-moeolo-46055885/college-300486,
46086505,Harrison Waylee,RB,Urbandale,Urbandale,IA,84,2025,1703,126,3,Wyoming,Virginia,2020,78,APB,0.7985,2997,39,https://247sports.com/player/harrison-waylee-46086505/high-school-239607,2,https://247sports.com/player/harrison-waylee-46086505/college-319765,
46094709,Tailique Williams,WR,Harris County,Hamilton,GA,83,2025,2013,319,3,Georgia State,Western Michigan,2020,84,ATH,0.8326,1763,139,https://247sports.com/player/tailique-williams-46094709/high-school-243333,3,https://247sports.com/player/tailique-williams-46094709/college-254532,
46156289,Robbie Pizzolato,IOL,John Curtis,New Orleans,LA,84,2025,1707,144,3,Nicholls,Tulane,2022,,IOL,,,,https://247sports.com/player/robbie-pizzolato-46156289/junior-college-331073,,https://247sports.com/player/robbie-pizzolato-46156289/college-333541,
46112761,Braylon Johnson,S,Highland Springs,Highland Springs,VA,83,2025,2015,187,3,Virginia Tech,Wake Forest,2023,86,S,0.8631,1037,91,https://247sports.com/player/braylon-johnson-46112761/high-school-260418,3,https://247sports.com/player/braylon-johnson-46112761/college-297127,
46101162,Vysen Lang,IOL,Pike Road,Pike Road,AL,84,2025,1712,146,3,Tennessee,Troy,2023,88,OT,0.8758,709,60,https://247sports.com/player/vysen-lang-46101162/high-school-250377,3,https://247sports.com/player/vysen-lang-46101162/college-289790,
46080141,Jaden McGill,RB,Oak Park and River Forest,Oak Park,IL,84,2025,1716,127,3,Tennessee State,Western Kentucky,2024,,RB,,,,https://247sports.com/player/jaden-mcgill-46080141/junior-college-304861,,https://247sports.com/player/jaden-mcgill-46080141/college-335019,
46118275,Dylan Hasz,S,Bixby,Bixby,OK,83,2025,2017,189,3,Arkansas,Appalachian State,2023,85,ATH,0.8411,1654,148,https://247sports.com/player/dylan-hasz-46118275/high-school-269360,3,https://247sports.com/player/dylan-hasz-46118275/college-296731,
46113083,Jacob Bostick,WR,Palatine,Palatine,IL,83,2025,2022,324,3,Iowa,San Diego State,2022,87,WR,0.8759,635,89,https://247sports.com/player/jacob-bostick-46113083/high-school-260995,3,https://247sports.com/player/jacob-bostick-46113083/college-317151,
46098245,Keelan Cox,EDGE,Manvel,Manvel,TX,84,2025,1728,165,3,Texas Southern,Sam Houston,2021,,DL,,,,https://247sports.com/player/keelan-cox-46098245/junior-college-269981,,https://247sports.com/player/keelan-cox-46098245/college-330179,
46127884,Josiah Ayon,WR,Buchanan,Clovis,CA,83,2025,2025,327,3,Western Colorado (NA),Fresno State,2024,,WR,,,,https://247sports.com/player/josiah-ayon-46127884/junior-college-328222,,https://247sports.com/player/josiah-ayon-46127884/college-328224,
46058192,Jabari Ishmael,EDGE,Columbus,Miami,FL,84,2025,1732,169,3,Miami,Southern Miss,2021,89,EDGE,0.912,248,18,https://247sports.com/player/jabari-ishmael-46058192/high-school-223848,3,https://247sports.com/player/jabari-ishmael-46058192/college-325832,
46082221,Brady Boyd,WR,Southlake Carroll,Southlake,TX,83,2025,2027,329,3,Texas Tech,Utah State,2021,87,WR,0.8737,613,96,https://247sports.com/player/brady-boyd-46082221/high-school-232374,3,https://247sports.com/player/brady-boyd-46082221/college-283184,
46147653,Dennis Palmer,RB,Jensen Beach,Jensen Beach,FL,84,2025,1734,128,3,Bethune-Cookman,Troy,2024,,RB,,,,https://247sports.com/player/dennis-palmer-46147653/high-school-309715,,https://247sports.com/player/dennis-palmer-46147653/college-336109,
46138612,Jayden Whaley,S,James Island Charter,Charleston,SC,84,2025,1738,150,3,Hampton,Liberty,2024,,CB,,,,https://247sports.com/player/jayden-whaley-46138612/high-school-291199,,https://247sports.com/player/jayden-whaley-46138612/college-336431,
46102188,John Volker,RB,Rumson-Fair Haven,Rumson,NJ,84,2025,1739,130,3,Princeton,Michigan,2021,,RB,,,,https://247sports.com/player/john-volker-46102188/high-school-251970,,https://247sports.com/player/john-volker-46102188/college-335593,
46155952,Aviyon Smith-Mack,WR,Lakewood,St. Petersburg,FL,83,2025,2030,332,3,LIU,Sam Houston,2023,,WR,,,,https://247sports.com/player/aviyon-smith-mack-46155952/high-school-330174,,https://247sports.com/player/aviyon-smith-mack-46155952/college-330175,
46129071,Breylan Thompson,CB,Episcopal,Bellaire,TX,84,2025,1741,199,3,Yale,Stanford,2024,,CB,,,,https://247sports.com/player/breylan-thompson-46129071/high-school-274502,,https://247sports.com/player/breylan-thompson-46129071/college-336627,
46114083,AJ Davis,CB,Dallas Skyline,Dallas,TX,84,2025,1742,200,3,SMU,Washington State,2022,85,CB,0.8567,1083,99,https://247sports.com/player/aj-davis-46114083/high-school-262589,3,https://247sports.com/player/aj-davis-46114083/college-284423,
46057581,Landen King,TE,Atascocita,Humble,TX,84,2025,1744,100,3,Utah,Duke,2021,86,TE,0.8748,592,29,https://247sports.com/player/landen-king-46057581/high-school-221199,3,https://247sports.com/player/landen-king-46057581/college-301225,
46097199,Carl Chester,WR,Manor,Manor,TX,83,2025,2014,320,3,Tulsa,Southern Miss,2022,,WR,,,,https://247sports.com/player/carl-chester-46097199/junior-college-286373,,https://247sports.com/player/carl-chester-46097199/college-319357,
46111864,Talan Chandler,IOL,Nevada,Nevada,MO,84,2025,1748,148,3,Missouri,Northwestern,2024,88,IOL,0.8719,866,63,https://247sports.com/player/talan-chandler-46111864/high-school-260007,3,https://247sports.com/player/talan-chandler-46111864/college-311285,
46157867,Josh Burney,DL,Jones County,Gray,GA,84,2025,1752,178,3,Fort Valley State,Purdue,2020,,DL,,,,https://247sports.com/player/josh-burney-46157867/high-school-336323,,https://247sports.com/player/josh-burney-46157867/college-336324,
46157933,Dayton Sneed,WR,Donelson Christian Academy,Nashville,TN,83,2025,2038,340,3,Tennessee,North Carolina,2023,,WR,,,,https://247sports.com/player/dayton-sneed-46157933/high-school-336492,,https://247sports.com/player/dayton-sneed-46157933/college-336493,
46113131,Jordan McCants,WR,Clay-Chalkville,Pinson,AL,83,2025,2039,341,3,Jacksonville State,West Virginia,2022,83,WR,,,,https://247sports.com/player/jordan-mccants-46113131/high-school-261094,3,https://247sports.com/player/jordan-mccants-46113131/college-336775,
46094287,Kaleb Black,WR,Klein Oak,Spring,TX,83,2025,2021,323,3,Arizona State,Sam Houston,2023,83,WR,0.8442,1588,231,https://247sports.com/player/kaleb-black-46094287/high-school-242923,3,https://247sports.com/player/kaleb-black-46094287/college-300535,
46154408,Ethan Day,DL,Ripon,Ripon,CA,84,2025,1763,188,3,Wyoming,North Texas,2023,,DL,,,,https://247sports.com/player/ethan-day-46154408/junior-college-326885,,https://247sports.com/player/ethan-day-46154408/college-326886,
46115790,JoJo Stone,WR,Langston Hughes,Fairburn,GA,83,2025,2044,346,3,Louisville,FIU,2024,87,WR,0.8858,542,79,https://247sports.com/player/jojo-stone-46115790/high-school-287916,3,https://247sports.com/player/jojo-stone-46115790/college-306959,
46137145,Bryce Dopson,WR,Brookwood,Snellville,GA,83,2025,2047,349,3,Kennesaw State,Boston College,2023,87,WR,0.8558,1238,179,https://247sports.com/player/bryce-dopson-46137145/high-school-288030,3,https://247sports.com/player/bryce-dopson-46137145/college-324589,
46152963,Kwon McGinney,DL,Williamson,Mobile,AL,84,2025,1773,189,3,Arkansas State,Georgia Southern,2025,,DL,,,,https://247sports.com/player/kwon-mcginney-46152963/junior-college-322908,,https://247sports.com/player/kwon-mcginney-46152963/college-336680,
46130974,Joey Farthing,WR,Dover,Dover,OH,83,2025,2049,351,3,Youngstown State,Hawaii,2022,79,WR,,,,https://247sports.com/player/joey-farthing-46130974/high-school-276950,2,https://247sports.com/player/joey-farthing-46130974/college-336853,
46125847,Tanner Williams,LB,Mater Dei,Santa Ana,CA,84,2025,1776,133,3,Utah State,San Diego State,2024,86,LB,0.8437,1821,163,https://247sports.com/player/tanner-williams-46125847/high-school-272071,3,https://247sports.com/player/tanner-williams-46125847/college-318961,
46097895,Ashton Cozart,WR,Marcus,Flower Mound,TX,84,2025,1781,289,3,SMU,Kentucky,2023,92,WR,0.9205,214,30,https://247sports.com/player/ashton-cozart-46097895/high-school-245906,4,https://247sports.com/player/ashton-cozart-46097895/college-311138,
46157952,Daveion Harley,IOL,Gadsden County,Havana,FL,84,2025,1782,153,3,Jacksonville State,California,2023,,IOL,,,,https://247sports.com/player/daveion-harley-46157952/high-school-336540,,https://247sports.com/player/daveion-harley-46157952/college-336541,
46155940,Neil Campbell,CB,Hope College Prep,Chicago,IL,84,2025,1786,205,3,Indiana Wesleyan (NA),UTEP,2020,,CB,,,,https://247sports.com/player/neil-campbell-46155940/high-school-330132,,https://247sports.com/player/neil-campbell-46155940/college-330133,
46085493,Isaac Walker,EDGE,Hough,Cornelius,NC,84,2025,1788,173,3,Georgia Southern,Jacksonville State,2021,81,LB,0.8056,2342,267,https://247sports.com/player/isaac-walker-46085493/high-school-237214,3,https://247sports.com/player/isaac-walker-46085493/college-271859,
46156443,Gary Givens III,WR,Jesuit,Tampa,FL,83,2025,2036,338,3,Valparaiso,Northern Illinois,2024,,WR,,,,https://247sports.com/player/gary-givens-iii-46156443/high-school-331399,,https://247sports.com/player/gary-givens-iii-46156443/college-331400,
46137801,Ryan Ward,TE,Rutherford,Rutherford,NJ,84,2025,1791,103,3,North Carolina,West Virginia,2024,85,TE,0.8625,1150,63,https://247sports.com/player/ryan-ward-46137801/high-school-289532,3,https://247sports.com/player/ryan-ward-46137801/college-309576,
46086559,Websley Etienne,S,Western,Fort Lauderdale,FL,84,2025,1794,155,3,Arkansas State,FIU,2022,84,S,0.8467,1357,106,https://247sports.com/player/websley-etienne-46086559/high-school-239728,3,https://247sports.com/player/websley-etienne-46086559/college-287085,
46127761,Andrew Hines III,LB,Woodward Academy,Atlanta,GA,84,2025,1803,137,3,Wake Forest,Bowling Green,2024,88,LB,0.8819,619,58,https://247sports.com/player/andrew-hines-iii-46127761/high-school-272508,3,https://247sports.com/player/andrew-hines-iii-46127761/college-317525,
46138437,Marcus Downs,DL,Riverside,Greer,SC,84,2025,1808,190,3,UCF,Georgia Southern,2024,88,DL,0.8811,631,73,https://247sports.com/player/marcus-downs-46138437/high-school-290857,3,https://247sports.com/player/marcus-downs-46138437/college-307246,
46157945,Michael Kirch,TE,Elder,Cincinnati,OH,84,2025,1811,105,3,Thomas More (NA),Florida Atlantic,2022,,TE,,,,https://247sports.com/player/michael-kirch-46157945/high-school-336521,,https://247sports.com/player/michael-kirch-46157945/college-336522,
46158043,Richard Kramer,EDGE,Treasure Coast,Port St. Lucie,FL,84,2025,1812,176,3,Hampton,Georgia State,2024,,DL,,,,https://247sports.com/player/richard-kramer-46158043/high-school-336799,,https://247sports.com/player/richard-kramer-46158043/college-336800,
46116909,Sidney Mbanasor,WR,Pflugerville,Pflugerville,TX,83,2025,2055,357,3,Utah,Old Dominion,2022,86,TE,0.8726,720,36,https://247sports.com/player/sidney-mbanasor-46116909/high-school-266750,3,https://247sports.com/player/sidney-mbanasor-46116909/college-318688,
46101301,Alec Marenco,LB,El Paso Burges,El Paso,TX,84,2025,1819,138,3,New Mexico,Wake Forest,2021,80,LB,0.8148,2129,243,https://247sports.com/player/alec-marenco-46101301/high-school-250555,3,https://247sports.com/player/alec-marenco-46101301/college-319562,
46151164,Banks Bowen,QB,Lawrence,Lawrence,KS,83,2025,2059,141,3,Tulsa,Oklahoma State,2025,82,QB,0.8163,2951,237,https://247sports.com/player/banks-bowen-46151164/high-school-317174,3,https://247sports.com/player/banks-bowen-46151164/college-336753,
46085960,Quan Lee,WR,Buchholz,Gainesville,FL,83,2025,2052,354,3,UCF,Arkansas State,2022,92,WR,0.8898,432,65,https://247sports.com/player/quan-lee-46085960/high-school-249921,4,https://247sports.com/player/quan-lee-46085960/college-338246,
46139580,Moritz Schmoranzer,IOL,North Cross,Roanoke,VA,84,2025,1830,156,3,Pittsburgh,Appalachian State,2024,87,IOL,0.8714,879,64,https://247sports.com/player/moritz-schmoranzer-46139580/high-school-292737,3,https://247sports.com/player/moritz-schmoranzer-46139580/college-311113,
46118424,Josh Joyner,RB,Pacifica,Oxnard,CA,84,2025,1837,134,3,Washington State,Missouri State,2024,87,RB,0.8697,928,73,https://247sports.com/player/josh-joyner-46118424/high-school-269798,3,https://247sports.com/player/josh-joyner-46118424/college-308022,
46053996,Jake Garcia,QB,Grayson,Whittier,CA,83,2025,2067,149,3,East Carolina,Michigan,2021,94,QB,0.9761,48,8,https://247sports.com/player/jake-garcia-46053996/high-school-258240,4,https://247sports.com/player/jake-garcia-46053996/college-308755,
46139574,Kainoa Davis,DL,Mater Dei,Santa Ana,CA,84,2025,1840,192,3,Charlotte,San Diego State,2024,85,EDGE,0.8469,1732,178,https://247sports.com/player/kainoa-davis-46139574/high-school-303686,3,https://247sports.com/player/kainoa-davis-46139574/college-320420,
46154304,Jamar Curtis,RB,St. John's College,Washington,DC,84,2025,1842,135,3,Lafayette,Sacramento State,2022,,RB,,,,https://247sports.com/player/jamar-curtis-46154304/high-school-326497,,https://247sports.com/player/jamar-curtis-46154304/college-326498,
46079386,Migo Jackson,DL,Pine-Richland,Gibsonia,PA,83,2025,2069,210,3,Utah State,Northwestern,2021,80,EDGE,0.8022,2398,123,https://247sports.com/player/migo-jackson-46079386/high-school-228633,3,https://247sports.com/player/migo-jackson-46079386/college-309326,
46109945,Tyler Aronson,QB,Vero Beach,Vero Beach,FL,83,2025,2058,140,3,SMU,Trinity (NA),2024,84,QB,0.8658,1053,62,https://247sports.com/player/tyler-aronson-46109945/high-school-283510,3,https://247sports.com/player/tyler-aronson-46109945/college-311127,
46080715,Matthew Aribisala,DL,Cedar Hill,Cedar Hill,TX,84,2025,1846,193,3,Sam Houston,Rice,2021,,EDGE,,,,https://247sports.com/player/matthew-aribisala-46080715/prep-336237,,https://247sports.com/player/matthew-aribisala-46080715/college-336238,
46128265,Chris Marable Jr.,DL,Hilton Head,Hilton Head Island,SC,83,2025,2072,213,3,Wake Forest,Boston College,2023,86,DL,0.8672,901,98,https://247sports.com/player/chris-marable-jr-46128265/high-school-273348,3,https://247sports.com/player/chris-marable-jr-46128265/college-290460,
46051881,Trenton Alan Yowe,CB,Calera,Calera,AL,83,2025,2074,229,3,Appalachian State,Arkansas State,2023,,CB,,,,https://247sports.com/player/trenton-alan-yowe-46051881/junior-college-289203,,https://247sports.com/player/trenton-alan-yowe-46051881/college-292496,
46137300,Andrew Powdrell,CB,College Park,The Woodlands,TX,83,2025,2076,231,3,Montana State,UNLV,2023,,WR,,,,https://247sports.com/player/andrew-powdrell-46137300/high-school-288487,,https://247sports.com/player/andrew-powdrell-46137300/college-331500,
46114922,Chase Belcher,RB,Lowndes,Valdosta,GA,83,2025,2078,157,3,West Georgia,Kennesaw State,2022,,ATH,,,,https://247sports.com/player/chase-belcher-46114922/high-school-263568,,https://247sports.com/player/chase-belcher-46114922/college-330250,
46080249,Matt Byrnes,TE,De La Salle Institute,Chicago,IL,83,2025,2081,118,3,Houston,UNLV,2021,,TE,,,,https://247sports.com/player/matt-byrnes-46080249/junior-college-262659,,https://247sports.com/player/matt-byrnes-46080249/college-270614,
46111631,Cam East,OT,St. Augustine,New Orleans,LA,84,2025,1860,138,3,Ole Miss,Tulsa,2022,88,OT,0.877,622,51,https://247sports.com/player/cam-east-46111631/high-school-259696,3,https://247sports.com/player/cam-east-46111631/college-285937,
46141460,Cole Snodgrass,TE,College Park,The Woodlands,TX,84,2025,1867,108,3,TCU,Texas State,2024,86,TE,0.8575,1332,69,https://247sports.com/player/cole-snodgrass-46141460/high-school-296345,3,https://247sports.com/player/cole-snodgrass-46141460/college-317883,
46058719,Tyler Kirkwood,WR,Holy Cross,New Orleans,LA,84,2025,1874,302,3,Southern,Baylor,2020,84,WR,0.8367,1654,228,https://247sports.com/player/tyler-kirkwood-46058719/high-school-225180,3,https://247sports.com/player/tyler-kirkwood-46058719/college-338496,
46157857,Myles Parker,DL,Brookwood,Snellville,GA,83,2025,2070,211,3,Tennessee Tech,Houston,2023,,DL,,,,https://247sports.com/player/myles-parker-46157857/high-school-336290,,https://247sports.com/player/myles-parker-46157857/college-336291,
46050922,Anthony Simpson,WR,Bloomfield,Pawling,NY,83,2025,1879,303,3,UMass,Michigan,2021,81,ATH,0.825,5,2,https://247sports.com/player/anthony-simpson-46050922/prep-261541,3,https://247sports.com/player/anthony-simpson-46050922/college-292464,
46082014,Christian Leary,WR,Edgewater,Orlando,FL,83,2025,1881,305,3,Georgia Tech,Western Michigan,2021,94,WR,0.9672,75,10,https://247sports.com/player/christian-leary-46082014/high-school-232163,4,https://247sports.com/player/christian-leary-46082014/college-290541,
46103780,Jack Layne,QB,Lake Oswego,Lake Oswego,OR,83,2025,1891,129,3,Idaho,New Mexico,2022,78,QB,,,,https://247sports.com/player/jack-layne-46103780/high-school-254996,2,https://247sports.com/player/jack-layne-46103780/college-326011,
46079791,Caleb Carter,IOL,Southwest,Jacksonville,NC,83,2025,1893,161,3,Western Carolina,Michigan State,2020,,OT,,,,https://247sports.com/player/caleb-carter-46079791/high-school-229101,,https://247sports.com/player/caleb-carter-46079791/college-325538,
46128490,Dallas Payne,TE,St Stanislaus,Bay St. Louis,MS,83,2025,2082,119,3,UAB,FIU,2022,,WR,,,,https://247sports.com/player/dallas-payne-46128490/junior-college-273671,,https://247sports.com/player/dallas-payne-46128490/college-286872,
46110064,Miller McCrumby,TE,Mount Pleasant,Mount Pleasant,TX,83,2025,2083,120,3,Arkansas State,South Alabama,2022,86,WR,0.8704,766,37,https://247sports.com/player/miller-mccrumby-46110064/high-school-258191,3,https://247sports.com/player/miller-mccrumby-46110064/college-287080,
46049997,DJ Warnell Jr.,S,Dickinson,Dickinson,TX,83,2025,1901,173,3,North Texas,Nevada,2020,87,CB,0.8559,1041,88,https://247sports.com/player/dj-warnell-jr-46049997/high-school-209289,3,https://247sports.com/player/dj-warnell-jr-46049997/college-327239,
46114784,Phil Picciotti,LB,IMG Academy,Perkasie,PA,83,2025,1900,147,3,Oklahoma,UCF,2023,87,LB,0.8833,553,48,https://247sports.com/player/phil-picciotti-46114784/high-school-263407,3,https://247sports.com/player/phil-picciotti-46114784/college-290952,
46037843,Keyvone Lee,RB,American Collegiate Academy,Clearwater,FL,83,2025,1903,138,3,Mississippi State,UNLV,2020,92,RB,0.9063,273,21,https://247sports.com/player/keyvone-lee-46037843/high-school-190464,4,https://247sports.com/player/keyvone-lee-46037843/college-301005,
46117252,John Locke Jr.,TE,O'Connor,Helotes,TX,83,2025,1905,111,3,Louisiana Tech,Oklahoma,2022,80,TE,0.8067,2049,124,https://247sports.com/player/john-locke-jr-46117252/high-school-267428,3,https://247sports.com/player/john-locke-jr-46117252/college-286572,
46130484,Jaylon Edmond,CB,Western,Fort Lauderdale,FL,83,2025,1906,216,3,Washington State,Wake Forest,2024,83,CB,0.8353,2091,198,https://247sports.com/player/jaylon-edmond-46130484/high-school-276223,3,https://247sports.com/player/jaylon-edmond-46130484/college-308027,
46097289,Drew Viotto,QB,Walled Lake Western,Walled Lake,MI,83,2025,1908,131,3,Missouri State,British Columbia (NA),2023,86,QB,0.8572,1209,59,https://247sports.com/player/drew-viotto-46097289/high-school-245199,3,https://247sports.com/player/drew-viotto-46097289/college-310765,
46059276,Sevion Morrison,RB,Edison,Tulsa,OK,83,2025,1910,139,3,Nebraska,Tulsa,2020,90,RB,0.8978,333,24,https://247sports.com/player/sevion-morrison-46059276/high-school-226253,4,https://247sports.com/player/sevion-morrison-46059276/college-280810,
46051504,Chuck Montgomery,WR,Armwood,Valrico,FL,83,2025,1914,308,3,Marshall,Southern Miss,2021,88,WR,0.8859,441,29,https://247sports.com/player/chuck-montgomery-46051504/high-school-241365,3,https://247sports.com/player/chuck-montgomery-46051504/college-270837,
46154080,Christian Berry,TE,Patrick Henry,Ashland,VA,83,2025,1920,115,3,Davidson,Kent State,2022,,TE,,,,https://247sports.com/player/christian-berry-46154080/high-school-325874,,https://247sports.com/player/christian-berry-46154080/college-325875,
46132771,Danny Scudero,WR,Archbishop Mitty,San Jose,CA,83,2025,1921,311,3,Sacramento State,San Jose State,2023,82,WR,,,,https://247sports.com/player/danny-scudero-46132771/high-school-279263,3,https://247sports.com/player/danny-scudero-46132771/college-325904,
46154255,Seth Adams,TE,Dawson County,Dawsonville,GA,83,2025,1923,116,3,Southeastern Louisiana,San Diego State,2020,,IOL,,,,https://247sports.com/player/seth-adams-46154255/high-school-326363,,https://247sports.com/player/seth-adams-46154255/college-326366,
46086523,Trey Bedosky,OT,Landmark Christian School,Fairburn,GA,83,2025,1925,140,3,UAB,Liberty,2020,80,OT,0.8193,2233,176,https://247sports.com/player/trey-bedosky-46086523/high-school-239638,3,https://247sports.com/player/trey-bedosky-46086523/college-256397,
46094801,Brodie Tagaloa,DL,De La Salle,San Francisco,CA,83,2025,1929,203,3,Nebraska,Sacramento State,2022,87,DL,0.8567,1083,62,https://247sports.com/player/brodie-tagaloa-46094801/high-school-243501,3,https://247sports.com/player/brodie-tagaloa-46094801/college-280289,
46102609,Hunter Erb,OT,Eaton,Haslet,TX,83,2025,1930,141,3,Texas A&amp;M,Tulsa,2022,94,OT,0.9079,266,21,https://247sports.com/player/hunter-erb-46102609/high-school-252814,4,https://247sports.com/player/hunter-erb-46102609/college-281794,
46130388,Noah Matthews,EDGE,Woodbridge,Bridgeville,DE,83,2025,1934,186,3,Kentucky,Delaware,2022,84,DL,0.8496,1285,158,https://247sports.com/player/noah-matthews-46130388/high-school-276086,3,https://247sports.com/player/noah-matthews-46130388/college-284038,
46098667,Kyrik Mason,OT,St. John's College,Washington,DC,83,2025,2099,147,3,Kent State,UAB,2021,78,OT,0.7956,2494,210,https://247sports.com/player/kyrik-mason-46098667/high-school-247167,2,https://247sports.com/player/kyrik-mason-46098667/college-334944,
46083775,Ugonna Nnanna,IOL,Arlington Seguin,Arlington,TX,83,2025,1937,166,3,Virginia,North Texas,2020,84,OT,0.8348,1707,137,https://247sports.com/player/ugonna-nnanna-46083775/high-school-234426,3,https://247sports.com/player/ugonna-nnanna-46083775/college-296446,
46058458,Ma'Kyi Lee,OT,East Jefferson,Metairie,LA,83,2025,2100,148,3,North Texas,New Mexico State,2022,,OT,,,,https://247sports.com/player/makyi-lee-46058458/junior-college-268682,,https://247sports.com/player/makyi-lee-46058458/college-309761,
46098539,CJ Doggette Jr.,DL,Pickerington Central,Pickerington,OH,83,2025,1940,205,3,Cincinnati,Florida Atlantic,2022,86,DL,0.863,931,126,https://247sports.com/player/cj-doggette-jr-46098539/high-school-247017,3,https://247sports.com/player/cj-doggette-jr-46098539/college-309481,
46085956,Cam McNair,OT,Donovan Catholic,Toms River,NJ,83,2025,2103,151,3,Holy Cross,James Madison,2021,77,OT,0.8017,2412,204,https://247sports.com/player/cam-mcnair-46085956/high-school-238148,2,https://247sports.com/player/cam-mcnair-46085956/college-331550,
46137845,Gabe Jones,DL,W.T. White,Dallas,TX,83,2025,1944,206,3,New Mexico State,Colorado State,2023,,DL,,,,https://247sports.com/player/gabe-jones-46137845/high-school-289593,,https://247sports.com/player/gabe-jones-46137845/college-320673,
46055293,Griffin Duggan,OT,Nansemond-Suffolk Academy,Suffolk,VA,83,2025,2104,152,3,Virginia Tech,Old Dominion,2021,82,OT,0.8267,1838,150,https://247sports.com/player/griffin-duggan-46055293/high-school-217230,3,https://247sports.com/player/griffin-duggan-46055293/college-305234,
46111703,Wil Saxton,IOL,Benton Academy,Benton,MS,83,2025,2105,173,3,Southern Miss,Arkansas State,2022,84,IOL,0.8393,1510,86,https://247sports.com/player/wil-saxton-46111703/high-school-259796,3,https://247sports.com/player/wil-saxton-46111703/college-325288,
46155949,Mark Robinson,OT,Lyman,Longwood,FL,83,2025,2107,154,3,Southeastern (NAIA-FB),UTEP,2023,,OT,,,,https://247sports.com/player/mark-robinson-46155949/high-school-330161,,https://247sports.com/player/mark-robinson-46155949/college-330162,
46155948,Evan Ferguson,IOL,Spring Valley,Huntington,WV,83,2025,2110,176,3,Gardner-Webb,Marshall,2022,,IOL,,,,https://247sports.com/player/evan-ferguson-46155948/high-school-330160,,https://247sports.com/player/evan-ferguson-46155948/college-330163,
46056349,Jadon Pearson,LB,Williams Field,Gilbert,AZ,83,2025,1957,153,3,Utah State,Fresno State,2022,,S,,,,https://247sports.com/player/jadon-pearson-46056349/junior-college-272702,,https://247sports.com/player/jadon-pearson-46056349/college-309331,
46147892,Cameran Brown,QB,Northside,Warner Robins,GA,83,2025,1959,134,3,Texas Tech,Georgia State,2022,,QB,,,,https://247sports.com/player/cameran-brown-46147892/high-school-310291,,https://247sports.com/player/cameran-brown-46147892/college-310294,
46082579,Trey Fields,LB,Sweeny,Sweeny,TX,83,2025,1963,156,3,Sam Houston,North Texas,2020,,ILB,,,,https://247sports.com/player/trey-fields-46082579/high-school-232859,,https://247sports.com/player/trey-fields-46082579/college-325462,
46112955,PJ Hatter,QB,Westfield,Spring,TX,83,2025,1962,135,3,Texas State,Georgia State,2023,85,QB,0.8417,1638,86,https://247sports.com/player/pj-hatter-46112955/high-school-260761,3,https://247sports.com/player/pj-hatter-46112955/college-320510,
46154203,Brandon Tyson,LB,Whiteville,Whiteville,NC,83,2025,1965,158,3,Elon,Georgia Southern,2022,,LB,,,,https://247sports.com/player/brandon-tyson-46154203/high-school-326221,,https://247sports.com/player/brandon-tyson-46154203/college-326222,
46113633,Jeffrey Ugochukwu,S,George Ranch,Richmond,TX,83,2025,1968,175,3,Vanderbilt,Coastal Carolina,2022,88,S,0.8644,893,76,https://247sports.com/player/jeffrey-ugochukwu-46113633/high-school-261926,3,https://247sports.com/player/jeffrey-ugochukwu-46113633/college-282315,
46131503,Keontez Bradley,CB,Mansfield,Mansfield,OH,83,2025,1970,217,3,Arizona State,Buffalo,2023,88,CB,0.8653,970,95,https://247sports.com/player/keontez-bradley-46131503/high-school-277600,3,https://247sports.com/player/keontez-bradley-46131503/college-300523,
46131303,Derrick Rogers Jr.,CB,Jones,Orlando,FL,83,2025,1971,218,3,Purdue,Florida Atlantic,2023,86,WR,0.855,1264,183,https://247sports.com/player/derrick-rogers-jr-46131303/high-school-277326,3,https://247sports.com/player/derrick-rogers-jr-46131303/college-300582,
46098207,Lemondre Joe,CB,Mainland,Daytona Beach,FL,83,2025,1977,221,3,Missouri State,Colorado State,2021,,CB,,,,https://247sports.com/player/lemondre-joe-46098207/high-school-246532,,https://247sports.com/player/lemondre-joe-46098207/college-325799,
46059186,JaQues Evans,EDGE,Dublin,Dublin,GA,83,2025,2121,191,3,Baylor,Colorado State,2020,88,ATH,0.8696,693,40,https://247sports.com/player/jaques-evans-46059186/high-school-226101,3,https://247sports.com/player/jaques-evans-46059186/college-319463,
46137992,Shamarr Jackson,OT,Loris,Loris,SC,83,2025,2101,149,3,New Mexico State,Appalachian State,2023,,IOL,,,,https://247sports.com/player/shamarr-jackson-46137992/junior-college-289892,,https://247sports.com/player/shamarr-jackson-46137992/college-320667,
46137866,Joseph Bakhole,EDGE,Myers Park,Charlotte,NC,83,2025,2122,192,3,Chattanooga,Appalachian State,2023,,EDGE,,,,https://247sports.com/player/joseph-bakhole-46137866/junior-college-289626,,https://247sports.com/player/joseph-bakhole-46137866/college-328386,
46156105,Ashton Nawrocki,EDGE,York,Elmhurst,IL,83,2025,2124,194,3,Butler,Ball State,2023,,EDGE,,,,https://247sports.com/player/ashton-nawrocki-46156105/high-school-330511,,https://247sports.com/player/ashton-nawrocki-46156105/college-330512,
46082434,Malik Sherrod,RB,Pacifica,Oxnard,CA,83,2025,1990,143,3,Fresno State,Boise State,2020,81,ATH,0.8204,2145,164,https://247sports.com/player/malik-sherrod-46082434/high-school-232672,3,https://247sports.com/player/malik-sherrod-46082434/college-282032,
46156258,Jorel Liverpool,EDGE,Midwood,Brooklyn,NY,83,2025,2125,195,3,Wagner,Charlotte,2022,,EDGE,,,,https://247sports.com/player/jorel-liverpool-46156258/high-school-330977,,https://247sports.com/player/jorel-liverpool-46156258/college-330978,
46136662,Kai Wallin,EDGE,Jesuit,Carmichael,CA,83,2025,2126,196,3,Nebraska,Oregon State,2023,,EDGE,,,,https://247sports.com/player/kai-wallin-46136662/junior-college-287020,,https://247sports.com/player/kai-wallin-46136662/college-292270,
46140445,Vili Taufatofua,EDGE,,New Zealand,NEW,83,2025,2127,197,3,Utah,San Jose State,2023,,DL,,,,https://247sports.com/player/vili-taufatofua-46140445/junior-college-294140,,https://247sports.com/player/vili-taufatofua-46140445/college-301418,
46129337,Gabe Peterson,EDGE,Blue Valley Northwest,Overland Park,KS,83,2025,2128,198,3,Utah State,New Mexico State,2022,77,LB,0.8017,2095,214,https://247sports.com/player/gabe-peterson-46129337/high-school-274857,2,https://247sports.com/player/gabe-peterson-46129337/college-325615,
46154824,Anthony Chiccitt,QB,Bethel Park,Bethel Park,PA,83,2025,2003,138,3,Robert Morris,Temple,2020,,QB,,,,https://247sports.com/player/anthony-chiccitt-46154824/high-school-328084,,https://247sports.com/player/anthony-chiccitt-46154824/college-328085,
46094144,Avery Dunn,EDGE,Shaker Heights,Cleveland,OH,83,2025,2131,201,3,Michigan State,Toledo,2020,87,WDE,0.8544,1081,56,https://247sports.com/player/avery-dunn-46094144/high-school-242741,3,https://247sports.com/player/avery-dunn-46094144/college-253140,
46085255,Kenard Snyder,EDGE,Rockledge,Rockledge,FL,83,2025,2133,203,3,Iowa State,Texas State,2021,84,LB,0.8496,1219,129,https://247sports.com/player/kenard-snyder-46085255/high-school-236764,3,https://247sports.com/player/kenard-snyder-46085255/college-307928,
46156298,Jamichael Rogers,EDGE,Bessemer City,Bessemer,AL,83,2025,2136,206,3,Miles,UAB,2020,,EDGE,,,,https://247sports.com/player/jamichael-rogers-46156298/high-school-331122,,https://247sports.com/player/jamichael-rogers-46156298/college-331124,
46141630,Jaylen Hampton,WR,New Hampstead,Bloomingdale,GA,83,2025,2009,315,3,Western Kentucky,Charlotte,2024,82,WR,0.8411,1880,225,https://247sports.com/player/jaylen-hampton-46141630/high-school-296631,3,https://247sports.com/player/jaylen-hampton-46141630/college-319344,
46156527,Derek Omoregie,EDGE,Classical,Lynn,MA,83,2025,2138,208,3,Southern Connecticut State,Louisiana-Monroe,2022,,EDGE,,,,https://247sports.com/player/derek-omoregie-46156527/high-school-331560,,https://247sports.com/player/derek-omoregie-46156527/college-331561,
46101187,Enrique Cruz Jr.,OT,Willowbrook,Villa Park,IL,83,2025,2141,156,3,Syracuse,Kansas,2021,91,OT,0.8796,525,44,https://247sports.com/player/enrique-cruz-jr-46101187/high-school-250415,4,https://247sports.com/player/enrique-cruz-jr-46101187/college-270303,
46103396,DJ Jackson,DL,Sumter,Sumter,SC,83,2025,2142,214,3,NC State,Liberty,2022,85,DL,0.8522,1191,149,https://247sports.com/player/dj-jackson-46103396/high-school-254274,3,https://247sports.com/player/dj-jackson-46103396/college-280212,
46042422,Teagan Wilk,S,Berwick Area,Berwick,PA,83,2025,2018,190,3,Houston,East Carolina,2020,80,S,0.8363,1674,125,https://247sports.com/player/teagan-wilk-46042422/high-school-194612,3,https://247sports.com/player/teagan-wilk-46042422/college-311512,
46050675,Jordan Brown,WR,DeSoto,DeSoto,TX,83,2025,2019,321,3,Texas Tech,Nevada,2020,,WR,,,,https://247sports.com/player/jordan-brown-46050675/high-school-239543,,https://247sports.com/player/jordan-brown-46050675/college-283182,
46128840,Ta'ir Brooks,WR,McClymonds,Oakland,CA,83,2025,2024,326,3,UTEP,Charlotte,2022,,WR,,,,https://247sports.com/player/tair-brooks-46128840/junior-college-274133,,https://247sports.com/player/tair-brooks-46128840/college-332979,
46098976,Jairus Mack,WR,Clarke Central,Athens,GA,83,2025,2026,328,3,Charlotte,Western Kentucky,2021,86,WR,0.8459,1317,185,https://247sports.com/player/jairus-mack-46098976/high-school-247555,3,https://247sports.com/player/jairus-mack-46098976/college-270775,
46154105,Shymell Davis,DL,Kingsway,Swedesboro,NJ,83,2025,2149,221,3,Maine,UMass,2021,,DL,,,,https://247sports.com/player/shymell-davis-46154105/prep-325968,,https://247sports.com/player/shymell-davis-46154105/college-325969,
46154287,Warren-Stevens Tayou,DL,Lawndale,Lawndale,CA,83,2025,2152,224,3,West Georgia,Eastern Michigan,2022,,DL,,,,https://247sports.com/player/warren-stevens-tayou-46154287/high-school-326446,,https://247sports.com/player/warren-stevens-tayou-46154287/college-326448,
46084942,Ger-Cari Caldwell,WR,Northwestern,Rock Hill,SC,83,2025,2031,333,3,North Carolina A&amp;T,Memphis,2020,90,WR,0.8763,579,94,https://247sports.com/player/ger-cari-caldwell-46084942/high-school-236293,4,https://247sports.com/player/ger-cari-caldwell-46084942/college-331010,
46079940,Jaelen Crider,DL,Stow-Munroe Falls,Stow,OH,83,2025,2155,227,3,Youngstown State,Louisiana,2020,79,SDE,0.8117,2416,126,https://247sports.com/player/jaelen-crider-46079940/high-school-229274,2,https://247sports.com/player/jaelen-crider-46079940/college-329908,
46098581,Chris Parker,WR,Heritage,Saginaw,MI,83,2025,2034,336,3,Central Michigan,UConn,2021,80,WR,0.817,2062,274,https://247sports.com/player/chris-parker-46098581/high-school-247069,3,https://247sports.com/player/chris-parker-46098581/college-271451,
46136288,Ezekiel Avit,WR,Winston Churchill,Potomac,MD,83,2025,2041,343,3,Maryland,Fresno State,2023,86,WR,0.8622,1060,146,https://247sports.com/player/ezekiel-avit-46136288/high-school-286217,3,https://247sports.com/player/ezekiel-avit-46136288/college-298904,
46156059,Mitchell Gonser,LB,Milton Academy,Milton,MA,83,2025,2167,168,3,Harvard,Buffalo,2020,,LB,,,,https://247sports.com/player/mitchell-gonser-46156059/high-school-330424,,https://247sports.com/player/mitchell-gonser-46156059/college-330425,
46080523,Devin Hightower,LB,Archbishop Hoban,Akron,OH,83,2025,2168,169,3,Rhode Island,UAB,2020,87,OLB,0.8715,659,44,https://247sports.com/player/devin-hightower-46080523/high-school-230167,3,https://247sports.com/player/devin-hightower-46080523/college-331107,
46158360,Moshood Giwa,OT,Moore Catholic,Staten Island,NY,83,2025,2170,158,3,LIU,Rutgers,2023,,OT,,,,https://247sports.com/player/moshood-giwa-46158360/high-school-337377,,https://247sports.com/player/moshood-giwa-46158360/college-337378,
46058360,Jalen Emery,CB,Shadow Creek,Pearland,TX,83,2025,2173,233,3,Houston,Western Kentucky,2021,83,CB,0.8433,1384,118,https://247sports.com/player/jalen-emery-46058360/high-school-224345,3,https://247sports.com/player/jalen-emery-46058360/college-270391,
46153827,Roman Pearson,CB,Pickerington Central,Pickerington,OH,83,2025,2179,239,3,Bucknell,Ball State,2022,,CB,,,,https://247sports.com/player/roman-pearson-46153827/high-school-325284,,https://247sports.com/player/roman-pearson-46153827/college-325285,
46128992,Ajani Sheppard,QB,Iona Preparatory School,New Rochelle,NY,83,2025,2060,142,3,Rutgers,Washington State,2023,86,QB,0.8586,1159,57,https://247sports.com/player/ajani-sheppard-46128992/high-school-274380,3,https://247sports.com/player/ajani-sheppard-46128992/college-294077,
46109875,Keldric Luster,QB,McKinney,McKinney,TX,83,2025,2061,143,3,SMU,Texas State,2023,83,QB,0.8453,1553,77,https://247sports.com/player/keldric-luster-46109875/high-school-257842,3,https://247sports.com/player/keldric-luster-46109875/college-297481,
46156089,Ben Kamara,CB,Waukee,Waukee,IA,83,2025,2184,244,3,Upper Iowa (NA),Akron,2022,,CB,,,,https://247sports.com/player/ben-kamara-46156089/high-school-330463,,https://247sports.com/player/ben-kamara-46156089/college-330464,
89906,Michael Johnson Jr.,QB,Sheldon,Eugene,OR,83,2025,2064,146,3,Syracuse,Akron,2019,86,DUAL,0.8905,416,15,https://247sports.com/player/michael-johnson-jr-89906/high-school-191589,3,https://247sports.com/player/michael-johnson-jr-89906/college-319209,
46135336,JT Kitna,QB,Lakota East,Middletown,OH,83,2025,2065,147,3,Bowling Green,Stephen F. Austin,2025,86,QB,0.8572,1486,85,https://247sports.com/player/jt-kitna-46135336/high-school-283795,3,https://247sports.com/player/jt-kitna-46135336/college-330415,
46102039,Benji Johnson,S,Hooks,Hooks,TX,83,2025,2193,193,3,Austin Peay,Louisiana Tech,2021,86,WR,0.8415,1426,111,https://247sports.com/player/benji-johnson-46102039/high-school-251756,3,https://247sports.com/player/benji-johnson-46102039/college-292114,
46082642,Dante Thomas,S,John Curtis,New Orleans,LA,83,2025,2196,196,3,Kansas State,Coastal Carolina,2024,,S,,,,https://247sports.com/player/dante-thomas-46082642/junior-college-306248,,https://247sports.com/player/dante-thomas-46082642/college-310268,
46096340,Demetrius Hill,S,Miami Springs,Miami,FL,83,2025,2195,195,3,Illinois,FIU,2021,85,S,0.8574,992,78,https://247sports.com/player/demetrius-hill-46096340/high-school-244345,3,https://247sports.com/player/demetrius-hill-46096340/college-300749,
46082213,Kerion Martin,S,Capital,Charleston,WV,83,2025,2203,203,3,Youngstown State,Marshall,2020,80,S,0.817,2278,173,https://247sports.com/player/kerion-martin-46082213/high-school-232363,3,https://247sports.com/player/kerion-martin-46082213/college-330363,
46134256,Miles Greer,S,South County,Lorton,VA,83,2025,2205,205,3,Shepherd (NA),Buffalo,2023,,S,,,,https://247sports.com/player/miles-greer-46134256/high-school-281952,,https://247sports.com/player/miles-greer-46134256/college-330426,
46116862,Jasper Beeler,S,North Farmington,Farmington,MI,83,2025,2207,207,3,Saginaw Valley State,Northern Illinois,2022,75,CB,,,,https://247sports.com/player/jasper-beeler-46116862/high-school-266678,2,https://247sports.com/player/jasper-beeler-46116862/college-331398,
46157837,Gavin Ransaw,DL,Sparkman,Harvest,AL,83,2025,2210,232,3,Coastal Carolina,Arkansas State,2024,,DL,,,,https://247sports.com/player/gavin-ransaw-46157837/junior-college-336228,,https://247sports.com/player/gavin-ransaw-46157837/college-336229,
46116789,Justin Holmes,TE,Northwestern Lehigh,New Tripoli,PA,83,2025,2086,123,3,Kent State,Pittsburgh,2022,83,QB,0.8317,1670,107,https://247sports.com/player/justin-holmes-46116789/high-school-266532,3,https://247sports.com/player/justin-holmes-46116789/college-319360,
46139257,Zeke Campbell,EDGE,Marietta,Marietta,GA,83,2025,2213,211,3,Lenoir-Rhyne,Coastal Carolina,2022,,EDGE,,,,https://247sports.com/player/zeke-campbell-46139257/high-school-292280,,https://247sports.com/player/zeke-campbell-46139257/college-299606,
46142711,Will Loerzel,TE,Isidore Newman,New Orleans,LA,83,2025,2092,129,3,South Alabama,Wake Forest,2024,81,TE,0.8063,2805,138,https://247sports.com/player/will-loerzel-46142711/high-school-298676,3,https://247sports.com/player/will-loerzel-46142711/college-319974,
46130798,Joshua Goines,TE,Frisco Reedy,Frisco,TX,83,2025,2093,130,3,Tulane,New Mexico State,2023,84,TE,0.8196,2085,98,https://247sports.com/player/joshua-goines-46130798/high-school-276713,3,https://247sports.com/player/joshua-goines-46130798/college-302015,
46154521,Nick Bakken,OT,Whitefish Bay,Milwaukee,WI,83,2025,2095,144,3,South Dakota State,Washington State,2024,,OT,,,,https://247sports.com/player/nick-bakken-46154521/high-school-327327,,https://247sports.com/player/nick-bakken-46154521/college-327328,
46141658,Chris Henry,CB,Dunnellon,Dunnellon,FL,83,2025,2218,249,3,West Virginia,Coastal Carolina,2024,85,ATH,0.8564,1382,127,https://247sports.com/player/chris-henry-46141658/high-school-296692,3,https://247sports.com/player/chris-henry-46141658/college-316480,
46059447,Derrell Bailey Jr.,OT,Greenback School,Greenback,TN,83,2025,2096,145,3,East Tennessee State,Georgia State,2020,84,SDE,0.8519,1148,56,https://247sports.com/player/derrell-bailey-jr-46059447/high-school-226607,3,https://247sports.com/player/derrell-bailey-jr-46059447/college-325964,
46083008,Mason Bowers,IOL,High Point Central,High Point,NC,83,2025,2097,172,3,Kennesaw State,Charlotte,2020,82,DT,0.8111,2461,173,https://247sports.com/player/mason-bowers-46083008/high-school-233547,3,https://247sports.com/player/mason-bowers-46083008/college-319137,
46154091,Parker Mitchell,OT,Thompson,Alabaster,AL,83,2025,2102,150,3,Richmond,Memphis,2022,,OT,,,,https://247sports.com/player/parker-mitchell-46154091/high-school-325912,,https://247sports.com/player/parker-mitchell-46154091/college-325913,
46111685,Dallas Young,S,Gardendale,Gardendale,AL,83,2025,2226,210,3,Arkansas,South Alabama,2023,88,CB,0.8828,558,56,https://247sports.com/player/dallas-young-46111685/high-school-259772,3,https://247sports.com/player/dallas-young-46111685/college-296657,
46094329,Max Balthazar,RB,TRU Prep Academy,Miami Gardens,FL,83,2025,2235,159,3,Coastal Carolina,Rice,2021,83,RB,0.8389,1491,109,https://247sports.com/player/max-balthazar-46094329/high-school-257959,3,https://247sports.com/player/max-balthazar-46094329/college-271825,
46101175,Sean Sullivan,IOL,St John's,Westborough,MA,83,2025,2112,178,3,Yale,Rice,2021,,OT,,,,https://247sports.com/player/sean-sullivan-46101175/high-school-250398,,https://247sports.com/player/sean-sullivan-46101175/college-325070,
46111808,Avion Carter,DL,Tascosa,Amarillo,TX,83,2025,2238,233,3,TCU,North Texas,2023,91,DL,0.9116,265,37,https://247sports.com/player/avion-carter-46111808/high-school-259941,4,https://247sports.com/player/avion-carter-46111808/college-301310,
46085605,Kadarius Calloway,RB,Philadelphia,Philadelphia,MS,83,2025,2240,160,3,Alabama,New Mexico State,2023,,S,,,,https://247sports.com/player/kadarius-calloway-46085605/junior-college-272496,,https://247sports.com/player/kadarius-calloway-46085605/college-309868,
46059474,Naki Fahina,DL,Lawndale,Lawndale,CA,83,2025,2241,234,3,New Mexico State,Utah State,2019,82,SDE,0.82,1994,121,https://247sports.com/player/naki-fahina-46059474/high-school-226665,3,https://247sports.com/player/naki-fahina-46059474/college-310474,
46115118,Jaylen Wester,LB,Palmetto,Palmetto,FL,83,2025,2242,174,3,Florida Atlantic,Western Kentucky,2022,78,LB,0.8081,2046,210,https://247sports.com/player/jaylen-wester-46115118/high-school-263801,2,https://247sports.com/player/jaylen-wester-46115118/college-311380,
46081528,Roderick Daniels,EDGE,Horn Lake,Horn Lake,MS,83,2025,2120,190,3,Liberty,Kennesaw State,2024,,EDGE,,,,https://247sports.com/player/roderick-daniels-46081528/junior-college-303651,,https://247sports.com/player/roderick-daniels-46081528/college-310447,
46135778,Hunter Haines,S,West Linn,West Linn,OR,83,2025,2247,218,3,Washington State,San Diego State,2024,86,S,0.8578,1323,124,https://247sports.com/player/hunter-haines-46135778/high-school-284584,3,https://247sports.com/player/hunter-haines-46135778/college-319877,
46142710,Jariel Cobb,RB,Reidsville,Reidsville,NC,83,2025,2249,161,3,North Carolina,Charlotte,2025,87,RB,0.8537,1622,129,https://247sports.com/player/jariel-cobb-46142710/high-school-298675,3,https://247sports.com/player/jariel-cobb-46142710/college-331519,
46133907,Tyrell Reed Jr.,RB,Lawrence,Topeka,KS,83,2025,2251,163,3,Arkansas,Louisiana-Monroe,2024,,RB,,,,https://247sports.com/player/tyrell-reed-jr-46133907/junior-college-302044,,https://247sports.com/player/tyrell-reed-jr-46133907/college-318102,
46094046,Davonte Murray,EDGE,Cass Technical,Detroit,MI,83,2025,2130,200,3,Notre Dame College,Northern Illinois,2020,,WDE,,,,https://247sports.com/player/davonte-murray-46094046/high-school-242479,,https://247sports.com/player/davonte-murray-46094046/college-331386,
46076570,Chief Borders,EDGE,Heard County,Carrollton,GA,83,2025,2137,207,3,Pittsburgh,UNLV,2021,86,LB,0.8989,328,37,https://247sports.com/player/chief-borders-46076570/high-school-227035,3,https://247sports.com/player/chief-borders-46076570/college-319087,
46131733,Jaden DaCosta,CB,Inglewood,Inglewood,CA,82,2025,2344,273,3,Portland State,Wyoming,2023,82,CB,0.817,2103,181,https://247sports.com/player/jaden-dacosta-46131733/high-school-277891,3,https://247sports.com/player/jaden-dacosta-46131733/college-325603,
46098472,Otto Hess,IOL,Oswego,Oswego,IL,82,2025,2544,224,3,Boston College,Ball State,2021,85,OT,0.8522,1123,96,https://247sports.com/player/otto-hess-46098472/high-school-246885,3,https://247sports.com/player/otto-hess-46098472/college-268564,
46141986,Nacari Johnson,CB,Langston Hughes,Fairburn,GA,82,2025,2609,304,3,UAB,Kennesaw State,2024,83,CB,0.8306,2194,205,https://247sports.com/player/nacari-johnson-46141986/high-school-297225,3,https://247sports.com/player/nacari-johnson-46141986/college-321017,
46110295,Mason Jones,IOL,Franklin,Franklin,TN,81,2025,2673,236,3,Bucknell,New Mexico,2021,,OT,,,,https://247sports.com/player/mason-jones-46110295/high-school-258515,,https://247sports.com/player/mason-jones-46110295/college-331464,
46139832,Daniel Mincey,IOL,Cardinal Gibbons,Fort Lauderdale,FL,82,2025,2607,230,3,Kentucky,UAB,2024,82,IOL,0.82,2492,218,https://247sports.com/player/daniel-mincey-46139832/high-school-293034,3,https://247sports.com/player/daniel-mincey-46139832/college-316119,
46094343,JoJo Bermudez,WR,Cedar Creek,Egg Harbor City,NJ,82,2025,2593,392,3,Cincinnati,Temple,2022,89,WR,0.8752,650,91,https://247sports.com/player/jojo-bermudez-46094343/high-school-243029,3,https://247sports.com/player/jojo-bermudez-46094343/college-336472,
46058228,Malik McGowan,IOL,Charlotte Catholic,Charlotte,NC,81,2025,2675,238,3,North Carolina,UNLV,2020,83,OG,0.8456,1356,84,https://247sports.com/player/malik-mcgowan-46058228/high-school-223980,3,https://247sports.com/player/malik-mcgowan-46058228/college-253373,
46156062,Christian Medlock,IOL,Homewood-Flossmoor,Flossmoor,IL,81,2025,2671,234,3,Northern Illinois,Toledo,2023,,IOL,,,,https://247sports.com/player/christian-medlock-46156062/high-school-330432,,https://247sports.com/player/christian-medlock-46156062/college-330433,
46159057,Caleb Walker,S,Jefferson,Tampa,FL,82,2025,2614,260,3,St. Thomas,UTEP,2020,,S,,,,https://247sports.com/player/caleb-walker-46159057/high-school-338330,,https://247sports.com/player/caleb-walker-46159057/college-338331,
46153989,Dallas Shirley,IOL,Hillcrest,Simpsonville,SC,81,2025,2669,232,3,Newberry,Charlotte,2022,,IOL,,,,https://247sports.com/player/dallas-shirley-46153989/high-school-325594,,https://247sports.com/player/dallas-shirley-46153989/college-325595,
46099797,Luther McCoy,DL,Creekside,St. Augustine,FL,81,2025,2681,285,3,Minnesota,Hawaii,2021,85,DL,0.8522,1123,130,https://247sports.com/player/luther-mccoy-46099797/high-school-248579,3,https://247sports.com/player/luther-mccoy-46099797/college-267176,
46110431,Laith Marjan,K,Enloe,Raleigh,NC,81,2025,2616,2,3,East Carolina,Kansas,2021,75,K,,,,https://247sports.com/player/laith-marjan-46110431/high-school-258837,2,https://247sports.com/player/laith-marjan-46110431/college-312824,
46135967,Hudson Kaak,P,ProKick Australia,Australia,AUST,81,2025,2618,4,3,Oklahoma State,Auburn,2023,81,P,0.8108,2179,7,https://247sports.com/player/hudson-kaak-46135967/high-school-285083,3,https://247sports.com/player/hudson-kaak-46135967/college-292029,
46154996,Jordan Mack,DL,North Point,Waldorf,MD,81,2025,2685,289,3,Seton Hill (NA),Coastal Carolina,2022,,DL,,,,https://247sports.com/player/jordan-mack-46154996/high-school-328362,,https://247sports.com/player/jordan-mack-46154996/college-328363,
46081396,Weston Wallace,IOL,Gatewood School,Eatonton,GA,81,2025,2676,239,3,Georgia,Western Kentucky,2020,82,OT,0.8333,1747,141,https://247sports.com/player/weston-wallace-46081396/high-school-231357,3,https://247sports.com/player/weston-wallace-46081396/college-326463,
46137978,Naquan Crowder,DL,Aliquippa,Aliquippa,PA,81,2025,2686,290,3,California (PA) (NA),Marshall,2023,,DL,,,,https://247sports.com/player/naquan-crowder-46137978/high-school-289873,,https://247sports.com/player/naquan-crowder-46137978/college-330155,
46144430,Bryson Harrington,DL,Buchanan,Clovis,CA,81,2025,2687,291,3,Pittsburgh,Fresno State,2024,76,IOL,0.76,3414,320,https://247sports.com/player/bryson-harrington-46144430/high-school-302938,2,https://247sports.com/player/bryson-harrington-46144430/college-331431,
46156488,Brian Booker,DL,Mansfield Lake Ridge,Mansfield,TX,81,2025,2688,292,3,Texas Southern,New Mexico,2022,,DL,,,,https://247sports.com/player/brian-booker-46156488/high-school-331465,,https://247sports.com/player/brian-booker-46156488/college-331466,
46109245,Nehemiah Dukes,DL,Alexander,Douglasville,GA,81,2025,2689,293,3,Youngstown State,Ohio,2022,,DL,,,,https://247sports.com/player/nehemiah-dukes-46109245/high-school-257233,,https://247sports.com/player/nehemiah-dukes-46109245/college-331526,
46118607,Javante Mackey,LB,Whitehaven,Memphis,TN,81,2025,2690,209,3,Memphis,Arkansas State,2022,83,EDGE,0.8404,1501,82,https://247sports.com/player/javante-mackey-46118607/high-school-270230,3,https://247sports.com/player/javante-mackey-46118607/college-310099,
46139200,Mathis Haygood,LB,Sandy Creek,Tyrone,GA,81,2025,2691,210,3,Marshall,Southern Miss,2023,,LB,,,,https://247sports.com/player/mathis-haygood-46139200/high-school-292157,,https://247sports.com/player/mathis-haygood-46139200/college-320491,
46154101,Stephen Rusnak,K,Clarkston,Clarkston,MI,81,2025,2617,3,3,Michigan State,Cincinnati,2021,,K,,,,https://247sports.com/player/stephen-rusnak-46154101/high-school-325946,,https://247sports.com/player/stephen-rusnak-46154101/college-325948,
46142875,Anthony Palano,LB,Buffalo Grove,Buffalo Grove,IL,81,2025,2693,212,3,South Dakota State,Washington State,2024,78,LB,0.78,3084,283,https://247sports.com/player/anthony-palano-46142875/high-school-298895,2,https://247sports.com/player/anthony-palano-46142875/college-327349,
46109291,Justin Williams-Thomas,RB,East Paulding,Dallas,GA,81,2025,2624,185,3,California,Marshall,2022,88,RB,0.9063,270,22,https://247sports.com/player/justin-williams-thomas-46109291/high-school-257353,3,https://247sports.com/player/justin-williams-thomas-46109291/college-291483,
46151482,Mitch McCarthy,P,ProKick Australia,Australia,AUST,81,2025,2619,5,3,UCF,Indiana,2022,,P,,,,https://247sports.com/player/mitch-mccarthy-46151482/high-school-317725,,https://247sports.com/player/mitch-mccarthy-46151482/college-317726,
46141429,Luke Wisham,S,Zachary,Zachary,LA,81,2025,2694,263,3,Louisiana Tech,Arkansas State,2024,85,S,0.8386,2017,194,https://247sports.com/player/luke-wisham-46141429/high-school-296277,3,https://247sports.com/player/luke-wisham-46141429/college-319200,
46134056,Nick Hawthorne,EDGE,Boswell,Fort Worth,TX,81,2025,2620,244,3,Boise State,UMass,2023,86,CB,0.86,1111,107,https://247sports.com/player/nick-hawthorne-46134056/high-school-281585,3,https://247sports.com/player/nick-hawthorne-46134056/college-300776,
46156518,Joedrick Lewis,CB,Aldine MacArthur,Houston,TX,81,2025,2697,308,3,Southeast Missouri State,Ball State,2022,,CB,,,,https://247sports.com/player/joedrick-lewis-46156518/junior-college-331540,,https://247sports.com/player/joedrick-lewis-46156518/college-331541,
46103981,Dakari Frazier,DL,Pickerington Central,Pickerington,OH,81,2025,2698,294,3,Ball State,Western Michigan,2022,83,DL,0.8293,1733,206,https://247sports.com/player/dakari-frazier-46103981/high-school-255587,3,https://247sports.com/player/dakari-frazier-46103981/college-287645,
46130502,Obinna Okeke,EDGE,Cy Falls,Houston,TX,81,2025,2630,248,3,Louisiana Tech,New Mexico State,2023,82,EDGE,0.83,1895,154,https://247sports.com/player/obinna-okeke-46130502/high-school-276256,3,https://247sports.com/player/obinna-okeke-46130502/college-320596,
46153990,Kelton Farmer,DL,Reitz Memorial,Evansville,IN,81,2025,2701,297,3,Kentucky Wesleyan,UTEP,2023,,DL,,,,https://247sports.com/player/kelton-farmer-46153990/high-school-325596,,https://247sports.com/player/kelton-farmer-46153990/college-325597,
46111823,Venson Sneed Jr.,EDGE,Winter Park,Winter Park,FL,81,2025,2632,250,3,Indiana,Western Kentucky,2022,87,DL,0.8833,515,71,https://247sports.com/player/venson-sneed-jr-46111823/high-school-259956,3,https://247sports.com/player/venson-sneed-jr-46111823/college-274850,
46111600,Mackavelli Malotumau,DL,El Camino,Oceanside,CA,81,2025,2699,295,3,Nevada,Western Kentucky,2022,86,DL,0.8133,1971,224,https://247sports.com/player/mackavelli-malotumau-46111600/high-school-259652,3,https://247sports.com/player/mackavelli-malotumau-46111600/college-299942,
46158467,Jabriel Rhodes-Nelson,EDGE,West Philadelphia,Philadelphia,PA,81,2025,2634,252,3,Millersville (NA),Georgia State,2023,,EDGE,,,,https://247sports.com/player/jabriel-rhodes-nelson-46158467/high-school-337496,,https://247sports.com/player/jabriel-rhodes-nelson-46158467/college-337497,
46102955,Kadin Bailey,LB,Jefferson,Jefferson,GA,81,2025,2703,213,3,Syracuse,Eastern Michigan,2022,85,LB,0.8619,957,87,https://247sports.com/player/kadin-bailey-46102955/high-school-253590,3,https://247sports.com/player/kadin-bailey-46102955/college-282123,
46154497,Brayden Johnson,LB,Ringling,Ringling,OK,81,2025,2704,214,3,Oklahoma Baptist (NA),Wyoming,2022,,EDGE,,,,https://247sports.com/player/brayden-johnson-46154497/high-school-327276,,https://247sports.com/player/brayden-johnson-46154497/college-327277,
46159046,Elin Jones,EDGE,Mountain View,Lawrenceville,GA,81,2025,2637,255,3,Virginia-Lynchburg,Western Kentucky,2021,,EDGE,,,,https://247sports.com/player/elin-jones-46159046/high-school-338306,,https://247sports.com/player/elin-jones-46159046/college-338308,
46099774,Ethan Crawford,QB,Hillcrest,Tuscaloosa,AL,81,2025,2638,166,3,Southern Miss,Arkansas State,2023,84,QB,0.8506,1386,65,https://247sports.com/player/ethan-crawford-46099774/high-school-248540,3,https://247sports.com/player/ethan-crawford-46099774/college-320856,
46100188,Don Munnerlyn,EDGE,Independence,Columbus,OH,81,2025,2636,254,3,Rutgers,UTSA,2021,86,ATH,0.8644,809,59,https://247sports.com/player/don-munnerlyn-46100188/high-school-249062,3,https://247sports.com/player/don-munnerlyn-46100188/college-336888,
46052114,Thai Chiaokhiao-Bowman,WR,Robbinsdale Armstrong,Minneapolis,MN,81,2025,2707,405,3,Rice,UConn,2022,,WR,,,,https://247sports.com/player/thai-chiaokhiao-bowman-46052114/junior-college-281861,,https://247sports.com/player/thai-chiaokhiao-bowman-46052114/college-318786,
46131519,Fitzroy Ledgister,CB,St. Peter's Prep,Jersey City,NJ,81,2025,2708,309,3,Rutgers,Western Michigan,2022,88,WR,,,,https://247sports.com/player/fitzroy-ledgister-46131519/high-school-277628,3,https://247sports.com/player/fitzroy-ledgister-46131519/college-284287,
46098448,AJ Odums,CB,Westfield,Houston,TX,81,2025,2711,312,3,New Mexico,Nevada,2020,77,CB,0.77,3597,302,https://247sports.com/player/aj-odums-46098448/high-school-246851,2,https://247sports.com/player/aj-odums-46098448/college-299655,
46056922,Pierre Kemeni Jr.,CB,Clarkson Football North,Mississauga,ON,81,2025,2712,313,3,New Mexico,Ohio,2024,,CB,,,,https://247sports.com/player/pierre-kemeni-jr-46056922/junior-college-309594,,https://247sports.com/player/pierre-kemeni-jr-46056922/college-309595,
46098920,Jace Arnold,CB,Marietta,Marietta,GA,81,2025,2710,311,3,Wisconsin,Sam Houston,2023,87,CB,0.8739,752,76,https://247sports.com/player/jace-arnold-46098920/high-school-247491,3,https://247sports.com/player/jace-arnold-46098920/college-293577,
46125799,S'Maje Burrell,LB,North Crowley,Fort Worth,TX,81,2025,2644,207,3,Texas,North Texas,2023,87,LB,0.8997,336,29,https://247sports.com/player/smaje-burrell-46125799/high-school-271955,3,https://247sports.com/player/smaje-burrell-46125799/college-320477,
46156008,Jaavan Mack,CB,Clarke Central,Athens,GA,81,2025,2714,315,3,Charlotte,Western Kentucky,2024,,CB,,,,https://247sports.com/player/jaavan-mack-46156008/junior-college-330302,,https://247sports.com/player/jaavan-mack-46156008/college-330303,
46140390,Zavien Abercrombie,CB,Arlington Martin,Arlington,TX,81,2025,2716,317,3,Weber State,Nevada,2024,,CB,,,,https://247sports.com/player/zavien-abercrombie-46140390/high-school-294042,,https://247sports.com/player/zavien-abercrombie-46140390/college-331454,
46129258,KK Meier,CB,Wolfforth Frenship,Wolfforth,TX,81,2025,2646,306,3,Nevada,UTSA,2022,,ATH,,,,https://247sports.com/player/kk-meier-46129258/high-school-274732,,https://247sports.com/player/kk-meier-46129258/college-320403,
46114508,Kam Franklin,S,Oak Grove,Oak Grove,LA,81,2025,2642,262,3,Oklahoma State,Louisiana Tech,2023,87,LB,0.8833,553,48,https://247sports.com/player/kam-franklin-46114508/high-school-263081,3,https://247sports.com/player/kam-franklin-46114508/college-301298,
46133811,Deondre Johnson,WR,Newburgh Free Academy,Newburgh,NY,81,2025,2653,402,3,Rutgers,Jacksonville State,2023,86,ATH,0.8658,944,74,https://247sports.com/player/deondre-johnson-46133811/high-school-281219,3,https://247sports.com/player/deondre-johnson-46133811/college-300560,
46097127,Keayen Nead,TE,Sugar-Salem,Sugar City,ID,81,2025,2654,154,3,Weber State,BYU,2020,79,TE,0.79,3115,143,https://247sports.com/player/keayen-nead-46097127/high-school-245000,2,https://247sports.com/player/keayen-nead-46097127/college-333618,
46083502,Trent Ramsey,IOL,Carrollwood Day,Tampa,FL,81,2025,2722,242,3,California,Appalachian State,2022,86,OT,0.8867,458,37,https://247sports.com/player/trent-ramsey-46083502/high-school-269233,3,https://247sports.com/player/trent-ramsey-46083502/college-286004,
46114310,Rusty VanWetzinga IV,TE,Pleasant Valley,Bettendorf,IA,81,2025,2655,155,3,Iowa,Central Michigan,2023,78,LB,,,,https://247sports.com/player/rusty-vanwetzinga-iv-46114310/high-school-262882,2,https://247sports.com/player/rusty-vanwetzinga-iv-46114310/college-327676,
46129609,Carlo Thompson,S,Varina,Richmond,VA,81,2025,2720,267,3,UNC-Pembroke (NA),Georgia Southern,2022,,S,,,,https://247sports.com/player/carlo-thompson-46129609/high-school-275423,,https://247sports.com/player/carlo-thompson-46129609/college-326875,
46100888,Clint Stephens,S,Inglewood,Inglewood,CA,81,2025,2718,265,3,UCLA,New Mexico,2022,87,ATH,0.8916,409,23,https://247sports.com/player/clint-stephens-46100888/high-school-249993,3,https://247sports.com/player/clint-stephens-46100888/college-284985,
46156288,TJ Smith,S,Mansfield Summit,Arlington,TX,81,2025,2721,268,3,East Central (NA),Tulane,2022,,S,,,,https://247sports.com/player/tj-smith-46156288/high-school-331070,,https://247sports.com/player/tj-smith-46156288/college-331071,
46142556,Tyler Fortenberry,TE,Brookhaven Academy,Brookhaven,MS,81,2025,2657,157,3,Vanderbilt,Arkansas State,2024,,TE,,,,https://247sports.com/player/tyler-fortenberry-46142556/junior-college-298425,,https://247sports.com/player/tyler-fortenberry-46142556/college-307116,
46131970,Tony Martin,WR,Miramar,Hollywood,FL,81,2025,2661,403,3,Western Michigan,Marshall,2023,80,ATH,0.8186,2094,180,https://247sports.com/player/tony-martin-46131970/high-school-278168,3,https://247sports.com/player/tony-martin-46131970/college-320712,
46158171,Javen Nicholas,WR,St. Augustine,New Orleans,LA,81,2025,2729,407,3,LSU,Charlotte,2022,,WR,,,,https://247sports.com/player/javen-nicholas-46158171/high-school-337040,,https://247sports.com/player/javen-nicholas-46158171/college-337041,
46155873,Brock Chappell,TE,Cardinal Gibbons,Raleigh,NC,81,2025,2658,158,3,Furman,Louisiana,2023,,TE,,,,https://247sports.com/player/brock-chappell-46155873/high-school-329906,,https://247sports.com/player/brock-chappell-46155873/college-329907,
46135105,Justyn Reid,TE,Newnan,Newnan,GA,81,2025,2664,162,3,Southern Miss,Tulane,2023,84,TE,0.8336,1820,81,https://247sports.com/player/justyn-reid-46135105/high-school-283417,3,https://247sports.com/player/justyn-reid-46135105/college-320857,
46059308,Semaj James,CB,John Paul II Catholic,Tallahassee,FL,81,2025,2726,319,3,Troy,Hawaii,2024,,CB,,,,https://247sports.com/player/semaj-james-46059308/junior-college-309356,,https://247sports.com/player/semaj-james-46059308/college-309357,
46115416,Brandon Best,IOL,Milton,Alpharetta,GA,81,2025,2730,245,3,Georgia Tech,Kennesaw State,2022,83,IOL,0.8552,1129,58,https://247sports.com/player/brandon-best-46115416/high-school-264157,3,https://247sports.com/player/brandon-best-46115416/college-284071,
46118622,Everett Hunter,TE,Modesto Christian,Modesto,CA,81,2025,2663,161,3,New Mexico,Nicholls,2023,,TE,,,,https://247sports.com/player/everett-hunter-46118622/junior-college-289634,,https://247sports.com/player/everett-hunter-46118622/college-319681,
46153987,Cooper Trnavsky,OT,Dorman,Roebuck,SC,81,2025,2665,190,3,Newberry,East Carolina,2020,,OT,,,,https://247sports.com/player/cooper-trnavsky-46153987/high-school-325590,,https://247sports.com/player/cooper-trnavsky-46153987/college-325591,
46085850,Bryce Biggs,OT,Spring Valley,Huntington,WV,81,2025,2668,193,3,West Virginia,Marshall,2021,83,OT,0.8337,1628,132,https://247sports.com/player/bryce-biggs-46085850/high-school-237922,3,https://247sports.com/player/bryce-biggs-46085850/college-269218,
46156433,Mitchell Butler,IOL,Northeast Lauderdale,Meridian,MS,81,2025,2672,235,3,Southern Miss,Miami (OH),2023,,TE,,,,https://247sports.com/player/mitchell-butler-46156433/high-school-331377,,https://247sports.com/player/mitchell-butler-46156433/college-331379,
46156476,Liam Wortmann,IOL,Putnam City,Oklahoma City,OK,81,2025,2670,233,3,Central Missouri,Colorado State,2021,,IOL,,,,https://247sports.com/player/liam-wortmann-46156476/high-school-331440,,https://247sports.com/player/liam-wortmann-46156476/college-331441,
46103477,Justin Taylor,S,Nazareth Academy,La Grange Park,IL,81,2025,2738,272,3,Wisconsin,Wyoming,2023,86,ATH,0.8661,936,73,https://247sports.com/player/justin-taylor-46103477/high-school-254442,3,https://247sports.com/player/justin-taylor-46103477/college-299441,
46109453,Kobi Albert,S,Fairfield Preparatory School,Fairfield,AL,81,2025,2737,271,3,Mississippi State,UConn,2022,88,ATH,0.8933,384,20,https://247sports.com/player/kobi-albert-46109453/high-school-257537,3,https://247sports.com/player/kobi-albert-46109453/college-295393,
46082308,Matthew Pajuste,IOL,Martin Luther King,Philadelphia,PA,81,2025,2735,246,3,Buffalo,Kent State,2021,82,IOL,0.8111,2236,144,https://247sports.com/player/matthew-pajuste-46082308/high-school-232482,3,https://247sports.com/player/matthew-pajuste-46082308/college-271381,
46098230,Bobby Arnold III,S,Salem,Salem,NJ,81,2025,2739,273,3,New Mexico,Utah State,2024,,CB,,,,https://247sports.com/player/bobby-arnold-iii-46098230/junior-college-309557,,https://247sports.com/player/bobby-arnold-iii-46098230/college-309558,
46142105,Elijah Williams,IOL,Central Catholic,Toledo,OH,81,2025,2678,241,3,Kent State,Western Kentucky,2024,81,IOL,0.8237,2403,201,https://247sports.com/player/elijah-williams-46142105/high-school-297558,3,https://247sports.com/player/elijah-williams-46142105/college-320283,
46154834,Alec Clark,P,Australia,Australia,AUST,81,2025,2679,6,3,Marshall,Tulane,2023,,P,,,,https://247sports.com/player/alec-clark-46154834/high-school-328106,,https://247sports.com/player/alec-clark-46154834/college-331959,
46101751,Miguel Cedeno,OT,American Heritage,Fort Lauderdale,FL,81,2025,2746,195,3,Rice,FIU,2022,80,OT,0.8311,1700,173,https://247sports.com/player/miguel-cedeno-46101751/high-school-251397,3,https://247sports.com/player/miguel-cedeno-46101751/college-286841,
46138468,Rico Steele,IOL,West Mifflin Area,West Mifflin,PA,81,2025,2741,247,3,Bowling Green,Kent State,2024,,IOL,,,,https://247sports.com/player/rico-steele-46138468/high-school-290922,,https://247sports.com/player/rico-steele-46138468/college-320141,
46131579,Isaiah Thomison,LB,Fayetteville,Fayetteville,TN,81,2025,2747,217,3,Memphis,Bowling Green,2023,86,LB,0.8428,1622,142,https://247sports.com/player/isaiah-thomison-46131579/high-school-277702,3,https://247sports.com/player/isaiah-thomison-46131579/college-301522,
46158016,Saint Farrior,DL,Hillside,Durham,NC,81,2025,2748,302,3,Hampton,Appalachian State,2023,,DL,,,,https://247sports.com/player/saint-farrior-46158016/high-school-336707,,https://247sports.com/player/saint-farrior-46158016/college-336708,
46117384,Kells Bush,DL,Edna Karr,New Orleans,LA,81,2025,2684,288,3,Louisiana Tech,James Madison,2022,,DL,,,,https://247sports.com/player/kells-bush-46117384/high-school-267634,,https://247sports.com/player/kells-bush-46117384/college-325755,
46142987,Tyrane Stewart,CB,South Pike,Magnolia,MS,81,2025,2754,321,3,North Carolina,North Texas,2024,,CB,,,,https://247sports.com/player/tyrane-stewart-46142987/junior-college-299157,,https://247sports.com/player/tyrane-stewart-46142987/college-309591,
46101154,Al Ashford III,CB,Cherry Creek,Englewood,CO,81,2025,2749,320,3,Northern Arizona,Marshall,2021,86,CB,0.8585,953,79,https://247sports.com/player/al-ashford-iii-46101154/high-school-250368,3,https://247sports.com/player/al-ashford-iii-46101154/college-337487,
46154529,Dean Shaffer,LB,Smithtown East,Saint James,NY,81,2025,2692,211,3,Yale,UMass,2020,,LB,,,,https://247sports.com/player/dean-shaffer-46154529/high-school-327336,,https://247sports.com/player/dean-shaffer-46154529/college-327337,
46139768,Ethan Tierney,S,DeKalb,DeKalb,IL,81,2025,2695,264,3,Northern Illinois,Fresno State,2023,79,S,,,,https://247sports.com/player/ethan-tierney-46139768/high-school-292964,2,https://247sports.com/player/ethan-tierney-46139768/college-326762,
46115196,Willie Goodacre,IOL,Denton Guyer,Denton,TX,81,2025,2757,248,3,Syracuse,North Texas,2024,85,OT,0.8522,1529,124,https://247sports.com/player/willie-goodacre-46115196/high-school-263881,3,https://247sports.com/player/willie-goodacre-46115196/college-319228,
46137948,Artis Cole,WR,Benton,Benton,LA,81,2025,2759,409,3,Louisiana-Monroe,Rice,2023,,WR,,,,https://247sports.com/player/artis-cole-46137948/junior-college-289806,,https://247sports.com/player/artis-cole-46137948/college-319919,
46139011,Ryan Boultwood,TE,Damien,La Verne,CA,81,2025,2760,164,3,Boston College,San Jose State,2024,,TE,,,,https://247sports.com/player/ryan-boultwood-46139011/junior-college-305141,,https://247sports.com/player/ryan-boultwood-46139011/college-320242,
46047349,Jalen Bell,DL,Belleville,Belleville,MI,81,2025,2762,304,3,Tennessee State,Memphis,2019,77,DT,0.7906,2839,180,https://247sports.com/player/jalen-bell-46047349/high-school-214972,2,https://247sports.com/player/jalen-bell-46047349/college-333638,
46040302,Denver Warren,DL,Brother Rice,Oak Lawn,IL,81,2025,2700,296,3,New Mexico State,UAB,2023,,DL,,,,https://247sports.com/player/denver-warren-46040302/junior-college-288310,,https://247sports.com/player/denver-warren-46040302/college-319278,
46155951,Antavious Fish,LB,Jackson,Jackson,GA,81,2025,2705,215,3,Akron,Sam Houston,2022,,LB,,,,https://247sports.com/player/antavious-fish-46155951/junior-college-330171,,https://247sports.com/player/antavious-fish-46155951/college-330172,
46112812,Quinton Williams,OT,Brewer,Fort Worth,TX,81,2025,2765,198,3,Louisiana,Sam Houston,2022,,OT,,,,https://247sports.com/player/quinton-williams-46112812/junior-college-336035,,https://247sports.com/player/quinton-williams-46112812/college-336036,
46156060,Connor Henderson,LB,Porter Ridge,Indian Trail,NC,81,2025,2706,216,3,Cornell,Buffalo,2020,,LB,,,,https://247sports.com/player/connor-henderson-46156060/high-school-330427,,https://247sports.com/player/connor-henderson-46156060/college-330429,
46052338,Lukas Ungar,TE,Delbarton School,Morristown,NJ,81,2025,2766,165,3,Stanford,New Mexico State,2020,88,TE,0.8911,401,13,https://247sports.com/player/lukas-ungar-46052338/high-school-212567,3,https://247sports.com/player/lukas-ungar-46052338/college-337596,
46094961,Donnie Gray,WR,Deerfield Academy,New Haven,CT,81,2025,2768,410,3,Northwestern,UMass,2021,85,ATH,0.8256,1880,150,https://247sports.com/player/donnie-gray-46094961/high-school-243860,3,https://247sports.com/player/donnie-gray-46094961/college-269339,
46136371,Brayden Ramey,IOL,Trinity Catholic,Ocala,FL,81,2025,2770,250,3,Florida Atlantic,South Alabama,2023,84,IOL,0.8304,1866,141,https://247sports.com/player/brayden-ramey-46136371/high-school-286424,3,https://247sports.com/player/brayden-ramey-46136371/college-301516,
46157854,Carlos Slayden,OT,Flour Bluff,Corpus Christi,TX,81,2025,2772,199,3,Troy,Southern Miss,2024,,OT,,,,https://247sports.com/player/carlos-slayden-46157854/junior-college-336285,,https://247sports.com/player/carlos-slayden-46157854/college-336286,
46086614,Alfred Chea,S,First Coast,Jacksonville,FL,81,2025,2719,266,3,UConn,Ball State,2020,80,CB,0.8237,2058,189,https://247sports.com/player/alfred-chea-46086614/high-school-239856,3,https://247sports.com/player/alfred-chea-46086614/college-301466,
46147116,Aiden Knapke,S,Cherry Creek,Englewood,CO,81,2025,2774,283,3,Washington State,Lindenwood,2025,84,S,0.8483,1881,158,https://247sports.com/player/aiden-knapke-46147116/high-school-308679,3,https://247sports.com/player/aiden-knapke-46147116/college-328972,
46156491,Azariah Levells,CB,Murrieta Valley,Murrieta,CA,81,2025,2717,318,3,Stephen F. Austin,New Mexico,2024,,CB,,,,https://247sports.com/player/azariah-levells-46156491/junior-college-331475,,https://247sports.com/player/azariah-levells-46156491/college-331476,
46127537,Jailen Holmes,WR,Madison Academy,Madison,AL,81,2025,2776,412,3,Oregon State,UAB,2024,,WR,,,,https://247sports.com/player/jailen-holmes-46127537/junior-college-337925,,https://247sports.com/player/jailen-holmes-46127537/college-337926,
46077047,Michael Fitzgerald II,WR,Roswell,Roswell,GA,81,2025,2775,411,3,UMass,Wyoming,2021,82,WR,0.8237,1919,258,https://247sports.com/player/michael-fitzgerald-ii-46077047/high-school-227682,3,https://247sports.com/player/michael-fitzgerald-ii-46077047/college-337530,
46159047,Kam Bell,TE,Lee County,Leesburg,GA,81,2025,2777,168,3,Florida Atlantic,Jacksonville State,2024,,TE,,,,https://247sports.com/player/kam-bell-46159047/junior-college-338310,,https://247sports.com/player/kam-bell-46159047/college-338311,
46099183,Qae'Shon Sapp,IOL,Lee County,Leesburg,GA,81,2025,2727,244,3,SMU,Florida Atlantic,2022,89,IOL,0.8967,356,31,https://247sports.com/player/qaeshon-sapp-46099183/high-school-247656,3,https://247sports.com/player/qaeshon-sapp-46099183/college-319124,
46127698,Xavier Miles,DL,St. Peter's Prep,Jersey City,NJ,81,2025,2728,300,3,Syracuse,Charlotte,2024,80,IOL,0.8178,2589,225,https://247sports.com/player/xavier-miles-46127698/high-school-272425,3,https://247sports.com/player/xavier-miles-46127698/college-319220,
46100705,Cheick Kaba,DL,Fridley Senior,Minneapolis,MN,81,2025,2725,299,3,Troy,Charlotte,2024,,DL,,,,https://247sports.com/player/cheick-kaba-46100705/junior-college-309350,,https://247sports.com/player/cheick-kaba-46100705/college-309352,
46101403,Ka'eo Akana,EDGE,Roosevelt,Honolulu,HI,80,2025,2783,258,3,Utah,Hawaii,2022,90,LB,0.8785,592,57,https://247sports.com/player/kaeo-akana-46101403/high-school-250685,4,https://247sports.com/player/kaeo-akana-46101403/college-282394,
46118635,Buck Buchanan,K,Marshall,Marshall,TX,80,2025,2785,4,3,Louisiana Tech,Colorado,2022,78,K,0.8222,1850,11,https://247sports.com/player/buck-buchanan-46118635/high-school-270274,2,https://247sports.com/player/buck-buchanan-46118635/college-286569,
46128479,Upton Bellenfant,K,Stewarts Creek,Smyrna,TN,80,2025,2786,5,3,Alabama,Texas Tech,2022,,K,,,,https://247sports.com/player/upton-bellenfant-46128479/high-school-273657,,https://247sports.com/player/upton-bellenfant-46128479/college-320144,
46154137,Ryan Kean,LS,Centennial,Corona,CA,80,2025,2789,1,3,Utah Tech,Washington,2022,,LS,,,,https://247sports.com/player/ryan-kean-46154137/high-school-326069,,https://247sports.com/player/ryan-kean-46154137/college-326070,
46078898,Joe Strickland,DL,Brebeuf Jesuit,Indianapolis,IN,81,2025,2736,301,3,Purdue,Liberty,2022,90,DL,0.9079,265,34,https://247sports.com/player/joe-strickland-46078898/high-school-227997,4,https://247sports.com/player/joe-strickland-46078898/college-281120,
46154188,Kevin Gallic,LS,St Dominic Regional,Auburn,ME,80,2025,2790,2,3,New Hampshire,Nebraska,2022,,LS,,,,https://247sports.com/player/kevin-gallic-46154188/high-school-326193,,https://247sports.com/player/kevin-gallic-46154188/college-326194,
46103449,Luke Seib,WR,Blue Springs South,Blue Springs,MO,80,2025,2794,414,3,UTEP,Louisiana Tech,2022,79,TE,0.8093,2038,122,https://247sports.com/player/luke-seib-46103449/high-school-254346,2,https://247sports.com/player/luke-seib-46103449/college-286887,
46158019,Terik Mulder,TE,Bryan Station,Lexington,KY,81,2025,2745,163,3,Presbyterian,Kent State,2022,,TE,,,,https://247sports.com/player/terik-mulder-46158019/high-school-336711,,https://247sports.com/player/terik-mulder-46158019/college-336713,
46145742,Keagen Trost,OT,Kankakee,Kankakee,IL,89,2025,206,23,3,Morgan State,Missouri,2019,,OT,,,,https://247sports.com/player/keagen-trost-46145742/high-school-305791,,https://247sports.com/player/keagen-trost-46145742/college-309815,
46156699,Ashaad Williams,CB,Russellville,Russellville,AL,88,2025,290,35,3,North Alabama,Wake Forest,2021,,CB,,,,https://247sports.com/player/ashaad-williams-46156699/high-school-332229,,https://247sports.com/player/ashaad-williams-46156699/college-332230,
46144420,Joseph Williams,WR,Mansfield Summit,Arlington,TX,87,2025,378,69,3,Tulsa,Colorado,2024,86,WR,0.8561,1388,122,https://247sports.com/player/joseph-williams-46144420/high-school-302924,3,https://247sports.com/player/joseph-williams-46144420/college-318744,
46132579,Koy Beasley,S,LaSalle,Cincinnati,OH,86,2025,565,41,3,Purdue,Miami (OH),2024,93,S,0.9419,127,9,https://247sports.com/player/koy-beasley-46132579/high-school-279007,4,https://247sports.com/player/koy-beasley-46132579/college-318504,
46141451,Trae Davis III,WR,Troup,Troup,TX,86,2025,498,97,3,Kansas State,Prairie View A&amp;M,2024,90,WR,0.8953,408,61,https://247sports.com/player/trae-davis-iii-46141451/high-school-296332,4,https://247sports.com/player/trae-davis-iii-46141451/college-319581,
46041148,Damon Payne,DL,Belleville,Belleville,MI,90,2025,167,23,4,Alabama,Michigan,2021,97,DL,0.9872,24,7,https://247sports.com/player/damon-payne-46041148/high-school-192873,4,https://247sports.com/player/damon-payne-46041148/college-266269,
46082237,Ryland Gandy,CB,Buford,Buford,GA,87,2025,431,56,3,Pittsburgh,Indiana,2022,87,CB,0.8752,650,59,https://247sports.com/player/ryland-gandy-46082237/high-school-232391,3,https://247sports.com/player/ryland-gandy-46082237/college-280220,
46111794,Oran Singleton Jr.,WR,Clewiston,Clewiston,FL,86,2025,794,147,3,Eastern Michigan,West Virginia,2024,,WR,,,,https://247sports.com/player/oran-singleton-jr-46111794/junior-college-306115,,https://247sports.com/player/oran-singleton-jr-46111794/college-310755,
46103619,Joel Starlings,DL,Benedictine,Richmond,VA,87,2025,455,52,3,North Carolina,Maryland,2023,90,DL,0.9027,309,42,https://247sports.com/player/joel-starlings-46103619/high-school-254731,4,https://247sports.com/player/joel-starlings-46103619/college-297800,
46114160,D'Yoni Hill,CB,Gainesville,Gainesville,FL,86,2025,716,86,3,Marshall,Wisconsin,2022,82,CB,0.8356,1606,142,https://247sports.com/player/dyoni-hill-46114160/high-school-262692,3,https://247sports.com/player/dyoni-hill-46114160/college-321044,
46156487,Keyshawn James-Newby,EDGE,Helena,Helena,MT,86,2025,831,85,3,Montana Tech (NA),New Mexico,2020,,LB,,,,https://247sports.com/player/keyshawn-james-newby-46156487/high-school-331461,,https://247sports.com/player/keyshawn-james-newby-46156487/college-331463,
46102483,Louie Canepa,OT,Vintage,Napa,CA,86,2025,627,52,3,New Mexico State,Oklahoma State,2022,85,OT,,,,https://247sports.com/player/louie-canepa-46102483/high-school-252571,3,https://247sports.com/player/louie-canepa-46102483/college-288158,
46109964,Luke Hasz,TE,Bixby,Bixby,OK,93,2025,35,2,4,Arkansas,Ole Miss,2023,93,TE,0.9256,191,11,https://247sports.com/player/luke-hasz-46109964/high-school-258012,4,https://247sports.com/player/luke-hasz-46109964/college-296652,
46154292,Jarod Bowie,WR,Martinsburg,Martinsburg,WV,86,2025,656,117,3,Jacksonville State,West Virginia,2021,,WR,,,,https://247sports.com/player/jarod-bowie-46154292/high-school-326460,,https://247sports.com/player/jarod-bowie-46154292/college-326461,
46059131,Donavon Platt,CB,Ragsdale,Jamestown,NC,86,2025,877,103,3,Army,Virginia,2021,,ATH,,,,https://247sports.com/player/donavon-platt-46059131/high-school-225958,,https://247sports.com/player/donavon-platt-46059131/college-336449,
46085480,Jalen Brown,WR,Gulliver Prep,Miami,FL,86,2025,876,160,3,LSU,Arkansas,2023,95,WR,0.964,71,12,https://247sports.com/player/jalen-brown-46085480/high-school-237187,4,https://247sports.com/player/jalen-brown-46085480/college-307106,
46086827,Johntay Cook,WR,DeSoto,DeSoto,TX,89,2025,252,46,3,Texas,Syracuse,2023,97,WR,0.9834,31,4,https://247sports.com/player/johntay-cook-46086827/high-school-240531,4,https://247sports.com/player/johntay-cook-46086827/college-327962,
46138388,Gavin Crawford,IOL,Our Lady of Good Counsel,Olney,MD,86,2025,913,78,3,West Virginia,Virginia Tech,2025,87,IOL,0.8761,750,52,https://247sports.com/player/gavin-crawford-46138388/high-school-290778,3,https://247sports.com/player/gavin-crawford-46138388/college-328747,
46085979,Caldra Williford,CB,Lutheran North,St. Louis,MO,86,2025,933,109,3,Murray State,Baylor,2022,84,S,0.8478,1322,102,https://247sports.com/player/caldra-williford-46085979/high-school-238187,3,https://247sports.com/player/caldra-williford-46085979/college-336967,
46159151,Eli Coenen,DL,Baldwin-Woodville,Baldwin,WI,86,2025,950,106,3,Bemidji State,Illinois,2023,,DL,,,,https://247sports.com/player/eli-coenen-46159151/high-school-338483,,https://247sports.com/player/eli-coenen-46159151/college-338484,
46116846,Julian Dugger,QB,Penn Hills,Pittsburgh,PA,86,2025,934,63,3,Pittsburgh,Washington State,2024,86,QB,0.8706,899,57,https://247sports.com/player/julian-dugger-46116846/high-school-266649,3,https://247sports.com/player/julian-dugger-46116846/college-311107,
46037403,DJ Graham II,CB,Keller Central,Keller,TX,85,2025,1015,116,3,Oklahoma,Kansas,2020,88,WR,0.8859,448,21,https://247sports.com/player/dj-graham-ii-46037403/high-school-187661,3,https://247sports.com/player/dj-graham-ii-46037403/college-309321,
46058487,Alex Orji,QB,Sachse,Sachse,TX,85,2025,1000,71,3,Michigan,UNLV,2022,86,QB,0.8848,493,30,https://247sports.com/player/alex-orji-46058487/high-school-224813,3,https://247sports.com/player/alex-orji-46058487/college-281103,
46154036,Eyan Thomas,DL,Chichester,Marcus Hook,PA,85,2025,1042,116,3,Saint Francis (PA),Maryland,2023,,DL,,,,https://247sports.com/player/eyan-thomas-46154036/high-school-325743,,https://247sports.com/player/eyan-thomas-46154036/college-325744,
46154065,Antarron Turner,LB,A.L. Brown,Kannapolis,NC,85,2025,1035,63,3,Western Carolina,Wisconsin,2022,,LB,,,,https://247sports.com/player/antarron-turner-46154065/high-school-325850,,https://247sports.com/player/antarron-turner-46154065/college-325851,
46083386,James Stewart,EDGE,Brentwood Academy,Brentwood,TN,85,2025,1041,102,3,Middle Tennessee,Tennessee State,2021,83,DL,0.8485,1240,148,https://247sports.com/player/james-stewart-46083386/high-school-233934,3,https://247sports.com/player/james-stewart-46083386/college-325697,
46112907,Evan Wibberley,IOL,Dixie Heights,Fort Mitchell,KY,85,2025,1065,95,3,Western Kentucky,Kentucky,2022,80,OT,0.8141,1966,201,https://247sports.com/player/evan-wibberley-46112907/high-school-260669,3,https://247sports.com/player/evan-wibberley-46112907/college-276460,
46080851,An'Darius Coffey,S,Winona,Winona,MS,85,2025,1066,91,3,Northwestern,Purdue,2020,86,ATH,0.8533,1103,67,https://247sports.com/player/andarius-coffey-46080851/high-school-230610,3,https://247sports.com/player/andarius-coffey-46080851/college-335496,
46139246,Zion Booker,WR,Chambers,Charlotte,NC,85,2025,1074,184,3,Western Carolina,Tulsa,2023,,WR,,,,https://247sports.com/player/zion-booker-46139246/high-school-292255,,https://247sports.com/player/zion-booker-46139246/college-326211,
46130364,Maddox Marcellus,LB,Pembroke Pines Charter,Fort Lauderdale,FL,85,2025,1069,69,3,Eastern Kentucky,Virginia,2023,,LB,,,,https://247sports.com/player/maddox-marcellus-46130364/high-school-276061,,https://247sports.com/player/maddox-marcellus-46130364/college-326145,
46154179,Marcellous Hawkins,RB,Putnam City,Oklahoma City,OK,85,2025,1078,66,3,Central Missouri,Virginia Tech,2022,,RB,,,,https://247sports.com/player/marcellous-hawkins-46154179/high-school-326173,,https://247sports.com/player/marcellous-hawkins-46154179/college-326174,
46104027,TJ Crandall,CB,Skyline,Sammamish,WA,85,2025,1082,124,3,Colorado State,Oregon State,2023,85,CB,0.8411,1654,140,https://247sports.com/player/tj-crandall-46104027/high-school-255735,3,https://247sports.com/player/tj-crandall-46104027/college-307398,
46049619,Damarjhe Lewis,DL,Griffin,Griffin,GA,85,2025,1071,119,3,Indiana,SMU,2020,87,DT,0.8707,671,57,https://247sports.com/player/damarjhe-lewis-46049619/high-school-208214,3,https://247sports.com/player/damarjhe-lewis-46049619/college-326113,
46086057,Anderson Castle,RB,Watauga,Boone,NC,85,2025,1085,67,3,Appalachian State,Duke,2020,79,S,0.8117,2416,187,https://247sports.com/player/anderson-castle-46086057/high-school-238315,2,https://247sports.com/player/anderson-castle-46086057/college-254261,
46138707,Shamar Rigby,WR,Clearwater Central Catholic,Clearwater,FL,85,2025,1083,186,3,Purdue,Oklahoma State,2024,87,WR,0.8753,761,104,https://247sports.com/player/shamar-rigby-46138707/high-school-291327,3,https://247sports.com/player/shamar-rigby-46138707/college-318511,
46118015,Wallace Unamba,OT,Rowlett,Rowlett,TX,85,2025,1080,85,3,Kentucky,Virginia,2023,,OT,,,,https://247sports.com/player/wallace-unamba-46118015/junior-college-268578,,https://247sports.com/player/wallace-unamba-46118015/college-330734,
46084631,Marques Watson-Trent,LB,Blackhawk,Beaver Falls,PA,85,2025,1089,75,3,Georgia Southern,Nebraska,2020,80,S,0.8,2819,214,https://247sports.com/player/marques-watson-trent-46084631/high-school-235905,3,https://247sports.com/player/marques-watson-trent-46084631/college-256924,
46086670,Grayson Loftis,QB,Gaffney,Greer,SC,85,2025,1090,82,3,Duke,Charlotte,2023,87,QB,0.8681,880,46,https://247sports.com/player/grayson-loftis-46086670/high-school-239983,3,https://247sports.com/player/grayson-loftis-46086670/college-292022,
46128943,Louis Moore,S,Mesquite Poteet,Mesquite,TX,85,2025,1097,93,3,Ole Miss,Indiana,2022,,S,,,,https://247sports.com/player/louis-moore-46128943/junior-college-274279,,https://247sports.com/player/louis-moore-46128943/college-311236,
46129069,Justin Stevenson,WR,Paetow,Katy,TX,85,2025,1118,192,3,Wyoming,Utah,2023,85,WR,0.8519,1336,191,https://247sports.com/player/justin-stevenson-46129069/high-school-274500,3,https://247sports.com/player/justin-stevenson-46129069/college-319750,
46117264,Stephen Hall,CB,Olive Branch,Senatobia,MS,85,2025,1094,125,3,Washington State,Missouri,2023,,CB,,,,https://247sports.com/player/stephen-hall-46117264/junior-college-267441,,https://247sports.com/player/stephen-hall-46117264/college-293586,
46102065,Richard Toney Jr.,S,Arlington,Arlington,TX,85,2025,1119,94,3,TCU,Purdue,2021,79,S,0.8115,2215,184,https://247sports.com/player/richard-toney-jr-46102065/high-school-251785,2,https://247sports.com/player/richard-toney-jr-46102065/college-310287,
46128217,Taeshaun Lyons,WR,Tennyson,Hayward,CA,85,2025,1109,190,3,Utah,UNLV,2023,92,WR,0.9192,216,31,https://247sports.com/player/taeshaun-lyons-46128217/high-school-273267,4,https://247sports.com/player/taeshaun-lyons-46128217/college-311541,
46115440,Jayden Bonsu,S,St. Peter's Prep,Hillside,NJ,85,2025,1120,95,3,Ohio State,Pittsburgh,2023,89,S,0.9093,277,24,https://247sports.com/player/jayden-bonsu-46115440/high-school-264185,3,https://247sports.com/player/jayden-bonsu-46115440/college-300748,
46154358,William Boone,OT,Heritage,Conyers,GA,85,2025,1121,90,3,Prairie View A&amp;M,North Carolina,2022,,OT,,,,https://247sports.com/player/william-boone-46154358/high-school-326725,,https://247sports.com/player/william-boone-46154358/college-326727,
46154395,Max Baloun,DL,Redfield,Redfield,SD,85,2025,1130,123,3,South Dakota State,Washington State,2020,,DL,,,,https://247sports.com/player/max-baloun-46154395/high-school-326828,,https://247sports.com/player/max-baloun-46154395/college-327065,
46100605,Langston Hardy,EDGE,Sandalwood,Jacksonville,FL,85,2025,1127,107,3,UConn,Wake Forest,2021,81,DL,0.8278,1811,207,https://247sports.com/player/langston-hardy-46100605/high-school-257650,3,https://247sports.com/player/langston-hardy-46100605/college-301470,
46100527,Malachi Thomas,RB,Hart County,Hartwell,GA,85,2025,1124,71,3,Virginia Tech,Purdue,2021,86,RB,0.8533,1099,77,https://247sports.com/player/malachi-thomas-46100527/high-school-249544,3,https://247sports.com/player/malachi-thomas-46100527/college-267304,
46133009,Robby Martin,IOL,Huntington,Huntington,WV,85,2025,1135,102,3,NC State,West Virginia,2024,89,IOL,0.8853,549,39,https://247sports.com/player/robby-martin-46133009/high-school-279644,3,https://247sports.com/player/robby-martin-46133009/college-310895,
46109838,Xavier Williams,S,Colquitt County,Moultrie,GA,85,2025,1138,96,3,Middle Tennessee,Cincinnati,2021,83,QB,0.8189,2033,126,https://247sports.com/player/xavier-williams-46109838/high-school-257785,3,https://247sports.com/player/xavier-williams-46109838/college-319242,
46117407,Owen Wafle,EDGE,Hun School,Princeton,NJ,85,2025,1131,108,3,Michigan,Penn State,2024,89,DL,0.8925,447,50,https://247sports.com/player/owen-wafle-46117407/high-school-267663,3,https://247sports.com/player/owen-wafle-46117407/college-318028,
46084270,Mekhi Miller,WR,Blue Valley North,Topeka,KS,85,2025,1143,195,3,Missouri,Tulsa,2022,87,WR,0.8759,635,89,https://247sports.com/player/mekhi-miller-46084270/high-school-235080,3,https://247sports.com/player/mekhi-miller-46084270/college-281158,
46058549,La'Vell Wright,RB,North Hardin,Radcliff,KY,85,2025,1150,75,3,Kentucky,Western Kentucky,2021,86,RB,0.863,837,56,https://247sports.com/player/lavell-wright-46058549/high-school-224964,3,https://247sports.com/player/lavell-wright-46058549/college-321925,
46102680,Maurice Turner,RB,Coffee,Douglas,GA,85,2025,1144,74,3,Louisville,Tulane,2022,86,WR,0.8578,1057,146,https://247sports.com/player/maurice-turner-46102680/high-school-252993,3,https://247sports.com/player/maurice-turner-46102680/college-283382,
46055056,Jackson West,TE,Huntsville,Huntsville,AL,85,2025,1154,58,3,Florida State,Western Kentucky,2021,88,TE,0.8741,600,30,https://247sports.com/player/jackson-west-46055056/high-school-216644,3,https://247sports.com/player/jackson-west-46055056/college-260385,
46083896,Lamont Green Jr.,EDGE,Gulliver Prep,Miami,FL,85,2025,1159,111,3,Florida State,FIU,2023,90,EDGE,0.9049,299,35,https://247sports.com/player/lamont-green-jr-46083896/high-school-249886,4,https://247sports.com/player/lamont-green-jr-46083896/college-290383,
46154433,LJ Turner Jr.,RB,Heritage,Palm Bay,FL,85,2025,1140,72,3,Catawba,Lenoir-Rhyne,2022,,RB,,,,https://247sports.com/player/lj-turner-jr-46154433/high-school-326964,,https://247sports.com/player/lj-turner-jr-46154433/college-332417,
46076604,Aaron Armitage,EDGE,Blair Academy,Blairstown,NJ,85,2025,1157,110,3,Stanford,FIU,2021,89,DL,0.9183,213,30,https://247sports.com/player/aaron-armitage-46076604/high-school-227110,3,https://247sports.com/player/aaron-armitage-46076604/college-269903,
46086896,Madden Sanker,IOL,South Paulding,Douglasville,GA,85,2025,1160,103,3,Louisville,Florida Atlantic,2023,90,IOL,0.9122,260,12,https://247sports.com/player/madden-sanker-46086896/high-school-240836,4,https://247sports.com/player/madden-sanker-46086896/college-290645,
46154764,Rohan Jones,TE,College Andre-Grasset,Montreal,QC,85,2025,1195,63,3,Maine,Arkansas,2022,,TE,,,,https://247sports.com/player/rohan-jones-46154764/high-school-327956,,https://247sports.com/player/rohan-jones-46154764/college-327958,
46147549,Jacob Norcross,IOL,Bishop Gorman,Las Vegas,NV,85,2025,1167,105,3,Kennesaw State,Memphis,2024,78,IOL,0.78,3084,285,https://247sports.com/player/jacob-norcross-46147549/high-school-309351,2,https://247sports.com/player/jacob-norcross-46147549/college-319141,
46154681,William Davis,S,Halifax County,South Boston,VA,85,2025,1186,99,3,Virginia Union (NA),West Virginia,2022,,S,,,,https://247sports.com/player/william-davis-46154681/high-school-327659,,https://247sports.com/player/william-davis-46154681/college-327660,
46129519,Marcus Moore Jr.,DL,Washington,Massillon,OH,85,2025,1179,126,3,Akron,Purdue,2023,80,DL,0.817,2103,219,https://247sports.com/player/marcus-moore-jr-46129519/high-school-275297,3,https://247sports.com/player/marcus-moore-jr-46129519/college-332672,
46110488,Evan Boyd,WR,East Lansing,East Lansing,MI,85,2025,1193,204,3,Central Michigan,Michigan State,2023,82,WR,0.8237,2008,280,https://247sports.com/player/evan-boyd-46110488/high-school-258961,3,https://247sports.com/player/evan-boyd-46110488/college-320820,
46110022,Laquan Robinson,S,Greenville,Greenville,AL,85,2025,1191,101,3,Auburn,Kansas,2024,,S,,,,https://247sports.com/player/laquan-robinson-46110022/junior-college-295377,,https://247sports.com/player/laquan-robinson-46110022/college-307143,
46132185,Lacota Dippre,EDGE,Lakeland,Jermyn,PA,85,2025,1163,112,3,Charlotte,James Madison,2023,,TE,,,,https://247sports.com/player/lacota-dippre-46132185/high-school-278486,,https://247sports.com/player/lacota-dippre-46132185/college-318193,
46081236,Kahlil Benson,IOL,Southaven,Southaven,MS,85,2025,1197,107,3,Colorado,Indiana,2020,87,OG,0.8685,714,43,https://247sports.com/player/kahlil-benson-46081236/high-school-231147,3,https://247sports.com/player/kahlil-benson-46081236/college-306748,
46058848,Javae Gilmore,LB,Amite,Amite,LA,85,2025,1200,84,3,Mississippi State,Marshall,2022,88,LB,0.8889,435,40,https://247sports.com/player/javae-gilmore-46058848/high-school-225364,3,https://247sports.com/player/javae-gilmore-46058848/college-282646,
46116655,Camden Coleman,QB,Glenn,Kernersville,NC,85,2025,1206,91,3,Richmond,James Madison,2022,,QB,,,,https://247sports.com/player/camden-coleman-46116655/high-school-266375,,https://247sports.com/player/camden-coleman-46116655/college-325265,
46085965,Chase Wilson,LB,Ralston Valley,Arvada,CO,85,2025,1211,91,3,Colorado State,West Virginia,2020,80,ATH,0.803,2764,216,https://247sports.com/player/chase-wilson-46085965/high-school-238168,3,https://247sports.com/player/chase-wilson-46085965/college-257634,
46130610,Vontroy Malone,EDGE,Brazoswood,Clute,TX,85,2025,1215,119,3,Tulsa,Iowa State,2022,,DL,,,,https://247sports.com/player/vontroy-malone-46130610/high-school-276412,,https://247sports.com/player/vontroy-malone-46130610/college-286365,
46098917,Brandon Tucker,LB,DeSoto,DeSoto,TX,85,2025,1208,88,3,East Texas A&amp;M (NA),UTSA,2022,,LB,,,,https://247sports.com/player/brandon-tucker-46098917/prep-326414,,https://247sports.com/player/brandon-tucker-46098917/college-326413,
46049917,Carlos Del Rio-Wilson,QB,Cartersville,Cartersville,GA,85,2025,1201,89,3,Syracuse,Marshall,2021,89,QB,0.9357,148,18,https://247sports.com/player/carlos-del-rio-wilson-46049917/high-school-208889,3,https://247sports.com/player/carlos-del-rio-wilson-46049917/college-285157,
46085804,Myles Pollard,CB,Ravenwood,Brentwood,TN,85,2025,1214,133,3,Michigan,Memphis,2022,87,CB,0.8781,600,54,https://247sports.com/player/myles-pollard-46085804/high-school-237858,3,https://247sports.com/player/myles-pollard-46085804/college-281106,
46144775,Isaiah Myers,WR,Princeton,Cincinnati,OH,85,2025,1217,207,3,Charlotte,Western Kentucky,2024,,WR,,,,https://247sports.com/player/isaiah-myers-46144775/junior-college-303709,,https://247sports.com/player/isaiah-myers-46144775/college-333279,
46079976,Sterling Berkhalter,WR,Princeton,Cincinnati,OH,85,2025,1218,208,3,Cincinnati,Wake Forest,2021,81,WR,,,,https://247sports.com/player/sterling-berkhalter-46079976/prep-252505,3,https://247sports.com/player/sterling-berkhalter-46079976/college-297142,
46086658,Randy Pittman Jr.,TE,Mosley,Lynn Haven,FL,85,2025,1221,65,3,UCF,Florida State,2023,87,TE,0.8736,760,36,https://247sports.com/player/randy-pittman-jr-46086658/high-school-239971,3,https://247sports.com/player/randy-pittman-jr-46086658/college-301346,
46154939,Terez Reid,CB,Warren Central,Indianapolis,IN,85,2025,1239,138,3,Grand Valley State,Florida Atlantic,2021,,CB,,,,https://247sports.com/player/terez-reid-46154939/high-school-328289,,https://247sports.com/player/terez-reid-46154939/college-332981,
90439,David Reese,EDGE,Vero Beach,Fort Pierce,FL,85,2025,1233,121,3,California,Syracuse,2018,87,OLB,0.9003,297,20,https://247sports.com/player/david-reese-90439/high-school-173822,3,https://247sports.com/player/david-reese-90439/college-296594,
46154138,Qua Moss,S,Troup County,LaGrange,GA,85,2025,1227,105,3,West Georgia,Kansas State,2024,,S,,,,https://247sports.com/player/qua-moss-46154138/junior-college-326077,,https://247sports.com/player/qua-moss-46154138/college-326078,
92946,Donald Chaney Jr.,RB,Belen Jesuit Prep,Miami,FL,85,2025,1235,81,3,Louisville,Charlotte,2020,95,RB,0.9496,115,11,https://247sports.com/player/donald-chaney-jr-92946/high-school-178136,4,https://247sports.com/player/donald-chaney-jr-92946/college-310941,
46050782,Kenan Johnson,CB,Lake Minneola,Lake Minneola,FL,85,2025,1240,139,3,Georgia Tech,Virginia,2019,86,CB,0.8585,980,92,https://247sports.com/player/kenan-johnson-46050782/high-school-210464,3,https://247sports.com/player/kenan-johnson-46050782/college-307200,
46054458,Jay Ducker,RB,Bellevue West,Bellevue,NE,85,2025,1242,84,3,Sam Houston,Temple,2020,85,APB,0.8552,1063,15,https://247sports.com/player/jay-ducker-46054458/high-school-215663,3,https://247sports.com/player/jay-ducker-46054458/college-319282,
46096729,River Helms,TE,West Limestone,Lester,AL,85,2025,1257,68,3,Western Kentucky,Georgia Southern,2021,88,TE,0.877,555,28,https://247sports.com/player/river-helms-46096729/high-school-244888,3,https://247sports.com/player/river-helms-46096729/college-271075,
46111901,Niles King,DL,West Bloomfield,West Bloomfield,MI,85,2025,1266,130,3,Grand Valley State,San Diego State,2021,,EDGE,,,,https://247sports.com/player/niles-king-46111901/high-school-260055,,https://247sports.com/player/niles-king-46111901/college-305906,
46083351,Caleb Anderson,CB,East Feliciana,Jackson,LA,85,2025,1261,140,3,Louisiana,Michigan,2020,86,ATH,0.8533,1103,67,https://247sports.com/player/caleb-anderson-46083351/high-school-233880,3,https://247sports.com/player/caleb-anderson-46083351/college-252167,
46113995,Jordy Lowery,CB,Bartow,Bartow,FL,85,2025,1271,142,3,Western Carolina,East Carolina,2022,82,CB,0.817,1918,158,https://247sports.com/player/jordy-lowery-46113995/high-school-262492,3,https://247sports.com/player/jordy-lowery-46113995/college-325613,
46099227,Malakai Williams,EDGE,American Leadership Academy Gilbert North,Gilbert,AZ,85,2025,1294,123,3,Idaho,Boise State,2020,81,WDE,0.81,2503,118,https://247sports.com/player/malakai-williams-46099227/high-school-247724,3,https://247sports.com/player/malakai-williams-46099227/college-326110,
46084604,AJ Johnson,WR,Western,Fort Lauderdale,FL,85,2025,1276,224,3,Gardner-Webb,UAB,2022,87,WR,0.8804,562,79,https://247sports.com/player/aj-johnson-46084604/high-school-269632,3,https://247sports.com/player/aj-johnson-46084604/college-324642,
46082722,Marquis Crosby,RB,Seminary,Seminary,MS,85,2025,1290,88,3,Louisiana Tech,Oregon State,2021,77,RB,0.8115,2215,153,https://247sports.com/player/marquis-crosby-46082722/high-school-233135,2,https://247sports.com/player/marquis-crosby-46082722/college-270819,
46128279,Mike Williams,IOL,C.H. Flowers,Upper Marlboro,MD,85,2025,1284,110,3,Florida,Towson,2024,89,OT,0.8575,1332,104,https://247sports.com/player/mike-williams-46128279/high-school-273365,3,https://247sports.com/player/mike-williams-46128279/college-307004,
46133497,Jaylen Moson,CB,Kennesaw Mountain,Acworth,GA,85,2025,1297,146,3,Furman,Utah,2023,82,CB,0.8204,2054,179,https://247sports.com/player/jaylen-moson-46133497/high-school-280672,3,https://247sports.com/player/jaylen-moson-46133497/college-335471,
46117675,Xavier Slayton,EDGE,Crete-Monee,Crete,IL,85,2025,1299,125,3,Idaho,New Mexico,2022,76,DL,,,,https://247sports.com/player/xavier-slayton-46117675/high-school-267998,2,https://247sports.com/player/xavier-slayton-46117675/college-326098,
46099878,Jonathan Brady,WR,Bishop Gorman,Las Vegas,NV,85,2025,1409,234,3,California,Indiana,2022,80,WR,0.7833,2198,262,https://247sports.com/player/jonathan-brady-46099878/high-school-248692,3,https://247sports.com/player/jonathan-brady-46099878/college-309867,
46145877,Isaiah Alston,WR,Mater Dei,Middletown,NJ,85,2025,1435,237,3,Iowa State,James Madison,2020,,WR,,,,https://247sports.com/player/isaiah-alston-46145877/high-school-306055,,https://247sports.com/player/isaiah-alston-46145877/college-307926,
46101021,Jamario Clements,RB,LaFayette,LaFayette,GA,85,2025,1332,96,3,Duquesne,Wake Forest,2021,79,RB,,,,https://247sports.com/player/jamario-clements-46101021/high-school-250181,2,https://247sports.com/player/jamario-clements-46101021/college-336316,
46103272,DonTerry Russell,EDGE,Provine,Jackson,MS,85,2025,1462,140,3,Mississippi State,Texas State,2022,87,EDGE,0.8804,562,43,https://247sports.com/player/donterry-russell-46103272/high-school-254067,3,https://247sports.com/player/donterry-russell-46103272/college-282649,
46129789,Tim Carpenter,QB,Trotwood-Madison,Dayton,OH,85,2025,1445,100,3,Tulsa,Ohio,2024,88,QB,0.87,918,59,https://247sports.com/player/tim-carpenter-46129789/high-school-275766,3,https://247sports.com/player/tim-carpenter-46129789/college-318727,
46097429,Terrance Love,S,Langston Hughes,Fairburn,GA,85,2025,1305,112,3,Auburn,Colorado,2023,90,S,0.9081,284,26,https://247sports.com/player/terrance-love-46097429/high-school-245316,4,https://247sports.com/player/terrance-love-46097429/college-298247,
46138985,Jay Harper,CB,Valley,Valley,AL,85,2025,1464,170,3,Wisconsin,Louisiana-Monroe,2024,88,CB,0.8769,720,61,https://247sports.com/player/jay-harper-46138985/high-school-291801,3,https://247sports.com/player/jay-harper-46138985/college-317479,
46078795,Aamaris Brown,CB,Armwood,Seffner,FL,84,2025,1482,173,3,South Florida,UNLV,2020,81,S,0.83,1844,142,https://247sports.com/player/aamaris-brown-46078795/high-school-227865,3,https://247sports.com/player/aamaris-brown-46078795/college-286324,
46117508,Jaylen King,QB,Charlton County,Folkston,GA,84,2025,1495,103,3,Gardner-Webb,Florida State,2023,,QB,,,,https://247sports.com/player/jaylen-king-46117508/high-school-267788,,https://247sports.com/player/jaylen-king-46117508/college-336837,
46137323,Mason Vicari,IOL,Christian Brothers,Sacramento,CA,84,2025,1525,128,3,UNLV,Purdue,2024,80,IOL,0.8211,2458,210,https://247sports.com/player/mason-vicari-46137323/high-school-288513,3,https://247sports.com/player/mason-vicari-46137323/college-318948,
46132548,Quentin Murphy,WR,Parkview Magnet,Little Rock,AR,85,2025,1466,242,3,Arkansas,Louisiana-Monroe,2025,87,QB,0.8722,873,49,https://247sports.com/player/quentin-murphy-46132548/high-school-278966,3,https://247sports.com/player/quentin-murphy-46132548/college-328784,
46082569,Donovan Leary,QB,Timber Creek,Sicklerville,NJ,84,2025,1539,109,3,Illinois,Tulane,2022,86,QB,0.8511,1231,76,https://247sports.com/player/donovan-leary-46082569/high-school-232848,3,https://247sports.com/player/donovan-leary-46082569/college-281847,
46057321,Holden Geriner,QB,Benedictine Military School,Savannah,GA,84,2025,1496,104,3,Auburn,Texas State,2022,91,QB,0.906,271,18,https://247sports.com/player/holden-geriner-46057321/high-school-220707,4,https://247sports.com/player/holden-geriner-46057321/college-281141,
46154465,Ty Howard,LB,Villa Angela-St. Joseph,Cleveland,OH,84,2025,1555,111,3,Duquesne,Ohio State,2022,,LB,,,,https://247sports.com/player/ty-howard-46154465/high-school-327138,,https://247sports.com/player/ty-howard-46154465/college-327139,
46083930,Byron Turner Jr.,EDGE,St. Augustine,Port Sulphur,LA,84,2025,1573,149,3,Florida State,Tulsa,2021,89,DL,0.8893,406,51,https://247sports.com/player/byron-turner-jr-46083930/high-school-234632,3,https://247sports.com/player/byron-turner-jr-46083930/college-266723,
46129036,John Bock II,IOL,Cardinal Gibbons,Fort Lauderdale,FL,84,2025,1579,131,3,FIU,Tulane,2022,80,IOL,0.82,1895,118,https://247sports.com/player/john-bock-ii-46129036/high-school-274450,3,https://247sports.com/player/john-bock-ii-46129036/college-286537,
46083192,Maurice Heims,EDGE,Santa Margarita Catholic,Germany,GERM,84,2025,1574,150,3,Washington,Idaho,2021,88,EDGE,0.8719,650,40,https://247sports.com/player/maurice-heims-46083192/high-school-239734,3,https://247sports.com/player/maurice-heims-46083192/college-267471,
46100308,Jayden Gray,EDGE,Eaton,Haslet,TX,84,2025,1582,152,3,Iowa State,Western Kentucky,2021,85,EDGE,0.8433,1384,77,https://247sports.com/player/jayden-gray-46100308/high-school-249227,3,https://247sports.com/player/jayden-gray-46100308/college-299616,
46154093,JaQuan Adams,OT,Sanderson,Raleigh,NC,84,2025,1596,125,3,East Tennessee State,Tulsa,2023,,OT,,,,https://247sports.com/player/jaquan-adams-46154093/junior-college-325921,,https://247sports.com/player/jaquan-adams-46154093/college-325923,
46084078,Trevor Timmons,IOL,Blythewood,Blythewood,SC,84,2025,1581,132,3,Charlotte,UTSA,2021,78,IOL,0.8052,2366,157,https://247sports.com/player/trevor-timmons-46084078/high-school-240802,2,https://247sports.com/player/trevor-timmons-46084078/college-298003,
46085397,Micah Davey,LB,University Lab,Baton Rouge,LA,84,2025,1620,122,3,McNeese,UTEP,2021,,LB,,,,https://247sports.com/player/micah-davey-46085397/high-school-237049,,https://247sports.com/player/micah-davey-46085397/college-325266,
46127789,K'Vion Thunderbird,LB,Kenwood Academy,Chicago,IL,84,2025,1613,118,3,Arizona State,Fresno State,2023,87,LB,0.8642,1006,78,https://247sports.com/player/kvion-thunderbird-46127789/high-school-272552,3,https://247sports.com/player/kvion-thunderbird-46127789/college-300525,
46083830,Nahki Johnson,DL,West Mifflin Area,Homestead,PA,84,2025,1623,176,3,Pittsburgh,Tulsa,2021,92,EDGE,0.9111,252,19,https://247sports.com/player/nahki-johnson-46083830/high-school-234492,4,https://247sports.com/player/nahki-johnson-46083830/college-266883,
46129711,Willy Love,LB,Eastside,Camden,NJ,84,2025,1622,124,3,Monmouth,Temple,2024,85,ATH,0.88,653,45,https://247sports.com/player/willy-love-46129711/high-school-275630,3,https://247sports.com/player/willy-love-46129711/college-326439,
46099639,Vaughn Pemberton,RB,Loyola Academy,Wilmette,IL,84,2025,1625,113,3,Ball State,Boston College,2021,72,RB,0.7785,2649,183,https://247sports.com/player/vaughn-pemberton-46099639/high-school-248374,2,https://247sports.com/player/vaughn-pemberton-46099639/college-271208,
46118432,Jonathan Pennix,CB,Appomattox County,Appomattox,VA,84,2025,1629,185,3,Virginia Tech,Southern Miss,2023,86,ATH,0.85,1396,121,https://247sports.com/player/jonathan-pennix-46118432/high-school-269811,3,https://247sports.com/player/jonathan-pennix-46118432/college-297119,
46140535,Guylijah Theodule,CB,Miami Northwestern,Miami,FL,84,2025,1637,188,3,Marshall,Southern Miss,2024,86,CB,0.8583,1297,127,https://247sports.com/player/guylijah-theodule-46140535/high-school-294294,3,https://247sports.com/player/guylijah-theodule-46140535/college-320503,
46133871,Jonathan Akins,CB,Madison County,Madison,FL,84,2025,1630,186,3,Maryland,East Carolina,2023,87,CB,0.8594,1135,110,https://247sports.com/player/jonathan-akins-46133871/high-school-281303,3,https://247sports.com/player/jonathan-akins-46133871/college-298595,
46130619,Zeke Moore,TE,Roswell,Roswell,GA,84,2025,1632,89,3,Florida Atlantic,Boston College,2023,83,TE,0.827,1933,89,https://247sports.com/player/zeke-moore-46130619/high-school-276423,3,https://247sports.com/player/zeke-moore-46130619/college-301511,
46154302,Louikenzy Jules,CB,Union,Union,NJ,84,2025,1642,191,3,University of Charleston (NA),Marshall,2023,,CB,,,,https://247sports.com/player/louikenzy-jules-46154302/prep-326488,,https://247sports.com/player/louikenzy-jules-46154302/college-326489,
46100710,Da'Veawn Armstead,CB,Baton Rouge Central,Baton Rouge,LA,84,2025,1641,190,3,TCU,North Texas,2021,86,S,0.8622,864,68,https://247sports.com/player/daveawn-armstead-46100710/high-school-249785,3,https://247sports.com/player/daveawn-armstead-46100710/college-326408,
46154241,Kai Rapolla,CB,Rancho Christian,Temecula,CA,84,2025,1640,189,3,Cal Poly,Washington State,2022,,CB,,,,https://247sports.com/player/kai-rapolla-46154241/high-school-326313,,https://247sports.com/player/kai-rapolla-46154241/college-326314,
46083768,Curtis Harris-Lopez,S,Nashua North,Nashua,NH,84,2025,1639,145,3,Holy Cross,James Madison,2021,,CB,,,,https://247sports.com/player/curtis-harris-lopez-46083768/high-school-234417,,https://247sports.com/player/curtis-harris-lopez-46083768/college-325966,
46154316,Kendall Bournes,S,Union,Union,NJ,84,2025,1643,146,3,Concord (NA),UMass,2023,,S,,,,https://247sports.com/player/kendall-bournes-46154316/prep-326530,,https://247sports.com/player/kendall-bournes-46154316/college-326532,
46131734,Frankie Edwards III,CB,St. John Bosco,Bellflower,CA,84,2025,1646,193,3,Weber State,New Mexico,2024,84,CB,0.84,1919,177,https://247sports.com/player/frankie-edwards-iii-46131734/high-school-277892,3,https://247sports.com/player/frankie-edwards-iii-46131734/college-327160,
46076668,Caleb Burton III,WR,Lake Travis,Austin,TX,84,2025,1654,262,3,Auburn,UConn,2022,96,WR,0.9465,132,21,https://247sports.com/player/caleb-burton-iii-46076668/high-school-227222,4,https://247sports.com/player/caleb-burton-iii-46076668/college-296403,
46154430,Angel Johnson,RB,Viborg-Hurley,Viborg,SD,84,2025,1659,118,3,South Dakota State,Washington State,2021,,RB,,,,https://247sports.com/player/angel-johnson-46154430/high-school-326961,,https://247sports.com/player/angel-johnson-46154430/college-326988,
46131415,Trey Cornist,RB,Winton Woods,Cincinnati,OH,84,2025,1657,117,3,Tulane,Central Michigan,2023,88,RB,0.8567,1213,80,https://247sports.com/player/trey-cornist-46131415/high-school-277457,3,https://247sports.com/player/trey-cornist-46131415/college-302031,
46131626,Keith Reynolds,WR,Adelanto,Adelanto,CA,84,2025,1665,266,3,Washington,Miami (OH),2023,86,WR,0.8558,1238,179,https://247sports.com/player/keith-reynolds-46131626/high-school-277760,3,https://247sports.com/player/keith-reynolds-46131626/college-300431,
46134329,Omari Hayes,WR,Venice,Venice,FL,84,2025,1668,269,3,Florida Atlantic,Tulane,2022,,WR,,,,https://247sports.com/player/omari-hayes-46134329/high-school-282099,,https://247sports.com/player/omari-hayes-46134329/college-286518,
46101140,CJ Smith,WR,Mt. Dora,Orlando,FL,84,2025,1658,263,3,Georgia,Memphis,2022,88,WR,0.9135,231,34,https://247sports.com/player/cj-smith-46101140/high-school-250351,3,https://247sports.com/player/cj-smith-46101140/college-311321,
46054420,Daejon Reynolds,WR,Grayson,Loganville,GA,84,2025,1669,270,3,Pittsburgh,UNLV,2021,88,WR,0.903,293,44,https://247sports.com/player/daejon-reynolds-46054420/high-school-247146,3,https://247sports.com/player/daejon-reynolds-46054420/college-297273,
46086125,Darion Williamson,WR,Haywood,Brownsville,TN,84,2025,1671,272,3,Florida State,Miami (OH),2020,88,ATH,0.8689,708,41,https://247sports.com/player/darion-williamson-46086125/high-school-238418,3,https://247sports.com/player/darion-williamson-46086125/college-253052,
46147281,Jerrian Parker Jr.,RB,Jones,Orlando,FL,84,2025,1684,121,3,Southern Illinois,Sam Houston,2024,84,RB,0.84,1919,142,https://247sports.com/player/jerrian-parker-jr-46147281/high-school-308932,3,https://247sports.com/player/jerrian-parker-jr-46147281/college-330177,
46141960,Kelby Williams,WR,Manvel,Manvel,TX,84,2025,1681,278,3,Old Dominion,Western Kentucky,2023,,WR,,,,https://247sports.com/player/kelby-williams-46141960/junior-college-297179,,https://247sports.com/player/kelby-williams-46141960/college-320965,
46102057,Jahlil McClain,WR,St. John Bosco,Bellflower,CA,84,2025,1676,275,3,Louisville,Fresno State,2023,89,WR,0.8803,599,88,https://247sports.com/player/jahlil-mcclain-46102057/high-school-251775,3,https://247sports.com/player/jahlil-mcclain-46102057/college-297412,
46103748,Travis Burke,OT,South Broward,Hollywood,FL,84,2025,1689,132,3,Gardner-Webb,Memphis,2021,80,OT,,,,https://247sports.com/player/travis-burke-46103748/high-school-254938,3,https://247sports.com/player/travis-burke-46103748/college-325218,
46129781,Elijah Hughes,DL,Washington-Liberty,Arlington,VA,84,2025,1692,177,3,USC,Notre Dame,2023,88,DL,0.8667,920,103,https://247sports.com/player/elijah-hughes-46129781/high-school-275755,3,https://247sports.com/player/elijah-hughes-46129781/college-298527,
46093809,Tay Lanier,WR,Long Beach Poly,Long Beach,CA,84,2025,1695,281,3,New Mexico,Colorado State,2021,85,ATH,0.8456,1325,100,https://247sports.com/player/tay-lanier-46093809/high-school-242103,3,https://247sports.com/player/tay-lanier-46093809/college-331438,
46136641,Devron Williams Jr.,IOL,Aledo,Aledo,TX,84,2025,1704,141,3,Louisiana,UTSA,2024,85,IOL,0.8453,1769,141,https://247sports.com/player/devron-williams-jr-46136641/high-school-286977,3,https://247sports.com/player/devron-williams-jr-46136641/college-312625,
46129358,Connor Meadows,IOL,Peabody,Trenton,TN,84,2025,1708,145,3,Tennessee,UCF,2022,,OT,,,,https://247sports.com/player/connor-meadows-46129358/high-school-274913,,https://247sports.com/player/connor-meadows-46129358/college-314251,
46133997,Jayden Hobson,OT,Hillcrest,Tuscaloosa,AL,84,2025,1709,134,3,Mississippi State,Alabama,2023,86,OT,0.8403,1678,132,https://247sports.com/player/jayden-hobson-46133997/high-school-281482,3,https://247sports.com/player/jayden-hobson-46133997/college-319962,
46156061,Jake Timm,IOL,Our Lady of Lourdes,Poughkeepsie,NY,84,2025,1706,143,3,LIU,Buffalo,2020,,IOL,,,,https://247sports.com/player/jake-timm-46156061/high-school-330430,,https://247sports.com/player/jake-timm-46156061/college-330431,
46082449,Demarcus Hendricks,EDGE,Wagner,San Antonio,TX,84,2025,1720,159,3,Texas A&amp;M-Kingsville,Arkansas State,2020,85,EDGE,0.85,1200,79,https://247sports.com/player/demarcus-hendricks-46082449/high-school-232701,3,https://247sports.com/player/demarcus-hendricks-46082449/college-325001,
46113331,Jamond Mathis,EDGE,Duchesne,St. Charles,MO,84,2025,1721,160,3,Southern Illinois,Kent State,2023,82,EDGE,0.825,1981,162,https://247sports.com/player/jamond-mathis-46113331/high-school-261458,3,https://247sports.com/player/jamond-mathis-46113331/college-326487,
46116928,Savion Riley,S,Kennesaw Mountain,Acworth,GA,84,2025,1735,149,3,Colorado,Georgia Tech,2022,85,ATH,0.85,1254,92,https://247sports.com/player/savion-riley-46116928/high-school-266793,3,https://247sports.com/player/savion-riley-46116928/college-319494,
46086007,Elijah Davis,EDGE,Wagener-Salley,Wagener,SC,84,2025,1729,166,3,South Carolina,Troy,2023,,DL,,,,https://247sports.com/player/elijah-davis-46086007/junior-college-275375,,https://247sports.com/player/elijah-davis-46086007/college-290939,
46058114,Landon Morris,TE,Fishers,Indianapolis,IN,84,2025,1726,98,3,Temple,California,2021,83,TE,0.8389,1491,78,https://247sports.com/player/landon-morris-46058114/high-school-253546,3,https://247sports.com/player/landon-morris-46058114/college-292036,
46133288,Jaylin Jones,EDGE,West Brook,Beaumont,TX,84,2025,1740,171,3,UTEP,Baylor,2024,86,EDGE,0.8706,899,60,https://247sports.com/player/jaylin-jones-46133288/high-school-280080,3,https://247sports.com/player/jaylin-jones-46133288/college-319303,
46130390,Jaden Ball,IOL,Bloom-Carroll,Carroll,OH,84,2025,1749,149,3,Purdue,Minnesota,2024,86,IOL,0.8673,1007,80,https://247sports.com/player/jaden-ball-46130390/high-school-276088,3,https://247sports.com/player/jaden-ball-46130390/college-311317,
46059568,Joshua Singh,DL,Orem,Orem,UT,84,2025,1754,180,3,BYU,Vanderbilt,2021,78,DL,,,,https://247sports.com/player/joshua-singh-46059568/high-school-226944,2,https://247sports.com/player/joshua-singh-46059568/college-336686,
46103545,Keanu Mailoto,DL,Auburn Mountainview,Auburn,WA,84,2025,1758,183,3,Arizona,Boise State,2023,,DL,,,,https://247sports.com/player/keanu-mailoto-46103545/junior-college-289705,,https://247sports.com/player/keanu-mailoto-46103545/college-300569,
46101471,Kaian Roberts-Day,DL,Festus,Festus,MO,84,2025,1757,182,3,Baylor,UTSA,2022,93,EDGE,0.9047,275,25,https://247sports.com/player/kaian-roberts-day-46101471/high-school-251038,4,https://247sports.com/player/kaian-roberts-day-46101471/college-281984,
46138478,Michael Nwokocha,DL,Lake Highlands,Dallas,TX,84,2025,1760,185,3,Syracuse,Texas State,2024,,DL,,,,https://247sports.com/player/michael-nwokocha-46138478/junior-college-290962,,https://247sports.com/player/michael-nwokocha-46138478/college-312046,
46154508,Brayden Wilson,EDGE,Farmington,Farmington,UT,84,2025,1775,172,3,Weber State,Wyoming,2020,,EDGE,,,,https://247sports.com/player/brayden-wilson-46154508/high-school-327297,,https://247sports.com/player/brayden-wilson-46154508/college-327298,
46059311,Avante Dickerson,CB,Omaha Westside,Omaha,NE,84,2025,1769,202,3,Utah State,Arkansas State,2021,94,CB,0.9442,122,8,https://247sports.com/player/avante-dickerson-46059311/high-school-226316,4,https://247sports.com/player/avante-dickerson-46059311/college-331538,
46110705,Matthew Caldwell,QB,Auburn,Auburn,AL,84,2025,1772,122,3,Troy,Texas,2021,,QB,,,,https://247sports.com/player/matthew-caldwell-46110705/high-school-259475,,https://247sports.com/player/matthew-caldwell-46110705/college-336551,
46131152,Donovan Haslam,IOL,Perry,Perry,GA,84,2025,1771,152,3,Austin Peay,West Virginia,2022,,IOL,,,,https://247sports.com/player/donovan-haslam-46131152/high-school-277159,,https://247sports.com/player/donovan-haslam-46131152/college-336343,
46131241,Ray Coney,LB,Fairfield,Fairfield,OH,84,2025,1779,136,3,East Tennessee State,Tulsa,2023,79,LB,0.82,2075,186,https://247sports.com/player/ray-coney-46131241/high-school-277259,2,https://247sports.com/player/ray-coney-46131241/college-331081,
46116651,Sam West,TE,Greensburg Community,Greensburg,IN,84,2025,1780,101,3,Indiana,Mississippi State,2023,87,TE,0.8739,752,35,https://247sports.com/player/sam-west-46116651/high-school-266366,3,https://247sports.com/player/sam-west-46116651/college-290579,
46156609,Jordon Thomas,CB,Grayson,Loganville,GA,84,2025,1787,206,3,Wingate,Western Michigan,2021,,CB,,,,https://247sports.com/player/jordon-thomas-46156609/high-school-331706,,https://247sports.com/player/jordon-thomas-46156609/college-331708,
46117828,Khamari Terrell,CB,Shoemaker,Killeen,TX,84,2025,1784,203,3,Oregon,Texas State,2022,91,CB,0.8937,380,39,https://247sports.com/player/khamari-terrell-46117828/high-school-268251,4,https://247sports.com/player/khamari-terrell-46117828/college-284796,
46094756,Eni Falayi,TE,Williston Northampton School,Peabody,MA,84,2025,1792,104,3,UMass,Wake Forest,2021,80,TE,0.8,2441,308,https://247sports.com/player/eni-falayi-46094756/high-school-243446,3,https://247sports.com/player/eni-falayi-46094756/college-337548,
46108900,Juwon Gaston,S,Carver,Montgomery,AL,84,2025,1795,156,3,Houston,Middle Tennessee,2023,,S,,,,https://247sports.com/player/juwon-gaston-46108900/junior-college-289723,,https://247sports.com/player/juwon-gaston-46108900/college-300820,
46153546,Boogie Trotter,S,Pearl-Cohn,Nashville,TN,84,2025,1798,159,3,Tennessee State,Marshall,2022,,CB,,,,https://247sports.com/player/boogie-trotter-46153546/prep-324673,,https://247sports.com/player/boogie-trotter-46153546/college-324674,
46058753,Kamari Wilson,S,IMG Academy,Fort Pierce,FL,84,2025,1796,157,3,Arizona State,Memphis,2022,96,S,0.9807,44,3,https://247sports.com/player/kamari-wilson-46058753/high-school-252652,4,https://247sports.com/player/kamari-wilson-46058753/college-319402,
46155936,Solo Barnes,S,Olympic,Charlotte,NC,84,2025,1799,160,3,Fayetteville State (NA),UTEP,2022,,S,,,,https://247sports.com/player/solo-barnes-46155936/high-school-330119,,https://247sports.com/player/solo-barnes-46155936/college-330120,
46157936,Cameren Smith,RB,Concord,Wilmington,DE,84,2025,1810,132,3,Western Illinois,Charlotte,2021,,RB,,,,https://247sports.com/player/cameren-smith-46157936/high-school-336500,,https://247sports.com/player/cameren-smith-46157936/college-336502,
46131280,Eli Aragon,WR,Oxnard Union,Oxnard,CA,84,2025,1815,294,3,Western Illinois,Coastal Carolina,2024,,WR,,,,https://247sports.com/player/eli-aragon-46131280/junior-college-321225,,https://247sports.com/player/eli-aragon-46131280/college-337503,
46055178,Malik Berry,EDGE,Lawrence Free State,Lawrence,KS,84,2025,1801,174,3,Pittsburg State,Appalachian State,2023,,LB,,,,https://247sports.com/player/malik-berry-46055178/junior-college-279844,,https://247sports.com/player/malik-berry-46055178/college-316176,
46133155,Cameron Monteiro,WR,Brockton,Brockton,MA,84,2025,1809,293,3,Pittsburgh,Akron,2024,87,WR,0.8706,899,122,https://247sports.com/player/cameron-monteiro-46133155/high-school-279854,3,https://247sports.com/player/cameron-monteiro-46133155/college-311110,
46101985,Aaron Hester,EDGE,Duncan U. Fletcher,Neptune Beach,FL,84,2025,1820,177,3,Florida State,Liberty,2022,88,EDGE,0.8859,464,39,https://247sports.com/player/aaron-hester-46101985/high-school-251693,3,https://247sports.com/player/aaron-hester-46101985/college-274880,
46118687,Josiah Cox,S,Lincoln,San Diego,CA,84,2025,1822,163,3,Arizona State,San Diego State,2023,89,S,0.8642,1006,88,https://247sports.com/player/josiah-cox-46118687/high-school-270431,3,https://247sports.com/player/josiah-cox-46118687/college-310477,
46139410,Austin Clay,WR,Midpark,Cleveland,OH,84,2025,1823,295,3,Michigan State,Bowling Green,2024,87,WR,0.8561,1388,181,https://247sports.com/player/austin-clay-46139410/high-school-292532,3,https://247sports.com/player/austin-clay-46139410/college-318451,
46139884,Jiquavious Marshall,CB,Westside,Macon,GA,84,2025,1829,210,3,Kentucky,Liberty,2024,87,ATH,0.8811,631,41,https://247sports.com/player/jiquavious-marshall-46139884/high-school-293097,3,https://247sports.com/player/jiquavious-marshall-46139884/college-307218,
46115616,Ahmere Foster,S,Columbus,Miami,FL,84,2025,1825,164,3,Marshall,Southern Miss,2023,85,S,0.85,1396,129,https://247sports.com/player/ahmere-foster-46115616/high-school-264427,3,https://247sports.com/player/ahmere-foster-46115616/college-320485,
46103440,Caleb Irving,DL,Parish Episcopal School,Dallas,TX,84,2025,1824,191,3,Purdue,Charlotte,2024,86,DL,0.8719,866,99,https://247sports.com/player/caleb-irving-46103440/high-school-254334,3,https://247sports.com/player/caleb-irving-46103440/college-318515,
46097155,Trenton Scott,OT,Luling,Luling,TX,84,2025,1832,137,3,Texas State,Nevada,2020,78,OT,0.8067,2666,213,https://247sports.com/player/trenton-scott-46097155/high-school-245034,2,https://247sports.com/player/trenton-scott-46097155/college-257017,
46142246,Isaiah Collins,CB,Huntsville,Huntsville,TX,84,2025,1839,212,3,Texas Tech,North Texas,2024,88,CB,0.8658,1053,92,https://247sports.com/player/isaiah-collins-46142246/high-school-297884,3,https://247sports.com/player/isaiah-collins-46142246/college-311145,
46150924,George Okorie,EDGE,A.D.R.A.O International School,Nigeria,NIGE,84,2025,1844,179,3,Vanderbilt,Ball State,2025,87,EDGE,0.8525,1655,131,https://247sports.com/player/george-okorie-46150924/high-school-316786,3,https://247sports.com/player/george-okorie-46150924/college-327364,
46110150,Nakian Jackson,LB,Edison,Stockton,CA,84,2025,1847,140,3,Sacramento State,Nevada,2022,80,RB,,,,https://247sports.com/player/nakian-jackson-46110150/high-school-258298,3,https://247sports.com/player/nakian-jackson-46110150/college-337119,
46103738,James Schott,EDGE,Center Grove,Greenwood,IN,84,2025,1834,178,3,Michigan State,Miami (OH),2022,87,EDGE,0.8641,899,55,https://247sports.com/player/james-schott-46103738/high-school-254927,3,https://247sports.com/player/james-schott-46103738/college-284817,
46081467,Byron Cardwell Jr.,RB,Morse,San Diego,CA,84,2025,1836,133,3,Oregon,San Diego State,2021,92,RB,0.9226,193,12,https://247sports.com/player/byron-cardwell-jr-46081467/high-school-231454,4,https://247sports.com/player/byron-cardwell-jr-46081467/college-296600,
46101297,Amorion Walker,WR,Ponchatoula,Ponchatoula,LA,84,2025,1841,297,3,Michigan,Middle Tennessee,2022,87,WR,0.8826,522,72,https://247sports.com/player/amorion-walker-46101297/high-school-250550,3,https://247sports.com/player/amorion-walker-46101297/college-321446,
46139802,Arrion Concepcion,WR,Chambers,Charlotte,NC,84,2025,1849,298,3,Kansas State,James Madison,2025,86,WR,0.8508,1711,233,https://247sports.com/player/arrion-concepcion-46139802/high-school-293001,3,https://247sports.com/player/arrion-concepcion-46139802/college-337927,
46133533,Elijah Kinsler,DL,Bergen Catholic,Oradell,NJ,84,2025,1851,194,3,West Virginia,Southern Miss,2024,85,EDGE,0.8558,1391,145,https://247sports.com/player/elijah-kinsler-46133533/high-school-280731,3,https://247sports.com/player/elijah-kinsler-46133533/college-307078,
46078913,Joah Cash,EDGE,Jenkins,Savannah,GA,84,2025,1859,181,3,Coastal Carolina,Tulsa,2020,80,WDE,0.8167,2294,111,https://247sports.com/player/joah-cash-46078913/high-school-228013,3,https://247sports.com/player/joah-cash-46078913/college-271829,
46138650,Matt Ogunniyi,TE,C.H. Flowers,Upper Marlboro,MD,84,2025,1853,107,3,Rutgers,UMass,2024,86,TE,0.8675,1002,52,https://247sports.com/player/matt-ogunniyi-46138650/high-school-291240,3,https://247sports.com/player/matt-ogunniyi-46138650/college-308065,
46058312,Colin Chase,WR,St. John Bosco,Bellflower,CA,84,2025,1858,300,3,St. Thomas (NA),Temple,2022,79,WR,,,,https://247sports.com/player/colin-chase-46058312/high-school-271954,2,https://247sports.com/player/colin-chase-46058312/college-336279,
46153706,Kollin Collier,S,Briarcrest Christian,Memphis,TN,84,2025,1856,169,3,TCU,Old Dominion,2025,,S,,,,https://247sports.com/player/kollin-collier-46153706/junior-college-324929,,https://247sports.com/player/kollin-collier-46153706/college-332379,
46117359,Ty Mims,WR,Baldwin County,Bay Minette,AL,84,2025,1862,301,3,Southern Miss,Texas State,2022,80,WR,0.8096,2028,243,https://247sports.com/player/ty-mims-46117359/high-school-267600,3,https://247sports.com/player/ty-mims-46117359/college-336233,
46118194,Jaydon Wright,RB,Bishop McNamara,Kankakee,IL,84,2025,1864,137,3,Minnesota,Louisiana-Monroe,2024,87,RB,0.8525,1513,113,https://247sports.com/player/jaydon-wright-46118194/high-school-269026,3,https://247sports.com/player/jaydon-wright-46118194/college-307954,
46138266,Rickey Williams,LB,Archbishop Hoban,Akron,OH,84,2025,1865,142,3,West Virginia,Toledo,2024,88,LB,0.8739,801,67,https://247sports.com/player/rickey-williams-46138266/high-school-290370,3,https://247sports.com/player/rickey-williams-46138266/college-316483,
46159048,Adrian Gumm,IOL,Maryville,Maryville,TN,84,2025,1871,159,3,Tusculum,Jacksonville State,2022,,IOL,,,,https://247sports.com/player/adrian-gumm-46159048/high-school-338313,,https://247sports.com/player/adrian-gumm-46159048/college-338314,
46141542,Romando Johnson,EDGE,Monarch,Pompano Beach,FL,84,2025,1869,182,3,West Virginia,UMass,2025,86,EDGE,0.8736,829,70,https://247sports.com/player/romando-johnson-46141542/high-school-296462,3,https://247sports.com/player/romando-johnson-46141542/college-328749,
46131275,Jason Mitchell,S,St. John Bosco,Bellflower,CA,84,2025,1868,171,3,San Diego State,Western Michigan,2024,88,S,0.8853,549,49,https://247sports.com/player/jason-mitchell-46131275/high-school-291487,3,https://247sports.com/player/jason-mitchell-46131275/college-318919,
46081778,Nigel Williams,CB,Collegiate School,Richmond,VA,84,2025,1875,214,3,Northwestern,Louisville,2020,83,CB,0.8411,1487,128,https://247sports.com/player/nigel-williams-46081778/high-school-231847,3,https://247sports.com/player/nigel-williams-46081778/college-318906,
46097762,Isaiah Rogers,DL,Academy Park,Sharon Hill,PA,84,2025,1878,197,3,Central Michigan,Cincinnati,2021,82,DL,0.8281,1798,206,https://247sports.com/player/isaiah-rogers-46097762/high-school-245797,3,https://247sports.com/player/isaiah-rogers-46097762/college-340346,
46153726,Ryder Langsdale,OT,Ridgewood,Glen Rock,NJ,83,2025,1886,139,3,Lafayette,Rutgers,2021,,OT,,,,https://247sports.com/player/ryder-langsdale-46153726/high-school-324990,,https://247sports.com/player/ryder-langsdale-46153726/college-324991,
46112772,Jacob Holmes,DL,Chandler,Chandler,AZ,83,2025,1892,198,3,Fresno State,Virginia,2022,86,DL,0.8533,1161,146,https://247sports.com/player/jacob-holmes-46112772/high-school-260436,3,https://247sports.com/player/jacob-holmes-46112772/college-287925,
46154062,Blake Gotcher,LB,Frisco Lone Star,Frisco,TX,83,2025,1897,146,3,Lamar,Arizona,2021,,LB,,,,https://247sports.com/player/blake-gotcher-46154062/high-school-325841,,https://247sports.com/player/blake-gotcher-46154062/college-325843,
46113533,Max Alford,LB,Park City,Park City,UT,83,2025,1904,148,3,Utah State,BYU,2022,79,RB,0.813,1979,145,https://247sports.com/player/max-alford-46113533/high-school-261734,2,https://247sports.com/player/max-alford-46113533/college-288081,
46128243,Dallas Afalava,DL,Rainier Beach,Seattle,WA,83,2025,1899,200,3,Idaho,Wake Forest,2023,80,DL,,,,https://247sports.com/player/dallas-afalava-46128243/high-school-273302,3,https://247sports.com/player/dallas-afalava-46128243/college-326009,
46054819,Noah Kim,QB,Westfield,Chantilly,VA,83,2025,1909,132,3,Coastal Carolina,Eastern Michigan,2020,82,PRO,0.8496,1245,44,https://247sports.com/player/noah-kim-46054819/high-school-216282,3,https://247sports.com/player/noah-kim-46054819/college-319811,
46116312,Javonte Vereen,TE,Havelock,Havelock,NC,83,2025,1916,113,3,NC State,UConn,2023,89,TE,0.897,368,19,https://247sports.com/player/javonte-vereen-46116312/high-school-265853,3,https://247sports.com/player/javonte-vereen-46116312/college-292232,
46136611,Jackson Harris,WR,Berkeley,Berkeley,CA,83,2025,1917,309,3,Stanford,Hawaii,2023,87,ATH,0.8764,694,48,https://247sports.com/player/jackson-harris-46136611/high-school-286945,3,https://247sports.com/player/jackson-harris-46136611/college-300693,
46128868,Ty Stamey,TE,Klein Collins,Spring,TX,83,2025,1919,114,3,Louisiana,Texas State,2023,82,TE,0.825,1981,93,https://247sports.com/player/ty-stamey-46128868/high-school-274172,3,https://247sports.com/player/ty-stamey-46128868/college-320923,
46084554,Terrence Moore,IOL,Washington,Massillon,OH,83,2025,1927,162,3,Pittsburgh,Toledo,2021,86,OT,0.8726,635,52,https://247sports.com/player/terrence-moore-46084554/high-school-235694,3,https://247sports.com/player/terrence-moore-46084554/college-266885,
46110263,Darren Agu,EDGE,Rabun Gap-Nacoochee,London,EN,83,2025,1933,185,3,Vanderbilt,New Mexico,2022,88,EDGE,0.8837,502,41,https://247sports.com/player/darren-agu-46110263/high-school-258453,3,https://247sports.com/player/darren-agu-46110263/college-282298,
46049924,Ben Christman,OT,Revere,Richfield,OH,83,2025,1939,142,3,Ohio State,UNLV,2021,91,IOL,0.9437,124,7,https://247sports.com/player/ben-christman-46049924/high-school-208900,4,https://247sports.com/player/ben-christman-46049924/college-301001,
46154110,Cooper Frazier,IOL,Corinth,Corinth,MS,83,2025,1946,167,3,Samford,Southern Miss,2020,,IOL,,,,https://247sports.com/player/cooper-frazier-46154110/high-school-325984,,https://247sports.com/player/cooper-frazier-46154110/college-325985,
46135077,Will Smith,EDGE,Choctaw,Choctaw,OK,83,2025,1942,188,3,Tulsa,North Texas,2024,88,EDGE,0.8656,1064,73,https://247sports.com/player/will-smith-46135077/high-school-283356,3,https://247sports.com/player/will-smith-46135077/college-318739,
46154220,Aloali'i Maui,IOL,Tafuna,Pago Pago,AS,83,2025,1949,170,3,Utah State,Southern Miss,2023,,IOL,,,,https://247sports.com/player/aloalii-maui-46154220/junior-college-326257,,https://247sports.com/player/aloalii-maui-46154220/college-326258,
46115699,Jordan Sanders,DL,Torrance,Torrance,CA,83,2025,1951,208,3,Cal Poly,Texas State,2022,78,DL,,,,https://247sports.com/player/jordan-sanders-46115699/high-school-264568,2,https://247sports.com/player/jordan-sanders-46115699/college-326765,
46098622,Joshua Rudolph,LB,Park Crossing,Montgomery,AL,83,2025,1953,149,3,Austin Peay,UTEP,2021,85,LB,0.8417,1418,158,https://247sports.com/player/joshua-rudolph-46098622/high-school-247113,3,https://247sports.com/player/joshua-rudolph-46098622/college-290699,
46117188,Chantz Johnson,LB,College Station,College Station,TX,83,2025,1955,151,3,Texas A&amp;M,Texas State,2023,87,LB,0.8675,897,71,https://247sports.com/player/chantz-johnson-46117188/high-school-267341,3,https://247sports.com/player/chantz-johnson-46117188/college-297337,
46097807,Pierce Clarkson,QB,St. John Bosco,Bellflower,CA,83,2025,1958,133,3,Louisville,UCLA,2023,90,QB,0.8983,351,23,https://247sports.com/player/pierce-clarkson-46097807/high-school-245859,4,https://247sports.com/player/pierce-clarkson-46097807/college-332479,
46137139,Caleb Dozier,LB,Headland,Headland,AL,83,2025,1961,155,3,Georgia Tech,South Alabama,2024,86,LB,0.8625,1150,97,https://247sports.com/player/caleb-dozier-46137139/high-school-288024,3,https://247sports.com/player/caleb-dozier-46137139/college-316551,
46154307,Marco Patierno,LB,Heritage,Wake Forest,NC,83,2025,1966,159,3,Elon,Eastern Michigan,2022,,LB,,,,https://247sports.com/player/marco-patierno-46154307/high-school-326508,,https://247sports.com/player/marco-patierno-46154307/college-326509,
46115578,Dallas Winner-Johnson,LB,Cardinal Ritter College Prep,St. Louis,MO,83,2025,1967,160,3,Missouri State,Tulane,2023,78,WR,,,,https://247sports.com/player/dallas-winner-johnson-46115578/high-school-264361,2,https://247sports.com/player/dallas-winner-johnson-46115578/college-327085,
46135968,Jordan Onovughe,WR,Mater Dei,Santa Ana,CA,83,2025,1969,314,3,Colorado,Stanford,2023,86,WR,0.8617,1077,153,https://247sports.com/player/jordan-onovughe-46135968/high-school-285094,3,https://247sports.com/player/jordan-onovughe-46135968/college-299203,
46085810,Semaj Cross,S,Central Catholic,Toledo,OH,83,2025,1983,181,3,Lafayette,Kent State,2020,,CB,,,,https://247sports.com/player/semaj-cross-46085810/high-school-237864,,https://247sports.com/player/semaj-cross-46085810/college-326485,
46134936,Malik Willis,CB,Inlet Grove,Riviera Beach,FL,83,2025,1984,224,3,Campbell,Texas State,2023,81,CB,,,,https://247sports.com/player/malik-willis-46134936/high-school-283112,3,https://247sports.com/player/malik-willis-46134936/college-326755,
46154396,Cale Reeder,S,Yorkville,Yorkville,IL,83,2025,1986,182,3,South Dakota State,Washington State,2020,,S,,,,https://247sports.com/player/cale-reeder-46154396/high-school-326829,,https://247sports.com/player/cale-reeder-46154396/college-327179,
46142803,Moses Gray,RB,St. Augustine,New Orleans,LA,83,2025,1998,147,3,Marshall,Southern Miss,2024,84,RB,0.8337,2130,155,https://247sports.com/player/moses-gray-46142803/high-school-298800,3,https://247sports.com/player/moses-gray-46142803/college-331981,
46053786,Elijah Green,RB,Blessed Trinity Catholic,Roswell,GA,83,2025,1994,146,3,Indiana,Sam Houston,2020,83,RB,0.8648,822,53,https://247sports.com/player/elijah-green-46053786/high-school-214665,3,https://247sports.com/player/elijah-green-46053786/college-306900,
46102754,Rickey Hunt Jr.,RB,Millwood,Oklahoma City,OK,83,2025,1999,148,3,Ohio,Middle Tennessee,2023,86,RB,0.8559,1235,81,https://247sports.com/player/rickey-hunt-jr-46102754/high-school-253179,3,https://247sports.com/player/rickey-hunt-jr-46102754/college-336731,
46152592,Shane Porter,RB,Clear Brook,Friendswood,TX,83,2025,2000,149,3,Kansas State,Sam Houston,2020,,RB,,,,https://247sports.com/player/shane-porter-46152592/high-school-322350,,https://247sports.com/player/shane-porter-46152592/college-322352,
46130743,Maxwell Woods,RB,Chanhassen,Chanhassen,MN,83,2025,2002,150,3,South Dakota State,Washington State,2024,81,RB,0.81,2705,183,https://247sports.com/player/maxwell-woods-46130743/high-school-276634,3,https://247sports.com/player/maxwell-woods-46130743/college-327252,
46114745,Evan Dickens,RB,IMG Academy,Bradenton,FL,83,2025,2005,152,3,Georgia Tech,Liberty,2023,84,RB,0.8539,1297,88,https://247sports.com/player/evan-dickens-46114745/high-school-287840,3,https://247sports.com/player/evan-dickens-46114745/college-291346,
46036383,Shaadie Clayton-Johnson,RB,Warren Easton,New Orleans,LA,83,2025,2004,151,3,Tulane,North Texas,2020,92,RB,0.928,173,17,https://247sports.com/player/shaadie-clayton-johnson-46036383/high-school-186107,4,https://247sports.com/player/shaadie-clayton-johnson-46036383/college-302040,
46127791,Lloyd Avant,RB,Summer Creek,Humble,TX,83,2025,2007,154,3,Tulsa,Colorado State,2024,86,RB,0.8536,1483,111,https://247sports.com/player/lloyd-avant-46127791/high-school-272554,3,https://247sports.com/player/lloyd-avant-46127791/college-318726,
46154509,Eric Richardson,WR,Waynesville,Waynesville,MO,83,2025,2012,318,3,Northwest Missouri State,Wyoming,2022,,WR,,,,https://247sports.com/player/eric-richardson-46154509/high-school-327299,,https://247sports.com/player/eric-richardson-46154509/college-327300,
46048615,Jadon Thompson,WR,Naperville Central,Chicago,IL,83,2025,2010,316,3,Louisville,Memphis,2020,89,WR,0.8967,347,60,https://247sports.com/player/jadon-thompson-46048615/high-school-205373,3,https://247sports.com/player/jadon-thompson-46048615/college-290674,
46078891,Simeon Evans,WR,Mansfield Timberview,Mansfield,TX,83,2025,2011,317,3,Army,North Texas,2021,79,QB,0.8006,2419,155,https://247sports.com/player/simeon-evans-46078891/high-school-227988,2,https://247sports.com/player/simeon-evans-46078891/college-321058,
46080226,Trevon Howard,S,IMG Academy,Saint Paul,MN,83,2025,2016,188,3,Iowa State,Arkansas State,2022,88,S,0.8793,578,49,https://247sports.com/player/trevon-howard-46080226/high-school-229689,3,https://247sports.com/player/trevon-howard-46080226/college-280262,
46140042,Shemar Kirk,WR,McGavock,Nashville,TN,83,2025,2020,322,3,Miami,Austin Peay,2023,,WR,,,,https://247sports.com/player/shemar-kirk-46140042/junior-college-293344,,https://247sports.com/player/shemar-kirk-46140042/college-331937,
46053702,Brandon Buckhaulter,WR,Hartfield Academy,Flowood,MS,83,2025,2023,325,3,Western Kentucky,Louisiana-Monroe,2021,88,WR,0.8785,535,84,https://247sports.com/player/brandon-buckhaulter-46053702/high-school-237759,3,https://247sports.com/player/brandon-buckhaulter-46053702/college-332998,
46137330,Tim Grear Jr.,WR,John Ehret,Marrero,LA,83,2025,2028,330,3,Fresno State,Akron,2023,,WR,,,,https://247sports.com/player/tim-grear-jr-46137330/junior-college-288522,,https://247sports.com/player/tim-grear-jr-46137330/college-300666,
46080708,Aramoni Rhone,WR,Plant City,Orlando,FL,83,2025,2029,331,3,Arkansas-Pine Bluff,UTEP,2021,84,WR,0.8478,1250,177,https://247sports.com/player/aramoni-rhone-46080708/high-school-230438,3,https://247sports.com/player/aramoni-rhone-46080708/college-330154,
46154160,Javis Mynatt,S,Knoxville Catholic,Knoxville,TN,83,2025,1980,179,3,Wofford,Texas State,2023,,CB,,,,https://247sports.com/player/javis-mynatt-46154160/high-school-326137,,https://247sports.com/player/javis-mynatt-46154160/college-326138,
46146118,Nana Burris,WR,Byrnes,Duncan,SC,83,2025,2032,334,3,FIU,Arkansas State,2021,,WR,,,,https://247sports.com/player/nana-burris-46146118/high-school-306539,,https://247sports.com/player/nana-burris-46146118/college-311737,
46085549,Nick DeGennaro,WR,Hun School,Princeton,NJ,83,2025,2033,335,3,Richmond,James Madison,2020,84,WR,0.8422,1448,205,https://247sports.com/player/nick-degennaro-46085549/high-school-237327,3,https://247sports.com/player/nick-degennaro-46085549/college-330114,
46058511,Dylan Goffney,WR,Bridgeland,Cypress,TX,83,2025,2040,342,3,Colorado State,SMU,2021,87,WR,0.8804,511,76,https://247sports.com/player/dylan-goffney-46058511/high-school-224896,3,https://247sports.com/player/dylan-goffney-46058511/college-299815,
46052391,Caleb Coombs,WR,St. John's College,Washington,DC,83,2025,2045,347,3,Florida Atlantic,Jacksonville State,2021,86,WR,0.88,520,79,https://247sports.com/player/caleb-coombs-46052391/high-school-232814,3,https://247sports.com/player/caleb-coombs-46052391/college-310079,
46158032,Akim Lanieux,WR,Plaquemine,Plaquemine,LA,83,2025,2043,345,3,Northern Illinois,Arizona State,2025,,WR,,,,https://247sports.com/player/akim-lanieux-46158032/junior-college-336757,,https://247sports.com/player/akim-lanieux-46158032/college-336758,
46056861,Tar'Varish Dawson,WR,Lehigh Senior,Lehigh Acres,FL,83,2025,2042,344,3,Jacksonville State,FIU,2021,91,CB,0.8959,351,22,https://247sports.com/player/tarvarish-dawson-46056861/high-school-219653,4,https://247sports.com/player/tarvarish-dawson-46056861/college-319093,
46138481,Duane Thomas Jr.,WR,Chaminade-Madonna,Hollywood,FL,83,2025,2046,348,3,Charlotte,UCF,2023,84,WR,0.8256,1966,275,https://247sports.com/player/duane-thomas-jr-46138481/high-school-290979,3,https://247sports.com/player/duane-thomas-jr-46138481/college-318207,
46158348,Tyrese Hunt-Thompson,WR,Cassopolis,Cassopolis,MI,83,2025,2050,352,3,Ferris State,North Texas,2019,,WR,,,,https://247sports.com/player/tyrese-hunt-thompson-46158348/high-school-337344,,https://247sports.com/player/tyrese-hunt-thompson-46158348/college-337345,
46082203,Tre Shackelford,WR,Austin,Decatur,AL,83,2025,2053,355,3,Washington State,Tulane,2021,82,WR,0.8267,1838,248,https://247sports.com/player/tre-shackelford-46082203/high-school-232352,3,https://247sports.com/player/tre-shackelford-46082203/college-308036,
46139256,Mason Ferguson,WR,North Crowley,Fort Worth,TX,83,2025,2051,353,3,North Texas,UTEP,2024,84,WR,0.837,2049,256,https://247sports.com/player/mason-ferguson-46139256/high-school-292279,3,https://247sports.com/player/mason-ferguson-46139256/college-309658,
46157873,Egypt Nelson,WR,Booker T. Washington,Norfolk,VA,83,2025,2056,358,3,Virginia Military Institute,Western Michigan,2023,,WR,,,,https://247sports.com/player/egypt-nelson-46157873/high-school-336341,,https://247sports.com/player/egypt-nelson-46157873/college-336342,
86510,Zach Gibson,QB,Johns Creek,Alpharetta,GA,83,2025,2057,139,3,Georgia State,Florida Atlantic,2019,81,PRO,0.8106,2254,86,https://247sports.com/player/zach-gibson-86510/high-school-156926,3,https://247sports.com/player/zach-gibson-86510/college-307027,
46129313,L.J. Johnson Jr.,WR,Madisonville,Madisonville,TX,83,2025,2054,356,3,Texas Tech,Texas State,2024,85,WR,0.8625,1150,97,https://247sports.com/player/lj-johnson-jr-46129313/high-school-274804,3,https://247sports.com/player/lj-johnson-jr-46129313/college-311146,
46133392,Caleb McMickle,QB,Fellowship Christian School,Roswell,GA,83,2025,2062,144,3,Houston,Western Kentucky,2023,85,QB,0.8469,1519,75,https://247sports.com/player/caleb-mcmickle-46133392/high-school-280325,3,https://247sports.com/player/caleb-mcmickle-46133392/college-300822,
46133925,Jax Brown,QB,Pflugerville Weiss,Pflugerville,TX,83,2025,2066,148,3,Sam Houston,Arkansas State,2025,84,QB,0.8467,1937,106,https://247sports.com/player/jax-brown-46133925/high-school-281377,3,https://247sports.com/player/jax-brown-46133925/college-330998,
46157863,Elijah St. John,DL,Clearwater Academy International,Clearwater,FL,83,2025,2071,212,3,LIU,Purdue,2023,,DL,,,,https://247sports.com/player/elijah-st-john-46157863/high-school-336309,,https://247sports.com/player/elijah-st-john-46157863/college-336310,
46081027,Joey Hunter,CB,Sandy Creek,Tyrone,GA,83,2025,2075,230,3,Akron,Memphis,2020,85,CB,0.8715,659,49,https://247sports.com/player/joey-hunter-46081027/high-school-230828,3,https://247sports.com/player/joey-hunter-46081027/college-299718,
46083945,Javen Jacobs,RB,Saguaro,Scottsdale,AZ,83,2025,2077,156,3,Arizona State,Utah State,2022,83,ATH,0.8317,1670,127,https://247sports.com/player/javen-jacobs-46083945/high-school-234651,3,https://247sports.com/player/javen-jacobs-46083945/college-309592,
46116351,Kamuela Ka'aihue,LB,Roosevelt,Honolulu,HI,83,2025,2080,161,3,Arizona,UNLV,2023,83,LB,0.8361,1758,158,https://247sports.com/player/kamuela-kaaihue-46116351/high-school-265937,3,https://247sports.com/player/kamuela-kaaihue-46116351/college-293712,
46137748,Ademola Faleye,TE,Brockton,Brockton,MA,83,2025,2084,121,3,Norfolk State,Washington State,2021,,TE,,,,https://247sports.com/player/ademola-faleye-46137748/high-school-289429,,https://247sports.com/player/ademola-faleye-46137748/college-289941,
46097898,Dorian Thomas,TE,Kentridge,Kent,WA,83,2025,2085,122,3,Arizona,New Mexico,2023,88,TE,0.8586,1159,53,https://247sports.com/player/dorian-thomas-46097898/high-school-245909,3,https://247sports.com/player/dorian-thomas-46097898/college-300564,
46086489,Jake Renda,TE,IMG Academy,Bradenton,FL,83,2025,2087,124,3,Pittsburgh,UCLA,2021,84,TE,0.8511,1157,61,https://247sports.com/player/jake-renda-46086489/high-school-239586,3,https://247sports.com/player/jake-renda-46086489/college-266889,
46099513,Carson Su'esu'e,TE,Granger,Salt Lake City,UT,83,2025,2089,126,3,BYU,Oklahoma State,2024,85,ATH,0.8592,1266,105,https://247sports.com/player/carson-suesue-46099513/high-school-293304,3,https://247sports.com/player/carson-suesue-46099513/college-336885,
46136310,Grayson Brousseau,TE,Lehi,Lehi,UT,83,2025,2088,125,3,Utah State,Oklahoma State,2024,85,TE,0.8403,1912,98,https://247sports.com/player/grayson-brousseau-46136310/high-school-286240,3,https://247sports.com/player/grayson-brousseau-46136310/college-318957,
46085840,Nick Harris,TE,Marriotts Ridge,Marriottsville,MD,83,2025,2091,128,3,UConn,Eastern Michigan,2020,79,WDE,0.807,2661,207,https://247sports.com/player/nick-harris-46085840/high-school-237911,2,https://247sports.com/player/nick-harris-46085840/college-336170,
46056619,Thomas Nance,TE,Lake Region,Eagle Lake,FL,83,2025,2094,131,3,Bethune-Cookman,Temple,2019,84,ATH,0.8444,1347,61,https://247sports.com/player/thomas-nance-46056619/high-school-219160,3,https://247sports.com/player/thomas-nance-46056619/college-337898,
46133425,Obadiah Obasuyi,OT,Alpharetta,Alpharetta,GA,83,2025,2098,146,3,NC State,Georgia State,2023,86,OT,0.8589,1150,89,https://247sports.com/player/obadiah-obasuyi-46133425/high-school-280503,3,https://247sports.com/player/obadiah-obasuyi-46133425/college-292242,
46102472,Cam May,OT,Southeastern,Detroit,MI,83,2025,2106,153,3,Howard,San Diego State,2022,78,OT,,,,https://247sports.com/player/cam-may-46102472/high-school-252542,2,https://247sports.com/player/cam-may-46102472/college-325929,
46100617,Kyle Long,IOL,Hazelwood Central,Florissant,MO,83,2025,2108,174,3,Maryland,East Carolina,2021,80,OT,0.8119,2189,183,https://247sports.com/player/kyle-long-46100617/high-school-249662,3,https://247sports.com/player/kyle-long-46100617/college-262313,
46116304,Ethan Newman,IOL,Navarre,Navarre,FL,83,2025,2111,177,3,Kennesaw State,Memphis,2023,,IOL,,,,https://247sports.com/player/ethan-newman-46116304/high-school-265841,,https://247sports.com/player/ethan-newman-46116304/college-324590,
46153567,John Iannuzzi,IOL,Dexter Southfield,Brookline,MA,83,2025,2109,175,3,Columbia,Central Michigan,2021,,IOL,,,,https://247sports.com/player/john-iannuzzi-46153567/high-school-324713,,https://247sports.com/player/john-iannuzzi-46153567/college-324714,
46127842,Tyhler Williams,IOL,Milton,Alpharetta,GA,83,2025,2113,179,3,Akron,Georgia State,2022,,IOL,,,,https://247sports.com/player/tyhler-williams-46127842/high-school-272619,,https://247sports.com/player/tyhler-williams-46127842/college-287626,
46042613,Laurance Seymore,IOL,Miami Central,Miami,FL,83,2025,2114,180,3,Miami,Western Kentucky,2021,89,IOL,0.9248,183,11,https://247sports.com/player/laurance-seymore-46042613/high-school-194980,3,https://247sports.com/player/laurance-seymore-46042613/college-325825,
46154749,Donavan Manson,IOL,Indian Land,Fort Mill,SC,83,2025,2115,181,3,Coastal Carolina,UNLV,2020,,IOL,,,,https://247sports.com/player/donavan-manson-46154749/high-school-327886,,https://247sports.com/player/donavan-manson-46154749/college-327887,
46155987,Cameron Williams,IOL,Park Crossing,Montgomery,AL,83,2025,2116,182,3,Alabama A&amp;M,Kennesaw State,2020,,IOL,,,,https://247sports.com/player/cameron-williams-46155987/high-school-330251,,https://247sports.com/player/cameron-williams-46155987/college-330252,
46083332,Reid Williams,IOL,Ringgold,Ringgold,GA,83,2025,2118,184,3,Chattanooga,UNLV,2020,,OG,,,,https://247sports.com/player/reid-williams-46083332/high-school-233859,,https://247sports.com/player/reid-williams-46083332/college-326234,
46139491,Amaury Wiggins,IOL,Pine Forest,Pensacola,FL,83,2025,2117,183,3,Arkansas,South Alabama,2023,,IOL,,,,https://247sports.com/player/amaury-wiggins-46139491/junior-college-292629,,https://247sports.com/player/amaury-wiggins-46139491/college-297369,
46082862,Kam Wilson,EDGE,Mount Zion,Jonesboro,GA,83,2025,2119,189,3,Cincinnati,Miami (OH),2020,86,OLB,0.88,525,32,https://247sports.com/player/kam-wilson-46082862/high-school-233350,3,https://247sports.com/player/kam-wilson-46082862/college-310187,
46058335,Paul Hutson III,EDGE,IMG Academy,Bradenton,FL,83,2025,2123,193,3,Campbell,Marshall,2022,81,DL,0.8478,1322,161,https://247sports.com/player/paul-hutson-iii-46058335/high-school-258087,3,https://247sports.com/player/paul-hutson-iii-46058335/college-330165,
46154145,Walker Harris,EDGE,Northern Guilford,Greensboro,NC,83,2025,2129,199,3,Sioux Falls (NA),Oregon State,2020,,EDGE,,,,https://247sports.com/player/walker-harris-46154145/high-school-326095,,https://247sports.com/player/walker-harris-46154145/college-326097,
46154109,Amorie Morrison,EDGE,Salem,Virginia Beach,VA,83,2025,2134,204,3,Old Dominion,UAB,2020,,EDGE,,,,https://247sports.com/player/amorie-morrison-46154109/high-school-325982,,https://247sports.com/player/amorie-morrison-46154109/college-325983,
46099186,Louce Julien,EDGE,Orange,Orange,NJ,83,2025,2132,202,3,UMass,Toledo,2021,81,EDGE,0.81,2258,115,https://247sports.com/player/louce-julien-46099186/high-school-247659,3,https://247sports.com/player/louce-julien-46099186/college-268504,
46114257,Zach Cochnauer,OT,Farmington,Farmington,MN,83,2025,2140,155,3,Central Arkansas,Nevada,2022,,OT,,,,https://247sports.com/player/zach-cochnauer-46114257/high-school-262820,,https://247sports.com/player/zach-cochnauer-46114257/college-336197,
46077155,Jalen Lee,DL,Live Oak,Watson,LA,83,2025,2143,215,3,Florida,UNLV,2020,90,DT,0.8956,359,37,https://247sports.com/player/jalen-lee-46077155/high-school-227806,4,https://247sports.com/player/jalen-lee-46077155/college-293694,
46117753,Zachariah Keith,DL,Douglas County,Douglasville,GA,83,2025,2144,216,3,West Virginia,Southern Miss,2023,86,EDGE,0.8718,806,74,https://247sports.com/player/zachariah-keith-46117753/high-school-268130,3,https://247sports.com/player/zachariah-keith-46117753/college-297847,
46053280,De'Jon Benton,DL,Pittsburg,Pittsburg,CA,83,2025,2145,217,3,USC,Hawaii,2019,85,DT,0.8544,1080,76,https://247sports.com/player/dejon-benton-46053280/high-school-214073,3,https://247sports.com/player/dejon-benton-46053280/college-309564,
46098900,Derrick Shepard Jr.,DL,Archbishop Alter,Dayton,OH,83,2025,2147,219,3,Cincinnati,Tulane,2022,88,DL,0.8933,384,50,https://247sports.com/player/derrick-shepard-jr-46098900/high-school-247465,3,https://247sports.com/player/derrick-shepard-jr-46098900/college-318806,
46084247,Olasunkonmi Agunloye,DL,Lindenhurst,Lindenhurst,NY,83,2025,2148,220,3,Marshall,FIU,2020,86,SDE,0.863,855,40,https://247sports.com/player/olasunkonmi-agunloye-46084247/high-school-234991,3,https://247sports.com/player/olasunkonmi-agunloye-46084247/college-319352,
46154209,Rion Roseborough,DL,John Paul II,Greenville,NC,83,2025,2151,223,3,Towson,East Carolina,2023,,DL,,,,https://247sports.com/player/rion-roseborough-46154209/high-school-326229,,https://247sports.com/player/rion-roseborough-46154209/college-326230,
46050092,KaTron Evans,DL,St. Frances Academy,Baltimore,MD,83,2025,2150,222,3,Jackson State,Marshall,2021,90,DL,0.9212,200,29,https://247sports.com/player/katron-evans-46050092/high-school-209441,4,https://247sports.com/player/katron-evans-46050092/college-326001,
46154478,Qwyn Williams,DL,Gahanna Lincoln,Columbus,OH,83,2025,2153,225,3,Ohio Dominican (NA),Hawaii,2020,,DL,,,,https://247sports.com/player/qwyn-williams-46154478/high-school-327182,,https://247sports.com/player/qwyn-williams-46154478/college-327184,
46154912,Michael Jordan Jr.,DL,Monrovia,Monrovia,CA,83,2025,2154,226,3,Northern Colorado,Fresno State,2023,,DL,,,,https://247sports.com/player/michael-jordan-jr-46154912/junior-college-328233,,https://247sports.com/player/michael-jordan-jr-46154912/college-328234,
46156439,Dasean Dixon,DL,Archbishop Carroll,Washington,DC,83,2025,2156,228,3,East Stroudsburg (NA),Northern Illinois,2021,,DL,,,,https://247sports.com/player/dasean-dixon-46156439/high-school-331388,,https://247sports.com/player/dasean-dixon-46156439/college-331390,
46129346,Zach Aamland,OT,Hun School,Princeton,NJ,83,2025,2157,157,3,Illinois,Rutgers,2023,85,OT,0.8517,1340,105,https://247sports.com/player/zach-aamland-46129346/high-school-274873,3,https://247sports.com/player/zach-aamland-46129346/college-300285,
46058720,Kershawn Fisher,EDGE,Northshore,Slidell,LA,83,2025,2158,209,3,Louisiana Tech,Western Michigan,2020,86,WDE,0.8556,1043,65,https://247sports.com/player/kershawn-fisher-46058720/high-school-225181,3,https://247sports.com/player/kershawn-fisher-46058720/college-331692,
46154761,Aneesh Vyas,DL,Lakota West,West Chester,OH,83,2025,2159,229,3,Bucknell,Wyoming,2021,,DL,,,,https://247sports.com/player/aneesh-vyas-46154761/high-school-327950,,https://247sports.com/player/aneesh-vyas-46154761/college-327951,
46156012,Rylen Su'a-Filo,DL,Orem,Orem,UT,83,2025,2160,230,3,Southern Utah,Western Kentucky,2019,,DL,,,,https://247sports.com/player/rylen-sua-filo-46156012/high-school-330315,,https://247sports.com/player/rylen-sua-filo-46156012/college-330316,
46054632,Brendan Harrington,LB,Northwood,Pittsboro,NC,83,2025,2161,162,3,Appalachian State,Georgia Southern,2019,86,S,0.8467,1284,109,https://247sports.com/player/brendan-harrington-46054632/high-school-216016,3,https://247sports.com/player/brendan-harrington-46054632/college-229319,
46053214,Dontae Lunan,LB,St. Thomas Aquinas,Fort Lauderdale,FL,83,2025,2163,164,3,Albany,Coastal Carolina,2020,81,OLB,0.8106,2488,161,https://247sports.com/player/dontae-lunan-46053214/high-school-241221,3,https://247sports.com/player/dontae-lunan-46053214/college-328342,
46128517,Cole Nilles,LB,St. Joseph's Prep,Philadelphia,PA,83,2025,2164,165,3,Bryant,Texas State,2024,,LB,,,,https://247sports.com/player/cole-nilles-46128517/prep-329365,,https://247sports.com/player/cole-nilles-46128517/college-329366,
46155919,Myles Butler,LB,Carrollton,Carrollton,GA,83,2025,2165,166,3,Campbellsville (NA),Jacksonville State,2023,,LB,,,,https://247sports.com/player/myles-butler-46155919/high-school-330061,,https://247sports.com/player/myles-butler-46155919/college-330062,
46109831,Jalen Marshall,LB,South Paulding,Douglasville,GA,83,2025,2166,167,3,Wofford,Marshall,2022,,LB,,,,https://247sports.com/player/jalen-marshall-46109831/prep-330360,,https://247sports.com/player/jalen-marshall-46109831/college-330361,
46130548,Cameron Jones,OT,Weir,Weirton,WV,83,2025,2171,159,3,James Madison,Kentucky,2023,,OT,,,,https://247sports.com/player/cameron-jones-46130548/high-school-276321,,https://247sports.com/player/cameron-jones-46130548/college-320898,
46058244,Mister Williams,LB,Oaks Christian,Westlake Village,CA,83,2025,2169,170,3,Colorado,San Diego State,2020,86,OLB,0.863,855,52,https://247sports.com/player/mister-williams-46058244/high-school-224004,3,https://247sports.com/player/mister-williams-46058244/college-331495,
46058593,Marvae Myers-Glover,CB,Oak Ridge,Orlando,FL,83,2025,2172,232,3,Middle Tennessee,Marshall,2019,82,ATH,0.7933,2812,219,https://247sports.com/player/marvae-myers-glover-46058593/high-school-225024,3,https://247sports.com/player/marvae-myers-glover-46058593/college-241316,
46115561,JD Drew,CB,Booker T. Washington,Tulsa,OK,83,2025,2175,235,3,Utah State,Tulsa,2022,86,WR,0.8356,1604,121,https://247sports.com/player/jd-drew-46115561/high-school-264329,3,https://247sports.com/player/jd-drew-46115561/college-288071,
45572479,Thai Baldwin,CB,Life Christian Academy,Colonial Heights,VA,83,2025,2174,234,3,Ball State,Charlotte,2021,79,CB,0.8167,2085,184,https://247sports.com/player/thai-baldwin-45572479/high-school-232818,2,https://247sports.com/player/thai-baldwin-45572479/college-271195,
46127993,AJ Brown,CB,Crisp County,Cordele,GA,83,2025,2176,236,3,Ole Miss,Georgia Southern,2023,89,S,0.8919,430,42,https://247sports.com/player/aj-brown-46127993/high-school-272860,3,https://247sports.com/player/aj-brown-46127993/college-297434,
46138243,Philipp Davis,CB,Lake Wales,Lake Wales,FL,83,2025,2177,237,3,Michigan State,Marshall,2023,86,S,0.8592,1141,104,https://247sports.com/player/philipp-davis-46138243/high-school-290332,3,https://247sports.com/player/philipp-davis-46138243/college-298764,
46117452,Collin Gill,CB,St. John's College,Washington,DC,83,2025,2178,238,3,Georgia,Charlotte,2023,87,CB,0.855,1264,116,https://247sports.com/player/collin-gill-46117452/high-school-267723,3,https://247sports.com/player/collin-gill-46117452/college-318118,
46155938,Mekhi Rodgers,CB,Episcopal Academy,Newtown Square,PA,83,2025,2182,242,3,Saint Francis (NA),James Madison,2022,,CB,,,,https://247sports.com/player/mekhi-rodgers-46155938/high-school-330125,,https://247sports.com/player/mekhi-rodgers-46155938/college-330127,
46156287,KC Eziomume,CB,North Cobb,Kennesaw,GA,83,2025,2185,245,3,Alabama A&amp;M,Tulane,2020,,CB,,,,https://247sports.com/player/kc-eziomume-46156287/high-school-331061,,https://247sports.com/player/kc-eziomume-46156287/college-331063,
46156444,Donte Harrison,CB,Archbishop Carroll,Washington,DC,83,2025,2186,246,3,Shepherd (NA),Northern Illinois,2022,,CB,,,,https://247sports.com/player/donte-harrison-46156444/high-school-331401,,https://247sports.com/player/donte-harrison-46156444/college-331402,
46156492,Jayden Sheridan,CB,Chaminade,West Hills,CA,83,2025,2187,247,3,Utah Tech,New Mexico,2020,,CB,,,,https://247sports.com/player/jayden-sheridan-46156492/high-school-331477,,https://247sports.com/player/jayden-sheridan-46156492/college-331478,
46138555,Jonathan Agumadu,LB,McKinney,McKinney,TX,83,2025,2190,171,3,Oklahoma State,North Carolina,2024,85,LB,0.8539,1475,129,https://247sports.com/player/jonathan-agumadu-46138555/high-school-294688,3,https://247sports.com/player/jonathan-agumadu-46138555/college-319602,
46133612,Jacob Cruz,EDGE,North Cobb Christian School,Kennesaw,GA,83,2025,2189,210,3,Georgia Tech,Jacksonville State,2023,86,LB,0.8664,927,70,https://247sports.com/player/jacob-cruz-46133612/high-school-280839,3,https://247sports.com/player/jacob-cruz-46133612/college-297878,
46103898,Alessandro Lorenzetti,OT,The Loomis Chaffee School,Montreal,QC,83,2025,2188,160,3,Michigan,Baylor,2022,88,OT,0.8741,677,56,https://247sports.com/player/alessandro-lorenzetti-46103898/high-school-264972,3,https://247sports.com/player/alessandro-lorenzetti-46103898/college-285842,
46084627,Max Lofy,S,Pine Creek,Colorado Springs,CO,83,2025,2191,191,3,Wisconsin,Rice,2020,84,CB,0.8563,1028,84,https://247sports.com/player/max-lofy-46084627/high-school-235900,3,https://247sports.com/player/max-lofy-46084627/college-254225,
46117315,Jalyn Stanford,S,Jenks,Jenks,OK,83,2025,2192,192,3,Houston,Sam Houston,2023,86,ATH,0.8517,1340,121,https://247sports.com/player/jalyn-stanford-46117315/high-school-267515,3,https://247sports.com/player/jalyn-stanford-46117315/college-292054,
46085642,Tyrin Taylor,S,Hough,Cornelius,NC,83,2025,2194,194,3,Colorado,Jacksonville State,2021,83,CB,0.8367,1551,131,https://247sports.com/player/tyrin-taylor-46085642/high-school-237492,3,https://247sports.com/player/tyrin-taylor-46085642/college-299382,
46056113,Murvin Kenion III,S,St. Patrick-St. Vincent,Vallejo,CA,83,2025,2197,197,3,Idaho,Nevada,2022,,CB,,,,https://247sports.com/player/murvin-kenion-iii-46056113/junior-college-261663,,https://247sports.com/player/murvin-kenion-iii-46056113/college-314087,
46141934,Deondre Shepherd,S,McKinney,McKinney,TX,83,2025,2199,199,3,Coastal Carolina,Ball State,2024,84,S,0.845,1778,171,https://247sports.com/player/deondre-shepherd-46141934/high-school-297135,3,https://247sports.com/player/deondre-shepherd-46141934/college-319831,
46125357,Chris Bracy,S,St. Paul's Episcopal,Mobile,AL,83,2025,2200,200,3,UAB,Memphis,2023,83,S,0.8237,2008,177,https://247sports.com/player/chris-bracy-46125357/high-school-270762,3,https://247sports.com/player/chris-bracy-46125357/college-320621,
46134359,Austin Brawley,S,Washington,Massillon,OH,83,2025,2201,201,3,Ohio,New Mexico,2022,,WR,,,,https://247sports.com/player/austin-brawley-46134359/high-school-282159,,https://247sports.com/player/austin-brawley-46134359/college-322201,
46155944,Kode Lowe,S,South Sumter,Bushnell,FL,83,2025,2202,202,3,West Florida (NA),UTEP,2021,,LB,,,,https://247sports.com/player/kode-lowe-46155944/high-school-330143,,https://247sports.com/player/kode-lowe-46155944/college-330144,
46156265,Jeremiah Jordan,S,Cordova,Cordova,TN,83,2025,2206,206,3,Harding,Memphis,2022,,S,,,,https://247sports.com/player/jeremiah-jordan-46156265/high-school-331007,,https://247sports.com/player/jeremiah-jordan-46156265/college-331008,
46131835,Ameir Glenn,DL,Langston Hughes,Fairburn,GA,83,2025,2208,231,3,Wake Forest,Ball State,2024,85,DL,0.855,1421,149,https://247sports.com/player/ameir-glenn-46131835/high-school-278016,3,https://247sports.com/player/ameir-glenn-46131835/college-307643,
46079400,Zaire Flournoy,IOL,Chapel Hill,Douglasville,GA,83,2025,2211,186,3,UAB,FIU,2020,79,OT,0.79,3115,211,https://247sports.com/player/zaire-flournoy-46079400/high-school-228652,2,https://247sports.com/player/zaire-flournoy-46079400/college-256407,
46141313,Keyon Washington,CB,St. Charles,Waldorf,MD,83,2025,2209,248,3,West Virginia,Bowling Green,2024,87,CB,0.8517,1541,142,https://247sports.com/player/keyon-washington-46141313/high-school-295926,3,https://247sports.com/player/keyon-washington-46141313/college-316472,
46079316,Mehki Flowers,S,Central Dauphin East,Harrisburg,PA,83,2025,2212,208,3,Penn State,Akron,2022,91,ATH,0.9288,182,9,https://247sports.com/player/mehki-flowers-46079316/high-school-264261,4,https://247sports.com/player/mehki-flowers-46079316/college-282751,
46136203,Desmond Jackson,OT,West Forsyth,Clemmons,NC,83,2025,2215,161,3,North Carolina,Coastal Carolina,2024,86,IOL,0.8706,899,68,https://247sports.com/player/desmond-jackson-46136203/high-school-286109,3,https://247sports.com/player/desmond-jackson-46136203/college-309577,
46136424,Curtis Simpson,EDGE,Kings Mountain,Kings Mountain,NC,83,2025,2216,213,3,North Carolina,Charlotte,2024,87,EDGE,0.8761,738,48,https://247sports.com/player/curtis-simpson-46136424/high-school-286590,3,https://247sports.com/player/curtis-simpson-46136424/college-309583,
46132998,Adham Abouraya,IOL,Downingtown East,Exton,PA,83,2025,2219,187,3,Pittsburgh,Eastern Michigan,2024,86,IOL,0.855,1421,116,https://247sports.com/player/adham-abouraya-46132998/high-school-279625,3,https://247sports.com/player/adham-abouraya-46132998/college-319074,
46083492,Luke Murphy,LB,Washington,Massillon,OH,83,2025,2217,172,3,Eastern Michigan,Coastal Carolina,2020,80,S,0.8133,2395,191,https://247sports.com/player/luke-murphy-46083492/high-school-234068,3,https://247sports.com/player/luke-murphy-46083492/college-310760,
46139203,Rasheed Reason,CB,Vallejo,Pleasant Hill,CA,83,2025,2220,250,3,Old Dominion,East Carolina,2023,,CB,,,,https://247sports.com/player/rasheed-reason-46139203/junior-college-292160,,https://247sports.com/player/rasheed-reason-46139203/college-320958,
46117920,Kadin Schmitz,LB,Ashland,Ashland,OH,83,2025,2221,173,3,Navy,Charlotte,2022,78,LB,,,,https://247sports.com/player/kadin-schmitz-46117920/high-school-268415,2,https://247sports.com/player/kadin-schmitz-46117920/college-336051,
46079423,Elijah Zollicoffer,IOL,Newton,Covington,GA,83,2025,2223,188,3,Arkansas State,Kennesaw State,2022,87,OT,0.8685,796,110,https://247sports.com/player/elijah-zollicoffer-46079423/high-school-228677,3,https://247sports.com/player/elijah-zollicoffer-46079423/college-287081,
46157101,Jacarvis Alexandre,CB,Miramar,Miramar,FL,83,2025,2224,251,3,Ferris State,Jacksonville State,2020,,CB,,,,https://247sports.com/player/jacarvis-alexandre-46157101/high-school-334367,,https://247sports.com/player/jacarvis-alexandre-46157101/college-334368,
46103613,Anthony Brown,S,Milan,Milan,TN,83,2025,2227,211,3,Purdue,South Alabama,2022,88,ATH,0.8815,545,48,https://247sports.com/player/anthony-brown-46103613/high-school-254721,3,https://247sports.com/player/anthony-brown-46103613/college-300586,
46081838,Noah Avinger,S,Servite,Anaheim,CA,83,2025,2228,212,3,San Diego State,Utah State,2021,88,CB,0.8741,600,49,https://247sports.com/player/noah-avinger-46081838/high-school-231909,3,https://247sports.com/player/noah-avinger-46081838/college-309559,
46047644,Jaheem Joseph,S,Monsignor Pace,Opa Locka,FL,83,2025,2229,213,3,Northwestern,UNLV,2020,84,CB,0.8607,908,72,https://247sports.com/player/jaheem-joseph-46047644/high-school-201684,3,https://247sports.com/player/jaheem-joseph-46047644/college-312011,
46098466,Ahmad Robinson,CB,East St. Louis,East St. Louis,IL,83,2025,2232,252,3,Arkansas State,Appalachian State,2022,85,CB,0.867,838,79,https://247sports.com/player/ahmad-robinson-46098466/high-school-246879,3,https://247sports.com/player/ahmad-robinson-46098466/college-336377,
46113544,Jack Kane,S,Servite,Anaheim,CA,83,2025,2234,216,3,Oregon State,Rice,2021,,S,,,,https://247sports.com/player/jack-kane-46113544/high-school-261745,,https://247sports.com/player/jack-kane-46113544/college-269884,
46127519,Crews Law,LB,Christ Presbyterian Academy,Nashville,TN,83,2025,2243,175,3,North Carolina,Memphis,2024,86,LB,0.8711,890,75,https://247sports.com/player/crews-law-46127519/high-school-272199,3,https://247sports.com/player/crews-law-46127519/college-316829,
46086416,Shedrick Rhodes Jr.,OT,Eagle's Landing Christian,McDonough,GA,83,2025,2245,163,3,Rutgers,Ohio,2020,80,OT,0.817,2278,182,https://247sports.com/player/shedrick-rhodes-jr-46086416/high-school-239431,3,https://247sports.com/player/shedrick-rhodes-jr-46086416/college-318526,
46158258,Marvin Smith,S,Grayson,Loganville,GA,84,2025,1848,168,3,Alabama A&amp;M,Western Michigan,2019,,S,,,,https://247sports.com/player/marvin-smith-46158258/high-school-337202,,https://247sports.com/player/marvin-smith-46158258/college-337203,
46144240,Tray Taylor,WR,Loyola College Preparatory School,Shreveport,LA,83,2025,2035,337,3,Coastal Carolina,Troy,2024,,WR,,,,https://247sports.com/player/tray-taylor-46144240/junior-college-302472,,https://247sports.com/player/tray-taylor-46144240/college-319833,
46080514,James Jointer Jr.,RB,Parkview Magnet,Little Rock,AR,83,2025,1911,140,3,Arkansas,Eastern Michigan,2022,89,RB,0.8774,617,49,https://247sports.com/player/james-jointer-jr-46080514/high-school-230152,3,https://247sports.com/player/james-jointer-jr-46080514/college-299071,
46158542,Joshua Acord,TE,Northridge,Layton,UT,83,2025,2090,127,3,Southern Utah,Appalachian State,2022,,TE,,,,https://247sports.com/player/joshua-acord-46158542/high-school-337584,,https://247sports.com/player/joshua-acord-46158542/college-337585,
46115427,AG McGhee,CB,Chipley,Chipley,FL,84,2025,1766,201,3,Marshall,Arkansas State,2022,81,CB,0.8204,1890,155,https://247sports.com/player/ag-mcghee-46115427/high-school-268886,3,https://247sports.com/player/ag-mcghee-46115427/college-325819,
46132500,Cannon Lewis,LB,Cabell Midland,Ona,WV,83,2025,2162,163,3,NC State,Marshall,2024,85,LB,0.8508,1570,141,https://247sports.com/player/cannon-lewis-46132500/high-school-278906,3,https://247sports.com/player/cannon-lewis-46132500/college-310894,
46098476,Jalon Rock,CB,Mansfield Summit,Arlington,TX,83,2025,2181,241,3,Weber State,Liberty,2021,,CB,,,,https://247sports.com/player/jalon-rock-46098476/high-school-246900,,https://247sports.com/player/jalon-rock-46098476/college-326880,
46050288,Tunmise Adeleye,DL,Tompkins,Katy,TX,85,2025,1241,129,3,Texas State,UNLV,2021,95,DL,0.9811,39,9,https://247sports.com/player/tunmise-adeleye-46050288/high-school-209734,4,https://247sports.com/player/tunmise-adeleye-46050288/college-309511,
46079053,Caleb Offord,CB,Southaven,Southaven,MS,83,2025,2183,243,3,Alabama State,Kennesaw State,2020,88,CB,0.8815,502,36,https://247sports.com/player/caleb-offord-46079053/high-school-228198,3,https://247sports.com/player/caleb-offord-46079053/college-330247,
46102481,Cam Smith,S,Euclid,Euclid,OH,83,2025,2204,204,3,Eastern Michigan,Marshall,2021,84,S,0.8444,1344,114,https://247sports.com/player/cam-smith-46102481/high-school-252569,3,https://247sports.com/player/cam-smith-46102481/college-330388,
46080218,Omarion Cooper,S,Lehigh Senior,Lehigh Acres,FL,83,2025,2198,198,3,Florida State,Memphis,2021,88,CB,0.904,289,23,https://247sports.com/player/omarion-cooper-46080218/high-school-229680,3,https://247sports.com/player/omarion-cooper-46080218/college-316281,
46116038,Jayden Sweeney,S,Clay-Chalkville,Pinson,AL,83,2025,2225,209,3,Liberty,Florida Atlantic,2022,82,S,0.8367,1576,123,https://247sports.com/player/jayden-sweeney-46116038/high-school-265153,3,https://247sports.com/player/jayden-sweeney-46116038/college-289197,
46158320,Keona Peat,IOL,Corona del Sol,Tempe,AZ,83,2025,2231,189,3,Arizona State,Arizona,2023,,IOL,,,,https://247sports.com/player/keona-peat-46158320/high-school-337302,,https://247sports.com/player/keona-peat-46158320/college-337303,
46082508,Jackson Lataimua,S,Junipero Serra,San Bruno,CA,83,2025,2233,215,3,Washington State,North Texas,2020,84,S,0.823,2078,160,https://247sports.com/player/jackson-lataimua-46082508/high-school-232769,3,https://247sports.com/player/jackson-lataimua-46082508/college-257264,
46128622,Chris Gant Jr.,S,Klein Collins,Spring,TX,83,2025,2244,217,3,North Texas,New Mexico,2024,83,S,0.8392,2012,191,https://247sports.com/player/chris-gant-jr-46128622/high-school-273838,3,https://247sports.com/player/chris-gant-jr-46128622/college-318218,
46147371,August Salvati,EDGE,Clearwater,Clearwater,FL,83,2025,2239,214,3,Florida Atlantic,San Diego State,2024,,EDGE,,,,https://247sports.com/player/august-salvati-46147371/junior-college-309060,,https://247sports.com/player/august-salvati-46147371/college-309665,
46133441,Gabe Fortson,IOL,North Cobb Christian School,Kennesaw,GA,83,2025,2246,190,3,Georgia Tech,Arkansas State,2023,87,IOL,0.8728,776,67,https://247sports.com/player/gabe-fortson-46133441/high-school-280430,3,https://247sports.com/player/gabe-fortson-46133441/college-318685,
46157815,Nick Marinaro,IOL,Benilde-St Margaret's,Minneapolis,MN,83,2025,2255,191,3,Dartmouth,Ohio,2021,,IOL,,,,https://247sports.com/player/nick-marinaro-46157815/high-school-336173,,https://247sports.com/player/nick-marinaro-46157815/college-336174,
46093952,Hunter Smith,RB,Joe T. Robinson,Little Rock,AR,83,2025,2250,162,3,Louisiana-Monroe,Temple,2021,84,ATH,0.8296,1763,141,https://247sports.com/player/hunter-smith-46093952/high-school-242327,3,https://247sports.com/player/hunter-smith-46093952/college-336363,
46158072,Sam Cook,EDGE,Neosho,Neosho,MO,83,2025,2257,216,3,Western Illinois,Nevada,2020,,EDGE,,,,https://247sports.com/player/sam-cook-46158072/high-school-336872,,https://247sports.com/player/sam-cook-46158072/college-336874,
46094789,Trey Cooley,RB,Knightdale,Knightdale,NC,83,2025,2253,165,3,Georgia Tech,Troy,2021,94,RB,0.8932,373,25,https://247sports.com/player/trey-cooley-46094789/high-school-243487,4,https://247sports.com/player/trey-cooley-46094789/college-290544,
46158069,Kenton Allen,LB,,Riverside,CA,83,2025,2256,176,3,Angelo State,North Texas,2023,,LB,,,,https://247sports.com/player/kenton-allen-46158069/junior-college-336865,,https://247sports.com/player/kenton-allen-46158069/college-336866,
46082403,Simeon Price,RB,West Florida Tech,Pensacola,FL,83,2025,2254,166,3,Coastal Carolina,Colorado,2021,88,RB,0.8763,559,36,https://247sports.com/player/simeon-price-46082403/high-school-232628,3,https://247sports.com/player/simeon-price-46082403/college-319814,
46158917,Alijah Alexander,DL,Benedictine Military School,Savannah,GA,83,2025,2258,235,3,Stetson,Eastern Michigan,2023,,DL,,,,https://247sports.com/player/alijah-alexander-46158917/high-school-338112,,https://247sports.com/player/alijah-alexander-46158917/college-338113,
46117416,Emmanuel Waller,EDGE,Oak Mountain,Birmingham,AL,83,2025,2259,217,3,UAB,South Alabama,2023,84,DL,0.8767,691,73,https://247sports.com/player/emmanuel-waller-46117416/high-school-267674,3,https://247sports.com/player/emmanuel-waller-46117416/college-320613,
46084172,Dylan Tucker,CB,Jay M. Robinson,Concord,NC,83,2025,2261,255,3,Elon,Utah State,2020,,CB,,,,https://247sports.com/player/dylan-tucker-46084172/high-school-234909,,https://247sports.com/player/dylan-tucker-46084172/college-336235,
46114476,Tamarus Walker,IOL,McDonogh School,Owings Mills,MD,83,2025,2265,192,3,Maryland,UConn,2023,84,IOL,0.8467,1526,109,https://247sports.com/player/tamarus-walker-46114476/high-school-263043,3,https://247sports.com/player/tamarus-walker-46114476/college-298912,
46079770,David Abiara,EDGE,Mansfield Legacy,Mansfield,TX,83,2025,2263,218,3,SMU,Texas,2021,87,DL,0.8833,475,61,https://247sports.com/player/david-abiara-46079770/high-school-229068,3,https://247sports.com/player/david-abiara-46079770/college-284746,
46129625,Dominic Rivera,OT,Olmsted Falls,Olmsted Falls,OH,83,2025,2266,164,3,Rutgers,Toledo,2023,86,OT,0.8622,1060,81,https://247sports.com/player/dominic-rivera-46129625/high-school-275467,3,https://247sports.com/player/dominic-rivera-46129625/college-300559,
46080153,Tim Hardiman,DL,Westfield,Houston,TX,83,2025,2262,237,3,Arkansas State,Tulsa,2020,,DT,,,,https://247sports.com/player/tim-hardiman-46080153/high-school-229581,,https://247sports.com/player/tim-hardiman-46080153/college-271807,
46128746,Jaden McKinney,DL,Collierville,Collierville,TN,83,2025,2260,236,3,Austin Peay,Southern Miss,2023,86,DL,0.8467,1526,169,https://247sports.com/player/jaden-mckinney-46128746/high-school-274017,3,https://247sports.com/player/jaden-mckinney-46128746/college-332971,
46081580,Armondous Cooley,DL,Wayne County,Waynesboro,MS,83,2025,2264,238,3,Southern Miss,Tulane,2020,88,DT,0.8696,693,59,https://247sports.com/player/armondous-cooley-46081580/high-school-231573,3,https://247sports.com/player/armondous-cooley-46081580/college-336224,
46133958,RJ Lester Jr.,CB,Northside,Fort Smith,AR,83,2025,2267,256,3,Oklahoma State,UTSA,2023,86,CB,0.8617,1077,96,https://247sports.com/player/rj-lester-jr-46133958/high-school-281423,3,https://247sports.com/player/rj-lester-jr-46133958/college-301301,
46079249,Dawan Martin,EDGE,East,Youngstown,OH,83,2025,2270,219,3,Youngstown State,Wyoming,2019,80,SDE,0.8056,2404,151,https://247sports.com/player/dawan-martin-46079249/high-school-228447,3,https://247sports.com/player/dawan-martin-46079249/college-331775,
46158746,Lento Smith Jr.,CB,Helen Cox,Harvey,LA,83,2025,2272,257,3,Ferris State,Tulsa,2023,,CB,,,,https://247sports.com/player/lento-smith-jr-46158746/junior-college-337843,,https://247sports.com/player/lento-smith-jr-46158746/college-337844,
46158804,Walker Andersen,OT,El Dorado,Placentia,CA,83,2025,2275,165,3,UCLA,Colorado,2024,,OT,,,,https://247sports.com/player/walker-andersen-46158804/high-school-337923,,https://247sports.com/player/walker-andersen-46158804/college-337924,
46140241,Alvin Puefua,DL,West,Salt Lake City,UT,83,2025,2274,240,3,Hawaii,BYU,2024,85,DL,0.85,1591,166,https://247sports.com/player/alvin-puefua-46140241/high-school-293795,3,https://247sports.com/player/alvin-puefua-46140241/college-319611,
46137706,Dasheen Jackson,S,Carver,Columbus,GA,83,2025,2271,219,3,Alabama State,UAB,2023,,S,,,,https://247sports.com/player/dasheen-jackson-46137706/junior-college-289367,,https://247sports.com/player/dasheen-jackson-46137706/college-333569,
46081692,Placide Djungu-Sungu,S,Arlington Martin,Arlington,TX,83,2025,2273,220,3,Duke,Baylor,2021,86,S,0.8556,1031,85,https://247sports.com/player/placide-djungu-sungu-46081692/high-school-231701,3,https://247sports.com/player/placide-djungu-sungu-46081692/college-266996,
46138870,Zach Smith,LB,Red Oak,Red Oak,TX,83,2025,2268,177,3,SMU,Western Kentucky,2024,85,LB,0.8517,1541,139,https://247sports.com/player/zach-smith-46138870/high-school-291628,3,https://247sports.com/player/zach-smith-46138870/college-311129,
46110506,Baylin Brooks,WR,Loyola,Los Angeles,CA,82,2025,2276,359,3,San Diego State,Western Michigan,2023,86,WR,0.8511,1364,195,https://247sports.com/player/baylin-brooks-46110506/high-school-275946,3,https://247sports.com/player/baylin-brooks-46110506/college-319692,
46094200,Cameron Edge,QB,Smyrna,Smyrna,DE,82,2025,2277,150,3,Maryland,Eastern Michigan,2022,86,QB,0.8815,545,32,https://247sports.com/player/cameron-edge-46094200/high-school-267791,3,https://247sports.com/player/cameron-edge-46094200/college-285815,
46103070,Brandon White,WR,Archbishop Moeller,Cincinnati,OH,82,2025,2283,360,3,Kentucky,Hawaii,2022,85,WR,0.8522,1191,161,https://247sports.com/player/brandon-white-46103070/high-school-253736,3,https://247sports.com/player/brandon-white-46103070/college-284043,
46154121,Jacob Ulrich,P,Mill Creek,Hoschton,GA,82,2025,2280,2,3,Kennesaw State,Oklahoma,2023,,P,,,,https://247sports.com/player/jacob-ulrich-46154121/high-school-326002,,https://247sports.com/player/jacob-ulrich-46154121/college-326003,
46097116,Richie Munoz,QB,Charter Oak,Covina,CA,82,2025,2281,151,3,Weber State,Incarnate Word,2023,84,QB,,,,https://247sports.com/player/richie-munoz-46097116/high-school-287015,3,https://247sports.com/player/richie-munoz-46097116/college-336733,
46059557,Jack Bouwmeester,P,ProKick Australia,Australia,AUST,82,2025,2279,1,3,Michigan State,Texas,2019,80,P,0.8141,2174,9,https://247sports.com/player/jack-bouwmeester-46059557/high-school-226836,3,https://247sports.com/player/jack-bouwmeester-46059557/college-325942,
46140741,Caden Chittenden,K,Faith Lutheran,Las Vegas,NV,82,2025,2278,1,3,UNLV,USC,2024,80,K,0.8044,2824,15,https://247sports.com/player/caden-chittenden-46140741/high-school-294623,3,https://247sports.com/player/caden-chittenden-46140741/college-312532,
46098613,Zion Turner,QB,St. Thomas Aquinas,Fort Lauderdale,FL,82,2025,2282,152,3,Jacksonville State,Marshall,2022,87,QB,0.8781,600,36,https://247sports.com/player/zion-turner-46098613/high-school-247103,3,https://247sports.com/player/zion-turner-46098613/college-310421,
46141470,Cade Conley,TE,Williamston,Williamston,MI,82,2025,2284,132,3,Central Michigan,Western Michigan,2021,,TE,,,,https://247sports.com/player/cade-conley-46141470/high-school-296358,,https://247sports.com/player/cade-conley-46141470/college-301410,
46128313,Brody Kosin,TE,Clarkston,Clarkston,MI,82,2025,2285,133,3,Indiana,Miami (OH),2024,85,TE,0.8644,1097,59,https://247sports.com/player/brody-kosin-46128313/high-school-273413,3,https://247sports.com/player/brody-kosin-46128313/college-306927,
46115017,Hunter Tipton,TE,Timpson,Timpson,TX,82,2025,2286,134,3,Louisiana Tech,Middle Tennessee,2024,,TE,,,,https://247sports.com/player/hunter-tipton-46115017/junior-college-305621,,https://247sports.com/player/hunter-tipton-46115017/college-312458,
46147482,Justin Wolf,TE,Xaverian,Brooklyn,NY,82,2025,2288,136,3,Kansas State,Western Kentucky,2020,,TE,,,,https://247sports.com/player/justin-wolf-46147482/high-school-309195,,https://247sports.com/player/justin-wolf-46147482/college-319566,
46099793,Eric Weatherly,WR,Bartram Trail,Jacksonville,FL,82,2025,2290,362,3,Bucknell,Ball State,2022,85,RB,0.8567,1083,82,https://247sports.com/player/eric-weatherly-46099793/high-school-248575,3,https://247sports.com/player/eric-weatherly-46099793/college-324893,
46127737,Antonio Ferguson,TE,Apopka,Apopka,FL,82,2025,2287,135,3,East Carolina,UAB,2023,85,TE,0.8337,1804,77,https://247sports.com/player/antonio-ferguson-46127737/high-school-272467,3,https://247sports.com/player/antonio-ferguson-46127737/college-319058,
46154273,Tim Conerly,WR,Sophie B. Wright,New Orleans,LA,82,2025,2292,363,3,Sacramento State,Fresno City College (JUCO),2023,,WR,,,,https://247sports.com/player/tim-conerly-46154273/junior-college-326424,,https://247sports.com/player/tim-conerly-46154273/college-326425,
46154460,Dawson Johnson,TE,Cherry Creek,Englewood,CO,82,2025,2293,138,3,Florida,Old Dominion,2024,,TE,,,,https://247sports.com/player/dawson-johnson-46154460/high-school-327080,,https://247sports.com/player/dawson-johnson-46154460/college-327081,
46153731,Jordan Fuller,RB,The Governors Academy,Byfield,MA,82,2025,2295,168,3,Holy Cross,James Madison,2021,,RB,,,,https://247sports.com/player/jordan-fuller-46153731/high-school-325008,,https://247sports.com/player/jordan-fuller-46153731/college-325009,
46052245,Frank Peasant,RB,Escambia,Pensacola,FL,82,2025,2294,167,3,Middle Tennessee,Memphis,2020,84,OLB,0.8367,1654,111,https://247sports.com/player/frank-peasant-46052245/high-school-212425,3,https://247sports.com/player/frank-peasant-46052245/college-256284,
46038907,Cecil Powell,S,Piper,Fort Lauderdale,FL,82,2025,2298,222,3,Troy,Sam Houston,2019,86,S,0.8548,1077,91,https://247sports.com/player/cecil-powell-46038907/high-school-189992,3,https://247sports.com/player/cecil-powell-46038907/college-309346,
46076669,Tavierre Dunlap,RB,Del Valle,Del Valle,TX,82,2025,2296,169,3,Michigan,Eastern Michigan,2021,91,RB,0.8899,403,26,https://247sports.com/player/tavierre-dunlap-46076669/high-school-227223,4,https://247sports.com/player/tavierre-dunlap-46076669/college-262299,
46085272,Tyrik McDaniel,S,Dutch Fork,Irmo,SC,82,2025,2300,224,3,Indiana,The Citadel,2023,,S,,,,https://247sports.com/player/tyrik-mcdaniel-46085272/junior-college-289012,,https://247sports.com/player/tyrik-mcdaniel-46085272/college-290580,
46055228,Malcolm Greene,CB,Highland Springs,Highland Springs,VA,82,2025,2301,258,3,Clemson,UMass,2020,92,S,0.9063,273,27,https://247sports.com/player/malcolm-greene-46055228/high-school-217005,4,https://247sports.com/player/malcolm-greene-46055228/college-299996,
46139616,Fran Brown Jr.,LB,Lenape,Medford,NJ,82,2025,2303,178,3,Saint Francis (PA),Syracuse,2023,,LB,,,,https://247sports.com/player/fran-brown-jr-46139616/high-school-292778,,https://247sports.com/player/fran-brown-jr-46139616/college-326272,
46115442,Syncere Safeeullah,CB,IMG Academy,Bradenton,FL,82,2025,2302,259,3,Nebraska,Tennessee State,2023,84,CB,0.8531,1315,120,https://247sports.com/player/syncere-safeeullah-46115442/high-school-289528,3,https://247sports.com/player/syncere-safeeullah-46115442/college-292271,
46118161,Timothy Passmore Jr.,DL,Cocoa,Cocoa,FL,82,2025,2306,243,3,UConn,UMass,2022,78,DL,0.8126,1981,225,https://247sports.com/player/timothy-passmore-jr-46118161/high-school-268922,2,https://247sports.com/player/timothy-passmore-jr-46118161/college-288118,
46129568,Tyclean Luman,EDGE,Norland,Miami,FL,82,2025,2307,220,3,Rutgers,Florida Atlantic,2024,85,DL,0.8644,1097,75,https://247sports.com/player/tyclean-luman-46129568/high-school-291577,3,https://247sports.com/player/tyclean-luman-46129568/college-318523,
46085955,Michael Entwistle,IOL,Don Bosco Prep,Ramsey,NJ,82,2025,2309,194,3,Harvard,UMass,2021,78,IOL,0.8067,2315,152,https://247sports.com/player/michael-entwistle-46085955/high-school-238147,2,https://247sports.com/player/michael-entwistle-46085955/college-324956,
46151703,Amarie Archer,IOL,Miami International Academy,Bahamas,BAHA,82,2025,2308,193,3,East Carolina,Akron,2024,,IOL,,,,https://247sports.com/player/amarie-archer-46151703/junior-college-318575,,https://247sports.com/player/amarie-archer-46151703/college-318606,
91357,Isaiah Gibson Sr.,DL,Springfield,Springfield,OH,82,2025,2311,245,3,Marshall,Southern Miss,2019,88,DT,0.8763,618,48,https://247sports.com/player/isaiah-gibson-sr-91357/high-school-175413,3,https://247sports.com/player/isaiah-gibson-sr-91357/college-325716,
46154100,Hadine Diaby,IOL,Grayson,Loganville,GA,82,2025,2313,196,3,Tennessee State,Nevada,2023,,IOL,,,,https://247sports.com/player/hadine-diaby-46154100/high-school-325944,,https://247sports.com/player/hadine-diaby-46154100/college-325945,
46154102,Jacob Otts,OT,Bartram Trail,Jacksonville,FL,82,2025,2314,166,3,Rhode Island,Middle Tennessee,2021,,OT,,,,https://247sports.com/player/jacob-otts-46154102/high-school-325949,,https://247sports.com/player/jacob-otts-46154102/college-325950,
46128652,Jeff Burton,IOL,Fordson,Dearborn,MI,82,2025,2312,195,3,Grand Valley State,Georgia State,2022,,OT,,,,https://247sports.com/player/jeff-burton-46128652/high-school-273893,,https://247sports.com/player/jeff-burton-46128652/college-334952,
46097173,Quincy Wright,DL,Duncanville,Duncanville,TX,82,2025,2310,244,3,North Texas,Arkansas State,2022,87,DL,0.8737,690,99,https://247sports.com/player/quincy-wright-46097173/high-school-245055,3,https://247sports.com/player/quincy-wright-46097173/college-328715,
46141053,Charlie Leota,DL,,Auckland,AC,82,2025,2315,246,3,West Texas A&amp;M,Texas State,2023,,DL,,,,https://247sports.com/player/charlie-leota-46141053/junior-college-295367,,https://247sports.com/player/charlie-leota-46141053/college-326769,
46113307,Tray Franklin,OT,Ridge View,Columbia,SC,82,2025,2316,167,3,South Carolina State,Coastal Carolina,2022,79,OT,,,,https://247sports.com/player/tray-franklin-46113307/high-school-261393,2,https://247sports.com/player/tray-franklin-46113307/college-326787,
46042817,Xavier McIver,DL,Cheraw,Cheraw,SC,82,2025,2317,247,3,UT Martin,East Carolina,2020,85,DT,0.8404,1514,113,https://247sports.com/player/xavier-mciver-46042817/high-school-195284,3,https://247sports.com/player/xavier-mciver-46042817/college-327068,
46127477,Soni Finau,DL,Elk Grove,Elk Grove,CA,82,2025,2318,248,3,Cal Poly,Washington State,2022,81,DL,,,,https://247sports.com/player/soni-finau-46127477/high-school-272141,3,https://247sports.com/player/soni-finau-46127477/college-327375,
46086031,Terrence Cooks II,LB,Shadow Creek,Pearland,TX,82,2025,2319,179,3,Texas,Texas State,2021,89,LB,0.8994,321,35,https://247sports.com/player/terrence-cooks-ii-46086031/high-school-238249,3,https://247sports.com/player/terrence-cooks-ii-46086031/college-280253,
46097452,Jayvant Brown,LB,St. Thomas Aquinas,Fort Lauderdale,FL,82,2025,2320,180,3,Kentucky,Temple,2023,88,LB,0.8925,417,34,https://247sports.com/player/jayvant-brown-46097452/high-school-279138,3,https://247sports.com/player/jayvant-brown-46097452/college-301200,
46118667,Tre'Mon Henry,EDGE,Carver,Columbus,GA,82,2025,2322,221,3,Southern Miss,South Alabama,2023,82,LB,0.8464,1538,132,https://247sports.com/player/tremon-henry-46118667/high-school-283674,3,https://247sports.com/player/tremon-henry-46118667/college-320860,
46042133,Brennon Scott,LB,Bishop Dunne,Dallas,TX,82,2025,2321,181,3,UNLV,Sacramento State,2020,85,ILB,0.8833,478,23,https://247sports.com/player/brennon-scott-46042133/high-school-194264,3,https://247sports.com/player/brennon-scott-46042133/college-312781,
46099517,Landry Lyddy,QB,Calvary Baptist Academy,Shreveport,LA,82,2025,2323,153,3,UAB,Southern Miss,2022,82,QB,0.8356,1606,100,https://247sports.com/player/landry-lyddy-46099517/high-school-248196,3,https://247sports.com/player/landry-lyddy-46099517/college-325663,
46103329,Jibreel Al-Amin,LB,Freedom,Chantilly,VA,82,2025,2325,183,3,Jacksonville State,Marshall,2022,,LB,,,,https://247sports.com/player/jibreel-al-amin-46103329/high-school-254167,,https://247sports.com/player/jibreel-al-amin-46103329/college-326088,
46154219,Timmy Hinspeter,LB,Don Bosco Prep,Ramsey,NJ,82,2025,2326,184,3,Rutgers,UMass,2022,,LB,,,,https://247sports.com/player/timmy-hinspeter-46154219/high-school-326254,,https://247sports.com/player/timmy-hinspeter-46154219/college-326255,
46099008,Leon Hart Jr.,LB,Edison,Miami,FL,82,2025,2324,182,3,Marshall,Florida Atlantic,2022,84,LB,0.8563,1103,109,https://247sports.com/player/leon-hart-jr-46099008/high-school-247590,3,https://247sports.com/player/leon-hart-jr-46099008/college-325924,
46154363,Ayden Jones,LB,Crosby,Crosby,TX,82,2025,2327,185,3,Prairie View A&amp;M,Texas State,2023,,LB,,,,https://247sports.com/player/ayden-jones-46154363/high-school-326753,,https://247sports.com/player/ayden-jones-46154363/college-326754,
46154833,Blake Doud,P,Legend,Parker,CO,82,2025,2328,3,3,Colorado School of Mines,Alabama,2021,,P,,,,https://247sports.com/player/blake-doud-46154833/high-school-328104,,https://247sports.com/player/blake-doud-46154833/college-328105,
46077050,Myles Mooyoung,CB,Wylie E. Groves,Birmingham,MI,82,2025,2330,260,3,Miami,Coastal Carolina,2021,79,CB,0.8117,2194,197,https://247sports.com/player/myles-mooyoung-46077050/high-school-227685,2,https://247sports.com/player/myles-mooyoung-46077050/college-285973,
46113259,Dwight Bootle II,CB,Miami Palmetto,Miami,FL,82,2025,2332,262,3,Nebraska,Charlotte,2023,86,CB,0.8622,1060,103,https://247sports.com/player/dwight-bootle-ii-46113259/high-school-283759,3,https://247sports.com/player/dwight-bootle-ii-46113259/college-292269,
46097318,Tayvon Nelson,CB,Canarsie,Brooklyn,NY,82,2025,2333,263,3,Maryland,Marshall,2023,84,CB,0.8467,1526,131,https://247sports.com/player/tayvon-nelson-46097318/high-school-245236,3,https://247sports.com/player/tayvon-nelson-46097318/college-294732,
46085527,Antonio Robinson,CB,Beechwood,Fort Mitchell,KY,82,2025,2331,261,3,Wake Forest,Florida Atlantic,2023,87,CB,0.885,521,53,https://247sports.com/player/antonio-robinson-46085527/high-school-283763,3,https://247sports.com/player/antonio-robinson-46085527/college-290458,
46129801,Darrell Sweeting,CB,The Benjamin School,North Palm Beach,FL,82,2025,2334,264,3,Temple,Marshall,2023,85,ATH,0.8386,1702,147,https://247sports.com/player/darrell-sweeting-46129801/high-school-275783,3,https://247sports.com/player/darrell-sweeting-46129801/college-297637,
46102241,Ashton Whitner,S,Greenville,Greenville,SC,82,2025,2335,226,3,Old Dominion,Ball State,2022,80,S,0.8215,1869,141,https://247sports.com/player/ashton-whitner-46102241/high-school-252058,3,https://247sports.com/player/ashton-whitner-46102241/college-299638,
46099629,James Monds III,CB,Vero Beach,Vero Beach,FL,82,2025,2336,265,3,Indiana,Eastern Michigan,2022,85,CB,0.8759,635,57,https://247sports.com/player/james-monds-iii-46099629/high-school-268275,3,https://247sports.com/player/james-monds-iii-46099629/college-306749,
46108947,Jaylen Lewis,CB,Haywood,Brownsville,TN,82,2025,2337,266,3,Temple,Western Kentucky,2022,87,CB,0.8804,562,53,https://247sports.com/player/jaylen-lewis-46108947/high-school-256629,3,https://247sports.com/player/jaylen-lewis-46108947/college-308183,
46038448,Dominick Hill,CB,Jones,Orlando,FL,82,2025,2338,267,3,Liberty,Southern Miss,2020,86,CB,0.8681,745,59,https://247sports.com/player/dominick-hill-46038448/high-school-189303,3,https://247sports.com/player/dominick-hill-46038448/college-310459,
46153870,Keshawn Lyons,CB,Cahokia,East St. Louis,IL,82,2024,2341,270,3,McKendree (NA),Northern Illinois,2023,,CB,,,,https://247sports.com/player/keshawn-lyons-46153870/high-school-325365,,https://247sports.com/player/keshawn-lyons-46153870/college-325366,
46103131,Gavin Shipman,CB,Thompson,Alabaster,AL,82,2025,2340,269,3,Harvard,Charlotte,2021,79,CB,,,,https://247sports.com/player/gavin-shipman-46103131/high-school-253858,2,https://247sports.com/player/gavin-shipman-46103131/college-324969,
46101329,Cristian Conyer,CB,South Warren,Bowling Green,KY,82,2025,2339,268,3,Tennessee,Appalachian State,2023,87,CB,0.8825,567,57,https://247sports.com/player/cristian-conyer-46101329/high-school-250589,3,https://247sports.com/player/cristian-conyer-46101329/college-319797,
46085296,David Fisher,CB,Dawson,Pearland,TX,82,2025,2342,271,3,Sam Houston,North Texas,2021,,CB,,,,https://247sports.com/player/david-fisher-46085296/high-school-236884,,https://247sports.com/player/david-fisher-46085296/college-325539,
46052384,Kolubah Pewee Jr.,CB,Tottenville,Staten Island,NY,82,2025,2343,272,3,Georgetown,UConn,2019,,CB,,,,https://247sports.com/player/kolubah-pewee-jr-46052384/high-school-212740,,https://247sports.com/player/kolubah-pewee-jr-46052384/college-325541,
46154111,Botros Alisandro,CB,Trinity,Manchester,NH,82,2025,2345,274,3,Purdue,Old Dominion,2022,,S,,,,https://247sports.com/player/botros-alisandro-46154111/junior-college-325987,,https://247sports.com/player/botros-alisandro-46154111/college-325988,
46104137,Dwayne McDougle,S,McClymonds,Oakland,CA,82,2025,2346,227,3,Northern Arizona,San Diego State,2022,80,ATH,,,,https://247sports.com/player/dwayne-mcdougle-46104137/high-school-255924,3,https://247sports.com/player/dwayne-mcdougle-46104137/college-326105,
46129930,Omar Ibrahim,CB,Union,Union,NJ,82,2025,2347,275,3,Hampton,Temple,2023,,CB,,,,https://247sports.com/player/omar-ibrahim-46129930/high-school-275989,,https://247sports.com/player/omar-ibrahim-46129930/college-326480,
46154315,TJ Magee,CB,Live Oak,Watson,LA,82,2025,2348,276,3,Davidson,UMass,2022,,CB,,,,https://247sports.com/player/tj-magee-46154315/high-school-326528,,https://247sports.com/player/tj-magee-46154315/college-326529,
46112838,Jaden Rios,CB,Frisco Lone Star,Frisco,TX,82,2025,2349,277,3,East Texas A&amp;M (NA),Texas State,2021,,ATH,,,,https://247sports.com/player/jaden-rios-46112838/high-school-260556,,https://247sports.com/player/jaden-rios-46112838/college-326767,
46154679,Jayvon Henderson,CB,Mill Creek,Hoschton,GA,82,2025,2351,279,3,East Tennessee State,South Alabama,2022,,CB,,,,https://247sports.com/player/jayvon-henderson-46154679/high-school-327654,,https://247sports.com/player/jayvon-henderson-46154679/college-327655,
46084388,Colby Humphrey,CB,Desert Vista,Phoenix,AZ,82,2025,2350,278,3,South Dakota State,Washington State,2020,80,ATH,0.8,2819,218,https://247sports.com/player/colby-humphrey-46084388/high-school-235420,3,https://247sports.com/player/colby-humphrey-46084388/college-327289,
46118637,Braylon McReynolds,RB,McGill Toolen,Mobile,AL,82,2025,2353,170,3,South Alabama,Louisiana-Monroe,2022,82,RB,0.8111,2014,149,https://247sports.com/player/braylon-mcreynolds-46118637/high-school-270278,3,https://247sports.com/player/braylon-mcreynolds-46118637/college-287406,
46127747,Jeffery Pittman,RB,Taylorsville,Taylorsville,MS,82,2025,2354,171,3,Mississippi State,Southern Miss,2023,,RB,,,,https://247sports.com/player/jeffery-pittman-46127747/junior-college-272489,,https://247sports.com/player/jeffery-pittman-46127747/college-291623,
46051108,Jalen Cheek,S,Winslow Township,Atco,NJ,82,2025,2352,228,3,Boston College,UAB,2021,87,CB,0.8781,543,41,https://247sports.com/player/jalen-cheek-46051108/high-school-210936,3,https://247sports.com/player/jalen-cheek-46051108/college-268558,
46154060,Pierre Royster,S,Lake Taylor,Norfolk,VA,82,2025,2357,229,3,Saint Francis (PA),UAB,2021,,S,,,,https://247sports.com/player/pierre-royster-46154060/high-school-325828,,https://247sports.com/player/pierre-royster-46154060/college-325830,
46103445,Jevon Jackson,RB,Austin,Decatur,AL,82,2025,2355,172,3,UTEP,UAB,2021,79,RB,0.825,1892,139,https://247sports.com/player/jevon-jackson-46103445/high-school-254339,2,https://247sports.com/player/jevon-jackson-46103445/college-311691,
46104024,Terron Kellman,RB,St. Frances Academy,Baltimore,MD,82,2025,2356,173,3,Northern Illinois,Wyoming,2022,84,RB,0.8444,1414,101,https://247sports.com/player/terron-kellman-46104024/high-school-255732,3,https://247sports.com/player/terron-kellman-46104024/college-318199,
46049536,Johnny Martin,RB,Timber Creek,Sicklerville,NJ,82,2025,2359,174,3,Charlotte,Temple,2022,,RB,,,,https://247sports.com/player/johnny-martin-46049536/prep-271215,,https://247sports.com/player/johnny-martin-46049536/college-328112,
46080808,Bert Emanuel Jr.,QB,Ridge Point,Missouri City,TX,82,2025,2358,154,3,Central Michigan,San Diego State,2022,87,QB,0.8663,852,53,https://247sports.com/player/bert-emanuel-jr-46080808/high-school-230556,3,https://247sports.com/player/bert-emanuel-jr-46080808/college-324933,
46098687,Leo Blackburn,WR,Westlake,Atlanta,GA,82,2025,2361,365,3,Georgia Tech,Georgia State,2021,91,TE,0.8968,341,14,https://247sports.com/player/leo-blackburn-46098687/high-school-247192,4,https://247sports.com/player/leo-blackburn-46098687/college-268722,
46098823,JR Wilson Jr.,WR,Canarsie,Brooklyn,NY,82,2025,2362,366,3,Virginia,Florida Atlantic,2022,84,WR,0.8578,1057,146,https://247sports.com/player/jr-wilson-jr-46098823/high-school-247364,3,https://247sports.com/player/jr-wilson-jr-46098823/college-283600,
46052184,Antonio Harmon,WR,Kosciusko,Kosciusko,MS,82,2025,2360,364,3,Mississippi State,Marshall,2021,88,WR,0.9014,301,47,https://247sports.com/player/antonio-harmon-46052184/high-school-212348,3,https://247sports.com/player/antonio-harmon-46052184/college-266569,
46154631,Jaylin Marshall,WR,Harris County,Hamilton,GA,82,2025,2365,369,3,Shorter,Georgia State,2022,,WR,,,,https://247sports.com/player/jaylin-marshall-46154631/high-school-327538,,https://247sports.com/player/jaylin-marshall-46154631/college-327539,
46147449,Murphy Clement,RB,Martinsburg,Martinsburg,WV,82,2025,2369,176,3,West Virginia,Illinois,2024,,RB,,,,https://247sports.com/player/murphy-clement-46147449/high-school-309156,,https://247sports.com/player/murphy-clement-46147449/college-327922,
46149479,Petey Tucker,WR,DeMatha Catholic,Hyattsville,MD,82,2025,2364,368,3,Georgia State,Colorado State,2024,,WR,,,,https://247sports.com/player/petey-tucker-46149479/junior-college-314496,,https://247sports.com/player/petey-tucker-46149479/college-332682,
46113849,Jayden McGowan,WR,Laurens District 55,Laurens,SC,82,2025,2363,367,3,Boston College,Charlotte,2022,88,WR,0.8689,789,116,https://247sports.com/player/jayden-mcgowan-46113849/high-school-262306,3,https://247sports.com/player/jayden-mcgowan-46113849/college-309854,
46154151,Elijah Jackson,RB,Lawrence Central,Indianapolis,IN,82,2025,2368,175,3,Purdue,Ball State,2023,,ATH,,,,https://247sports.com/player/elijah-jackson-46154151/high-school-326118,,https://247sports.com/player/elijah-jackson-46154151/college-326119,
46118041,Jackson Holman,WR,Mission Viejo,Mission Viejo,CA,82,2025,2366,370,3,Arizona,Wyoming,2023,87,WR,0.8592,1141,163,https://247sports.com/player/jackson-holman-46118041/high-school-268632,3,https://247sports.com/player/jackson-holman-46118041/college-293711,
46115763,Brandon Hills Jr.,WR,Vista Ridge,Colorado Springs,CO,82,2025,2367,371,3,Washington State,Akron,2023,84,WR,0.8503,1390,199,https://247sports.com/player/brandon-hills-jr-46115763/high-school-264655,3,https://247sports.com/player/brandon-hills-jr-46115763/college-299888,
46100559,Jonathan Jean,S,Victory Christian Academy,Lakeland,FL,82,2025,2370,230,3,Rice,East Carolina,2021,79,CB,0.7967,2485,216,https://247sports.com/player/jonathan-jean-46100559/high-school-249590,2,https://247sports.com/player/jonathan-jean-46100559/college-271006,
46099578,Simeon Harris,S,Benicia,Benicia,CA,82,2025,2371,231,3,Colorado,Fresno State,2022,86,CB,0.8548,1136,106,https://247sports.com/player/simeon-harris-46099578/high-school-248302,3,https://247sports.com/player/simeon-harris-46099578/college-319745,
46094719,Kody Jones,S,Germantown,Germantown,TN,82,2025,2372,232,3,Michigan,Kennesaw State,2022,90,ATH,0.9,311,13,https://247sports.com/player/kody-jones-46094719/high-school-254142,4,https://247sports.com/player/kody-jones-46094719/college-334262,
46155969,Elijah Harper,EDGE,Westside,Anderson,SC,82,2025,2375,224,3,Charleston Southern,Kennesaw State,2020,,EDGE,,,,https://247sports.com/player/elijah-harper-46155969/high-school-330200,,https://247sports.com/player/elijah-harper-46155969/college-330202,
46133541,Parker Startz,EDGE,Mount Carmel,Chicago,IL,82,2025,2374,223,3,Ohio,Charlotte,2024,83,LB,0.8411,1880,169,https://247sports.com/player/parker-startz-46133541/high-school-280739,3,https://247sports.com/player/parker-startz-46133541/college-320386,
46143589,Kaleb Coleman,EDGE,Byron Nelson,Trophy Club,TX,82,2025,2377,226,3,East Texas A&amp;M (NA),Louisiana Tech,2024,84,EDGE,0.84,1919,133,https://247sports.com/player/kaleb-coleman-46143589/high-school-301264,3,https://247sports.com/player/kaleb-coleman-46143589/college-330924,
46155986,Marcus Patterson,EDGE,Crestview,Crestview,FL,82,2025,2376,225,3,Western Kentucky,Kennesaw State,2022,,EDGE,,,,https://247sports.com/player/marcus-patterson-46155986/high-school-330242,,https://247sports.com/player/marcus-patterson-46155986/college-330243,
46129168,Demanuel Brown,EDGE,Dekaney,Houston,TX,82,2025,2378,227,3,Boise State,New Mexico State,2023,86,EDGE,0.85,1396,123,https://247sports.com/player/demanuel-brown-46129168/high-school-274616,3,https://247sports.com/player/demanuel-brown-46129168/college-300780,
46154476,Bradley Vislisel,EDGE,Mount Vernon,Mount Vernon,IA,82,2025,2379,228,3,Northern Iowa,New Mexico State,2023,,DL,,,,https://247sports.com/player/bradley-vislisel-46154476/high-school-327176,,https://247sports.com/player/bradley-vislisel-46154476/college-327177,
46082225,J'Dan Burnett,EDGE,Nolan Catholic,Fort Worth,TX,82,2025,2380,229,3,Louisiana Tech,Tulsa,2021,88,LB,0.8622,864,89,https://247sports.com/player/jdan-burnett-46082225/high-school-232378,3,https://247sports.com/player/jdan-burnett-46082225/college-321028,
46099246,Cory Hall,EDGE,Arbor View,Las Vegas,NV,82,2025,2382,231,3,Northern Arizona,UNLV,2020,,SDE,,,,https://247sports.com/player/cory-hall-46099246/high-school-247748,,https://247sports.com/player/cory-hall-46099246/college-327056,
46100459,Charles Calhoun,EDGE,St. Edward,Lakewood,OH,82,2025,2381,230,3,Gannon (NA),Temple,2021,,EDGE,,,,https://247sports.com/player/charles-calhoun-46100459/high-school-249461,,https://247sports.com/player/charles-calhoun-46100459/college-335701,
46085058,Dominic Oliver,EDGE,Valley Christian,San Jose,CA,82,2025,2384,233,3,San Diego State,Western Kentucky,2021,83,LB,0.8389,1491,168,https://247sports.com/player/dominic-oliver-46085058/high-school-236463,3,https://247sports.com/player/dominic-oliver-46085058/college-320449,
46145473,Derek Burns,EDGE,Richardson,Richardson,TX,82,2025,2383,232,3,New Mexico State,UTEP,2024,,EDGE,,,,https://247sports.com/player/derek-burns-46145473/junior-college-305106,,https://247sports.com/player/derek-burns-46145473/college-319259,
46147623,Antoineo Harris Jr.,EDGE,Morton West,Berwyn,IL,82,2025,2385,234,3,Utah State,UConn,2022,,EDGE,,,,https://247sports.com/player/antoineo-harris-jr-46147623/junior-college-309571,,https://247sports.com/player/antoineo-harris-jr-46147623/college-331904,
46130853,Deshaun Batiste,EDGE,John F. Kennedy,New Orleans,LA,82,2025,2386,235,3,Troy,Florida Atlantic,2023,,DL,,,,https://247sports.com/player/deshaun-batiste-46130853/high-school-276780,,https://247sports.com/player/deshaun-batiste-46130853/college-310153,
46157868,Caleb Sandstrom,EDGE,Elk River,Elk River,MN,82,2025,2387,236,3,St. Thomas (NA),Appalachian State,2023,,EDGE,,,,https://247sports.com/player/caleb-sandstrom-46157868/high-school-336325,,https://247sports.com/player/caleb-sandstrom-46157868/college-336326,
46083251,Myles Williams,EDGE,Bishop Alemany,Mission Hills,CA,82,2025,2389,238,3,California,Nevada,,86,EDGE,0.8578,969,53,https://247sports.com/player/myles-williams-46083251/high-school-250361,3,https://247sports.com/player/myles-williams-46083251/college-269796,
46144761,Jalyn Durgan,EDGE,St. Martin,Ocean Springs,MS,82,2025,2391,240,3,South Alabama,North Texas,2024,,EDGE,,,,https://247sports.com/player/jalyn-durgan-46144761/junior-college-303689,,https://247sports.com/player/jalyn-durgan-46144761/college-308995,
46113500,Larry Jones III,EDGE,Lakeland,Lakeland,FL,82,2025,2392,241,3,Liberty,New Mexico State,2023,84,EDGE,0.8304,1866,149,https://247sports.com/player/larry-jones-iii-46113500/high-school-261674,3,https://247sports.com/player/larry-jones-iii-46113500/college-320644,
46159061,Christopher Eaton Jr.,EDGE,Christ the King,Middle Village,NY,82,2025,2394,243,3,Hampton,Sam Houston,2020,,EDGE,,,,https://247sports.com/player/christopher-eaton-jr-46159061/high-school-338340,,https://247sports.com/player/christopher-eaton-jr-46159061/college-338342,
46158219,IBK Mafe,EDGE,Blaine,Blaine,MN,82,2025,2393,242,3,St. Thomas (NA),South Alabama,2021,,EDGE,,,,https://247sports.com/player/ibk-mafe-46158219/high-school-337155,,https://247sports.com/player/ibk-mafe-46158219/college-337156,
46096574,Gavin Barthiel,LB,Lake Gibson,Lakeland,FL,82,2025,2396,187,3,Utah State,Washington State,2021,84,LB,0.8607,894,93,https://247sports.com/player/gavin-barthiel-46096574/high-school-244672,3,https://247sports.com/player/gavin-barthiel-46096574/college-299986,
46094852,Bryce Edmondson,LB,Ensworth,Nashville,TN,82,2025,2395,186,3,Memphis,UNLV,2021,81,LB,0.8226,1941,219,https://247sports.com/player/bryce-edmondson-46094852/high-school-243637,3,https://247sports.com/player/bryce-edmondson-46094852/college-270582,
46155876,Cayden Woolwine,LB,San Marcos,San Marcos,CA,82,2025,2397,188,3,Northern Arizona,San Jose State,2024,,LB,,,,https://247sports.com/player/cayden-woolwine-46155876/high-school-329911,,https://247sports.com/player/cayden-woolwine-46155876/college-329912,
46080023,Vann Schield,RB,Rock Canyon,Littleton,CO,82,2025,2399,177,3,Northern Arizona,Colorado State,2021,,RB,,,,https://247sports.com/player/vann-schield-46080023/high-school-229401,,https://247sports.com/player/vann-schield-46080023/college-331442,
46155899,Brooks Yurachek,LB,Fayetteville,Fayetteville,AR,82,2025,2398,189,3,Wake Forest,Appalachian State,2023,,LB,,,,https://247sports.com/player/brooks-yurachek-46155899/high-school-329969,,https://247sports.com/player/brooks-yurachek-46155899/college-329971,
46048174,Tony Mathis Jr.,RB,Cedartown,Cedartown,GA,82,2025,2400,178,3,West Virginia,Marshall,2019,86,RB,0.8607,936,57,https://247sports.com/player/tony-mathis-jr-46048174/high-school-203600,3,https://247sports.com/player/tony-mathis-jr-46048174/college-299372,
46125499,Amari Odom,QB,Panther Creek,Cary,NC,82,2025,2404,155,3,Wofford,Kennesaw State,2023,,QB,,,,https://247sports.com/player/amari-odom-46125499/high-school-271216,,https://247sports.com/player/amari-odom-46125499/college-330199,
46117982,Turner Helton,QB,Palos Verdes,Palos Verdes Peninsula,CA,82,2025,2405,156,3,Western Kentucky,Georgia Southern,2022,,QB,,,,https://247sports.com/player/turner-helton-46117982/high-school-268500,,https://247sports.com/player/turner-helton-46117982/college-330103,
46054880,Juwaun Price,RB,Peoria,Peoria,AZ,82,2025,2402,180,3,North Texas,UMass,2019,79,RB,0.79,2894,194,https://247sports.com/player/juwaun-price-46054880/high-school-216393,2,https://247sports.com/player/juwaun-price-46054880/college-318231,
46097414,Marquise Collins,RB,College Station,College Station,TX,82,2025,2403,181,3,Duke,UAB,2023,86,RB,0.8686,872,60,https://247sports.com/player/marquise-collins-46097414/high-school-245301,3,https://247sports.com/player/marquise-collins-46097414/college-292018,
46054799,Jackson Proctor,QB,Kentwood,Kent,WA,82,2025,2406,157,3,Dartmouth,Northern Illinois,2021,80,QB,,,,https://247sports.com/player/jackson-proctor-46054799/high-school-216251,3,https://247sports.com/player/jackson-proctor-46054799/college-331393,
88572,Drew Pyne,QB,New Canaan,New Canaan,CT,82,2025,2407,158,3,Missouri,Bowling Green,2020,87,PRO,0.9165,230,8,https://247sports.com/player/drew-pyne-88572/high-school-169716,3,https://247sports.com/player/drew-pyne-88572/college-321442,
46158174,Baylor Hayes,QB,Brentwood,Brentwood,TN,82,2025,2410,161,3,East Tennessee State,Tulsa,2024,,QB,,,,https://247sports.com/player/baylor-hayes-46158174/high-school-337053,,https://247sports.com/player/baylor-hayes-46158174/college-337054,
46103873,Davi Belfort,QB,Western,Fort Lauderdale,FL,82,2025,2409,160,3,Virginia Tech,UCF,2024,85,QB,0.875,768,50,https://247sports.com/player/davi-belfort-46103873/high-school-294325,3,https://247sports.com/player/davi-belfort-46103873/college-316218,
46035927,Mike Wright Jr.,QB,Woodward Academy,Atlanta,GA,82,2025,2408,159,3,Northwestern,East Carolina,2020,88,DUAL,0.88,525,19,https://247sports.com/player/mike-wright-jr-46035927/high-school-184688,3,https://247sports.com/player/mike-wright-jr-46035927/college-319068,
46113759,Gavin Frakes,QB,Norman North,Norman,OK,82,2025,2413,164,3,Virginia,Northwestern,2022,,QB,,,,https://247sports.com/player/gavin-frakes-46113759/high-school-262106,,https://247sports.com/player/gavin-frakes-46113759/college-307712,
46151607,Silas Corder,QB,Pascagoula,Pascagoula,MS,82,2025,2412,163,3,Southern Miss,Southwest Mississippi C.C. (JUCO),2025,83,QB,0.8422,2048,113,https://247sports.com/player/silas-corder-46151607/high-school-318069,3,https://247sports.com/player/silas-corder-46151607/college-333922,
46160872,Hunter Simmons,QB,Marion,Marion,IL,82,2025,2414,165,3,Southern Illinois,Wisconsin,2021,,QB,,,,https://247sports.com/player/hunter-simmons-46160872/high-school-342780,,https://247sports.com/player/hunter-simmons-46160872/college-342781,
46084083,Payton Mangrum,WR,Eastside,Taylors,SC,82,2025,2415,372,3,South Carolina,East Carolina,2020,78,WR,0.7733,3577,479,https://247sports.com/player/payton-mangrum-46084083/high-school-234810,2,https://247sports.com/player/payton-mangrum-46084083/college-255713,
46127937,Reid Mikeska,TE,Bridgeland,Cypress,TX,82,2025,2417,139,3,South Carolina,Florida Atlantic,2023,86,TE,0.8625,1053,47,https://247sports.com/player/reid-mikeska-46127937/high-school-272791,3,https://247sports.com/player/reid-mikeska-46127937/college-290575,
46099329,AJ Jones,WR,Colony,Ontario,CA,82,2025,2416,373,3,Arizona,Middle Tennessee,2022,87,WR,0.8685,796,120,https://247sports.com/player/aj-jones-46099329/high-school-247873,3,https://247sports.com/player/aj-jones-46099329/college-281177,
46039183,Dakota Thomas,WR,Shiloh,Snellville,GA,82,2025,2419,375,3,Southern Miss,Nevada,2024,,WR,,,,https://247sports.com/player/dakota-thomas-46039183/junior-college-306611,,https://247sports.com/player/dakota-thomas-46039183/college-312561,
46098689,Nate Spillman,WR,Lipscomb Academy,Nashville,TN,82,2025,2418,374,3,Tennessee,Charlotte,2023,85,WR,0.8497,1427,209,https://247sports.com/player/nate-spillman-46098689/high-school-247195,3,https://247sports.com/player/nate-spillman-46098689/college-298050,
46094170,Demick Starling,WR,East Nashville Magnet School,Nashville,TN,82,2025,2421,377,3,Western Kentucky,Utah State,2020,79,WR,0.8117,2416,311,https://247sports.com/player/demick-starling-46094170/high-school-242771,2,https://247sports.com/player/demick-starling-46094170/college-322049,
46153859,Gavin Harris,TE,Converse Judson,Converse,TX,82,2025,2422,140,3,Howard,New Mexico State,2023,,TE,,,,https://247sports.com/player/gavin-harris-46153859/high-school-325346,,https://247sports.com/player/gavin-harris-46153859/college-325348,
46136035,Aiden Valdez,TE,Bishop Amat,La Puente,CA,82,2025,2423,141,3,Campbell,New Mexico,2023,80,TE,0.8056,2227,109,https://247sports.com/player/aiden-valdez-46136035/high-school-285489,3,https://247sports.com/player/aiden-valdez-46136035/college-326483,
46130677,Allen Middleton,WR,Mascoutah,Mascoutah,IL,82,2025,2424,378,3,Southern Illinois,Bowling Green,2023,80,WR,,,,https://247sports.com/player/allen-middleton-46130677/high-school-276529,3,https://247sports.com/player/allen-middleton-46130677/college-329627,
46155988,Jordan Jackson,WR,Loganville Christian Academy,Loganville,GA,82,2025,2425,379,3,Montana Tech (NA),Kennesaw State,2020,,WR,,,,https://247sports.com/player/jordan-jackson-46155988/high-school-330253,,https://247sports.com/player/jordan-jackson-46155988/college-330255,
46156017,AJ Williams III,WR,Spring High,Spring,TX,82,2025,2426,380,3,Mary Hardin-Baylor (NA),New Mexico State,2023,,WR,,,,https://247sports.com/player/aj-williams-iii-46156017/high-school-330346,,https://247sports.com/player/aj-williams-iii-46156017/college-330347,
46113576,Max Dowling,TE,Canisius,Buffalo,NY,82,2025,2427,142,3,Kansas,UMass,2022,,TE,,,,https://247sports.com/player/max-dowling-46113576/prep-261825,,https://247sports.com/player/max-dowling-46113576/college-326517,
46097618,Devin Gandy,WR,Silverado,Victorville,CA,82,2025,2430,382,3,Sacramento State,Louisiana Tech,2020,,WR,,,,https://247sports.com/player/devin-gandy-46097618/high-school-245605,,https://247sports.com/player/devin-gandy-46097618/college-330917,
46076837,Drew Cassens,TE,Downers Grove North,Downers Grove,IL,82,2025,2428,143,3,Northern Illinois,Ball State,2020,,DUAL,,,,https://247sports.com/player/drew-cassens-46076837/high-school-227430,,https://247sports.com/player/drew-cassens-46076837/college-330494,
46131433,Corey Thompson Jr.,WR,Lincoln,San Diego,CA,82,2025,2429,381,3,UNLV,Utah State,2023,,WR,,,,https://247sports.com/player/corey-thompson-jr-46131433/high-school-277490,,https://247sports.com/player/corey-thompson-jr-46131433/college-304958,
46132035,Eriq George,EDGE,Montgomery Bell Academy,Nashville,TN,82,2025,2373,222,3,Tennessee State,Bowling Green,2023,,DL,,,,https://247sports.com/player/eriq-george-46132035/high-school-278293,,https://247sports.com/player/eriq-george-46132035/college-334052,
46053822,E. Jai Mason,WR,Clinton,Clinton,MS,82,2025,2431,383,3,Samford,Charlotte,2023,,WR,,,,https://247sports.com/player/e-jai-mason-46053822/junior-college-268280,,https://247sports.com/player/e-jai-mason-46053822/college-330976,
46154331,Kristian Tate,WR,DeMatha Catholic,Hyattsville,MD,82,2025,2435,387,3,Delaware State,Troy,2023,,WR,,,,https://247sports.com/player/kristian-tate-46154331/high-school-326594,,https://247sports.com/player/kristian-tate-46154331/college-326595,
46084186,Zavier Short,WR,Chapin,Chapin,SC,82,2025,2432,384,3,South Carolina,Marshall,2022,85,WR,0.8404,1501,195,https://247sports.com/player/zavier-short-46084186/high-school-234923,3,https://247sports.com/player/zavier-short-46084186/college-319772,
46116682,Za'Ron Collins,WR,Monsignor Pace,Opa Locka,FL,82,2025,2433,385,3,Tusculum,James Madison,2023,84,WR,,,,https://247sports.com/player/zaron-collins-46116682/high-school-266404,3,https://247sports.com/player/zaron-collins-46116682/college-330109,
46156290,Landen Lucas,TE,Beyer,Modesto,CA,82,2025,2436,144,3,Robert Morris,Tulsa,2023,,TE,,,,https://247sports.com/player/landen-lucas-46156290/junior-college-331077,,https://247sports.com/player/landen-lucas-46156290/college-331078,
46156483,Jett Carpenter,TE,North Medford,Medford,OR,82,2025,2437,145,3,Eastern Washington,Nevada,2020,,TE,,,,https://247sports.com/player/jett-carpenter-46156483/high-school-331452,,https://247sports.com/player/jett-carpenter-46156483/college-331453,
46111484,JaDarious Lee,OT,Pearl-Cohn,Nashville,TN,82,2025,2440,168,3,FIU,Kennesaw State,2022,,IOL,,,,https://247sports.com/player/jadarious-lee-46111484/high-school-259505,,https://247sports.com/player/jadarious-lee-46111484/college-286548,
46047352,Myles Kitt-Denton,WR,Dawson,Pearland,TX,82,2025,2438,388,3,Central Arkansas,San Diego State,2020,,ATH,,,,https://247sports.com/player/myles-kitt-denton-46047352/high-school-201036,,https://247sports.com/player/myles-kitt-denton-46047352/college-331493,
46102772,Tyler Lawrence,OT,Puyallup,Puyallup,WA,82,2025,2442,170,3,Air Force,New Mexico,2022,81,OT,,,,https://247sports.com/player/tyler-lawrence-46102772/high-school-253255,3,https://247sports.com/player/tyler-lawrence-46102772/college-325644,
46137105,Darrell Johnson Jr.,OT,Lawrence North,Indianapolis,IN,82,2025,2441,169,3,Western Kentucky,Akron,2023,,OT,,,,https://247sports.com/player/darrell-johnson-jr-46137105/junior-college-287830,,https://247sports.com/player/darrell-johnson-jr-46137105/college-320476,
46113287,Kyson Van Vugt,OT,Western Christian,Hull,IA,82,2025,2443,171,3,Iowa,Fresno State,2022,82,DL,,,,https://247sports.com/player/kyson-van-vugt-46113287/high-school-261360,3,https://247sports.com/player/kyson-van-vugt-46113287/college-326647,
46154453,Jacob Russell,OT,Glen Ridge,Glen Ridge,NJ,82,2025,2444,172,3,Valparaiso,Central Michigan,2023,,IOL,,,,https://247sports.com/player/jacob-russell-46154453/high-school-327054,,https://247sports.com/player/jacob-russell-46154453/college-327055,
46111784,Janik Ogunlade,OT,North Point,Waldorf,MD,82,2025,2446,174,3,Buffalo,New Mexico State,2021,79,IOL,,,,https://247sports.com/player/janik-ogunlade-46111784/high-school-259911,2,https://247sports.com/player/janik-ogunlade-46111784/college-330348,
46117346,Rene Miller,OT,St. Frances Academy,Baltimore,MD,82,2025,2445,173,3,Charlotte,Kennesaw State,2023,,OT,,,,https://247sports.com/player/rene-miller-46117346/junior-college-330244,,https://247sports.com/player/rene-miller-46117346/college-330246,
46156484,Jack Foster,OT,Bishop Kelly,Boise,ID,82,2025,2448,176,3,Idaho,Nevada,2022,,OT,,,,https://247sports.com/player/jack-foster-46156484/high-school-331455,,https://247sports.com/player/jack-foster-46156484/college-331456,
46156425,Jamarcus Hill,OT,Jefferson,Jefferson,GA,82,2025,2447,175,3,Southeast Missouri State,Kent State,2022,,OT,,,,https://247sports.com/player/jamarcus-hill-46156425/high-school-331365,,https://247sports.com/player/jamarcus-hill-46156425/college-331366,
46052914,RJ Adams,OT,Woodbridge,Woodbridge,VA,82,2025,2449,177,3,North Carolina A&amp;T,New Mexico,2024,,IOL,,,,https://247sports.com/player/rj-adams-46052914/junior-college-331472,,https://247sports.com/player/rj-adams-46052914/college-331473,
46083696,Zach Vaughan,OT,Milton Academy,Milton,MA,82,2025,2450,178,3,Wake Forest,Western Michigan,2020,83,OT,0.8315,1800,147,https://247sports.com/player/zach-vaughan-46083696/high-school-234330,3,https://247sports.com/player/zach-vaughan-46083696/college-255117,
46101632,Devon Smith,OT,Biloxi,Biloxi,MS,82,2025,2454,181,3,New Mexico,Western Kentucky,2023,,DL,,,,https://247sports.com/player/devon-smith-46101632/junior-college-290027,,https://247sports.com/player/devon-smith-46101632/college-310670,
46086519,James Faminu,OT,London Academy,London,EN,82,2025,2453,180,3,Temple,UNLV,2020,78,OT,0.7933,3084,244,https://247sports.com/player/james-faminu-46086519/high-school-239632,2,https://247sports.com/player/james-faminu-46086519/college-279326,
46103228,Jez Janvier,OT,Cegep du Vieux,Montreal,QC,82,2025,2452,179,3,Eastern Michigan,Southern Miss,2021,77,OT,0.7974,2480,208,https://247sports.com/player/jez-janvier-46103228/high-school-254010,2,https://247sports.com/player/jez-janvier-46103228/college-271468,
46098167,Andrew Kilfoyl,IOL,Gaither,Tampa,FL,82,2025,2451,198,3,South Florida,Bowling Green,2021,82,OT,0.8259,1855,154,https://247sports.com/player/andrew-kilfoyl-46098167/high-school-246424,3,https://247sports.com/player/andrew-kilfoyl-46098167/college-260625,
46050455,Aaryn Parks,OT,National Christian Academy,Fort Washington,MD,82,2025,2455,182,3,South Carolina,Southern Miss,2020,90,OT,0.9241,188,7,https://247sports.com/player/aaryn-parks-46050455/high-school-209982,4,https://247sports.com/player/aaryn-parks-46050455/college-311428,
46156091,Allen Jones Jr.,IOL,Cottonwood,Cottonwood,AL,82,2025,2456,199,3,West Alabama,Akron,2022,,IOL,,,,https://247sports.com/player/allen-jones-jr-46156091/high-school-330468,,https://247sports.com/player/allen-jones-jr-46156091/college-330469,
46156497,Bayo Kannike,OT,Eleanor Roosevelt,Eastvale,CA,82,2025,2460,183,3,Utah Tech,San Diego State,2020,,IOL,,,,https://247sports.com/player/bayo-kannike-46156497/high-school-331489,,https://247sports.com/player/bayo-kannike-46156497/college-331490,
46097442,Antonio Tripp Jr.,IOL,IMG Academy,Bradenton,FL,82,2025,2458,201,3,Miami,FIU,2023,90,IOL,0.8758,709,60,https://247sports.com/player/antonio-tripp-jr-46097442/high-school-284703,4,https://247sports.com/player/antonio-tripp-jr-46097442/college-291059,
46049868,Raheem Anderson II,IOL,Cass Technical,Detroit,MI,82,2025,2457,200,3,Michigan,Western Michigan,2021,90,IOL,0.9178,215,15,https://247sports.com/player/raheem-anderson-ii-46049868/high-school-208833,4,https://247sports.com/player/raheem-anderson-ii-46049868/college-262303,
46051835,Gino Quinones,IOL,St. Louis,Honolulu,HI,82,2025,2461,203,3,USC,Fresno State,2019,84,SDE,0.8467,1284,84,https://247sports.com/player/gino-quinones-46051835/high-school-211931,3,https://247sports.com/player/gino-quinones-46051835/college-235817,
46154289,Spencer Webb,IOL,Reagan,Pfafftown,NC,82,2025,2466,208,3,North Carolina A&amp;T,Eastern Michigan,2023,,IOL,,,,https://247sports.com/player/spencer-webb-46154289/high-school-326451,,https://247sports.com/player/spencer-webb-46154289/college-326452,
46097453,Deandre Duffus,IOL,Chaminade-Madonna,Hollywood,FL,82,2025,2464,206,3,Maryland,Georgia State,2023,84,IOL,0.8547,1278,97,https://247sports.com/player/deandre-duffus-46097453/high-school-245341,3,https://247sports.com/player/deandre-duffus-46097453/college-294729,
46049614,Dallas Fincher,IOL,East Kentwood,Grand Rapids,MI,82,2025,2467,209,3,Michigan State,San Diego State,2020,89,OG,0.8848,461,23,https://247sports.com/player/dallas-fincher-46049614/high-school-208205,3,https://247sports.com/player/dallas-fincher-46049614/college-253133,
46079786,JT Hand,IOL,Mission Viejo,Mission Viejo,CA,82,2025,2468,210,3,Arizona,Oregon State,2021,83,IOL,0.8315,1704,104,https://247sports.com/player/jt-hand-46079786/high-school-229094,3,https://247sports.com/player/jt-hand-46079786/college-266964,
46080981,Nevell Brown,IOL,Palm Beach Lakes,West Palm Beach,FL,82,2025,2470,212,3,Alabama A&amp;M,New Mexico,2020,80,OG,0.8,2819,182,https://247sports.com/player/nevell-brown-46080981/high-school-240163,3,https://247sports.com/player/nevell-brown-46080981/college-325827,
46113920,Jonathan Harder,IOL,Olentangy Berlin,Delaware,OH,82,2025,2469,211,3,Cincinnati,Toledo,2022,87,OT,0.8493,1288,128,https://247sports.com/player/jonathan-harder-46113920/high-school-262409,3,https://247sports.com/player/jonathan-harder-46113920/college-286039,
46082994,Ikani Tuiono,IOL,East,Los Angeles,CA,82,2025,2471,213,3,Nebraska-Kearney,Middle Tennessee,2023,,IOL,,,,https://247sports.com/player/ikani-tuiono-46082994/junior-college-273562,,https://247sports.com/player/ikani-tuiono-46082994/college-326106,
46135794,Kaden Robnett,IOL,Bethel,Spanaway,WA,82,2025,2472,214,3,Idaho,New Mexico,2023,77,IOL,,,,https://247sports.com/player/kaden-robnett-46135794/high-school-284603,2,https://247sports.com/player/kaden-robnett-46135794/college-327170,
46156489,Israel Mukwiza,IOL,Archer,Lawrenceville,GA,82,2025,2473,215,3,Alabama A&amp;M,New Mexico,2020,,IOL,,,,https://247sports.com/player/israel-mukwiza-46156489/high-school-331467,,https://247sports.com/player/israel-mukwiza-46156489/college-331469,
46094194,Hunter Whitenack,IOL,New Prairie,New Carlisle,IN,82,2025,2474,216,3,Illinois,Western Michigan,2022,86,OT,0.8585,1046,96,https://247sports.com/player/hunter-whitenack-46094194/high-school-242798,3,https://247sports.com/player/hunter-whitenack-46094194/college-281852,
46116003,Patrick Screws Jr.,OT,Eufaula,Eufaula,AL,82,2025,2475,184,3,Georgia Tech,Troy,2023,85,IOL,0.8653,970,77,https://247sports.com/player/patrick-screws-jr-46116003/high-school-265069,3,https://247sports.com/player/patrick-screws-jr-46116003/college-297871,
46079268,Julius Pierce,IOL,Seminole,Sanford,FL,82,2025,2476,217,3,Middle Tennessee,FIU,2019,79,OT,0.8006,2508,204,https://247sports.com/player/julius-pierce-46079268/high-school-228475,2,https://247sports.com/player/julius-pierce-46079268/college-299619,
46134608,Josiah Chenault,IOL,Sanford,Sanford,FL,82,2025,2477,218,3,Howard,Kennesaw State,2023,,IOL,,,,https://247sports.com/player/josiah-chenault-46134608/high-school-282563,,https://247sports.com/player/josiah-chenault-46134608/college-330203,
46147443,Evan McClure,IOL,Bixby,Bixby,OK,82,2025,2478,219,3,Oklahoma,Tulsa,2024,83,IOL,0.83,2232,177,https://247sports.com/player/evan-mcclure-46147443/high-school-309141,3,https://247sports.com/player/evan-mcclure-46147443/college-331082,
46081338,Sean Hill,IOL,Brookwood,Snellville,GA,82,2025,2479,220,3,NC State,Tulsa,2020,85,OG,0.8574,995,65,https://247sports.com/player/sean-hill-46081338/high-school-231283,3,https://247sports.com/player/sean-hill-46081338/college-252436,
46046872,Jonathan Denis,IOL,South Dade,Homestead,FL,82,2025,2480,221,3,Central Missouri,Louisiana Tech,2020,88,OG,0.901,303,14,https://247sports.com/player/jonathan-denis-46046872/high-school-200363,3,https://247sports.com/player/jonathan-denis-46046872/college-327735,
46156441,Aidan Tweedy,IOL,Oswego,Oswego,IL,82,2025,2481,222,3,Wayne State,Northern Illinois,2021,,IOL,,,,https://247sports.com/player/aidan-tweedy-46156441/high-school-331394,,https://247sports.com/player/aidan-tweedy-46156441/college-331395,
46110275,Tae Woody,IOL,Lafayette,Lafayette,AL,82,2025,2482,223,3,UAB,Louisiana-Monroe,2022,86,OT,0.8822,537,24,https://247sports.com/player/tae-woody-46110275/high-school-258478,3,https://247sports.com/player/tae-woody-46110275/college-299651,
46103652,Markus Clark,DL,Hoover,Hoover,AL,82,2025,2483,249,3,Appalachian State,Liberty,2022,84,DL,0.8444,1414,171,https://247sports.com/player/markus-clark-46103652/high-school-254818,3,https://247sports.com/player/markus-clark-46103652/college-283663,
46114744,Malachi Finau,DL,St. John Bosco,Bellflower,CA,82,2025,2484,250,3,Hawaii,San Diego State,2022,83,DL,0.8094,2033,229,https://247sports.com/player/malachi-finau-46114744/high-school-263353,3,https://247sports.com/player/malachi-finau-46114744/college-287945,
46097408,Justin Benton,DL,Newton,Covington,GA,82,2025,2485,251,3,Houston,East Carolina,2023,88,DL,0.8786,633,67,https://247sports.com/player/justin-benton-46097408/high-school-245294,3,https://247sports.com/player/justin-benton-46097408/college-292051,
46114751,Kyran Bourda,DL,St. Augustine,New Orleans,LA,82,2025,2486,252,3,Arizona State,Texas State,2023,87,DL,0.8747,728,81,https://247sports.com/player/kyran-bourda-46114751/high-school-263367,3,https://247sports.com/player/kyran-bourda-46114751/college-300526,
46103916,Enyce Sledge,DL,Neville,Monroe,LA,82,2025,2487,253,3,Illinois,Florida Atlantic,2022,86,DL,0.8652,875,119,https://247sports.com/player/enyce-sledge-46103916/high-school-255483,3,https://247sports.com/player/enyce-sledge-46103916/college-307440,
46146005,Naejuan Barber,DL,Ridge View,Columbia,SC,82,2025,2489,255,3,Coastal Carolina,Florida Atlantic,2021,,DL,,,,https://247sports.com/player/naejuan-barber-46146005/high-school-306347,,https://247sports.com/player/naejuan-barber-46146005/college-319807,
46128287,Jalil Rivera-Harvey,DL,Cedar Hill,Cedar Hill,TX,82,2025,2488,254,3,Western Kentucky,Marshall,2022,,DL,,,,https://247sports.com/player/jalil-rivera-harvey-46128287/junior-college-273376,,https://247sports.com/player/jalil-rivera-harvey-46128287/college-312502,
46147545,Cohen Fuller,DL,Cathedral,Inglewood,CA,82,2025,2490,256,3,Coastal Carolina,UNLV,2024,,DL,,,,https://247sports.com/player/cohen-fuller-46147545/junior-college-309337,,https://247sports.com/player/cohen-fuller-46147545/college-319816,
46135584,Kaden Beatty,DL,Atlantic Shores Christian School,Chesapeake,VA,82,2025,2491,257,3,Kent State,Washington State,2023,79,DL,0.815,2142,223,https://247sports.com/player/kaden-beatty-46135584/high-school-284235,2,https://247sports.com/player/kaden-beatty-46135584/college-320228,
46108881,Alvin Gulley Jr.,DL,Belleville West,Belleville,IL,82,2024,2492,258,3,Yale,Northern Illinois,2021,72,DL,,,,https://247sports.com/player/alvin-gulley-jr-46108881/high-school-256159,2,https://247sports.com/player/alvin-gulley-jr-46108881/college-324952,
46154288,Makhi Gilbert,DL,Central Phenix City,Phenix City,AL,82,2025,2494,260,3,Samford,Eastern Michigan,2022,,DL,,,,https://247sports.com/player/makhi-gilbert-46154288/high-school-326449,,https://247sports.com/player/makhi-gilbert-46154288/college-326450,
46082355,Taleeq Robbins,DL,Imhotep Institute,Philadelphia,PA,82,2025,2493,259,3,Houston,Troy,2023,,DL,,,,https://247sports.com/player/taleeq-robbins-46082355/junior-college-297066,,https://247sports.com/player/taleeq-robbins-46082355/college-325662,
46100512,Aamarii Notice,DL,Clarkson Football North,Mississauga,ON,82,2025,2495,261,3,Idaho,Coastal Carolina,2021,,DL,,,,https://247sports.com/player/aamarii-notice-46100512/high-school-249521,,https://247sports.com/player/aamarii-notice-46100512/college-328343,
46082840,AJ Sargent,DL,Rider,Wichita Falls,TX,82,2025,2496,262,3,Tarleton State,Sam Houston,2023,,DL,,,,https://247sports.com/player/aj-sargent-46082840/junior-college-250075,,https://247sports.com/player/aj-sargent-46082840/college-330168,
46156019,Josiah Jackson,DL,Franklin Road Academy,Nashville,TN,82,2025,2497,263,3,Davidson,New Mexico State,2022,,DL,,,,https://247sports.com/player/josiah-jackson-46156019/high-school-330353,,https://247sports.com/player/josiah-jackson-46156019/college-330354,
46094843,Tyas Martin,DL,Jacksonville,Jacksonville,AR,82,2025,2498,264,3,Colorado,Marshall,2021,85,DL,0.8693,697,88,https://247sports.com/player/tyas-martin-46094843/high-school-243602,3,https://247sports.com/player/tyas-martin-46094843/college-330364,
46083554,Tamarion Crumpley,CB,Winton Woods,Cincinnati,OH,82,2025,2499,280,3,Pittsburgh,UAB,2021,86,CB,0.8585,953,79,https://247sports.com/player/tamarion-crumpley-46083554/high-school-234138,3,https://247sports.com/player/tamarion-crumpley-46083554/college-269046,
46103869,Kalen Carroll,CB,Center Grove,Greenwood,IN,82,2025,2500,281,3,Cincinnati,Central Michigan,2022,86,CB,0.8607,984,90,https://247sports.com/player/kalen-carroll-46103869/high-school-265194,3,https://247sports.com/player/kalen-carroll-46103869/college-286032,
46093793,Anthony Richard Jr.,CB,Lafayette Christian Academy,Lafayette,LA,82,2025,2501,282,3,Marshall,Southern Miss,2021,,ATH,,,,https://247sports.com/player/anthony-richard-jr-46093793/high-school-242076,,https://247sports.com/player/anthony-richard-jr-46093793/college-331568,
46136558,Vincent Carroll-Jackson,DL,Central Dauphin East,Harrisburg,PA,82,2025,2502,265,3,Nebraska,UConn,2023,87,DL,0.8747,728,81,https://247sports.com/player/vincent-carroll-jackson-46136558/high-school-286798,3,https://247sports.com/player/vincent-carroll-jackson-46136558/college-295599,
46113075,JaSire Peterson,DL,Union City,Union City,NJ,82,2025,2503,266,3,Rutgers,UAB,2023,90,IOL,0.8828,558,47,https://247sports.com/player/jasire-peterson-46113075/high-school-260968,4,https://247sports.com/player/jasire-peterson-46113075/college-300554,
46052636,Dorian Wesley,DL,Woodhaven,Flat Rock,MI,82,2025,2504,267,3,Toledo,Western Michigan,2019,76,DT,0.7967,2715,172,https://247sports.com/player/dorian-wesley-46052636/high-school-213220,2,https://247sports.com/player/dorian-wesley-46052636/college-326702,
46154371,Jakeem Fletcher,DL,Tanner,Tanner,AL,82,2025,2505,268,3,Alabama State,Western Kentucky,2022,,DL,,,,https://247sports.com/player/jakeem-fletcher-46154371/high-school-326779,,https://247sports.com/player/jakeem-fletcher-46154371/college-326780,
46156526,Levontae Jacobs,DL,West Rowan,Mount Ulla,NC,82,2025,2506,269,3,Norfolk State,Louisiana-Monroe,2021,,DL,,,,https://247sports.com/player/levontae-jacobs-46156526/high-school-331558,,https://247sports.com/player/levontae-jacobs-46156526/college-331559,
46110377,Micah Pollard,LB,Bartram Trail,Jacksonville,FL,82,2025,2507,190,3,Michigan,Liberty,2022,86,LB,0.8726,720,72,https://247sports.com/player/micah-pollard-46110377/high-school-258717,3,https://247sports.com/player/micah-pollard-46110377/college-285843,
46132125,Jayden Wilson,LB,El Paso Austin,El Paso,TX,82,2025,2508,191,3,New Mexico,UTEP,2023,70,LB,0.7737,,,https://247sports.com/player/jayden-wilson-46132125/high-school-278410,2,https://247sports.com/player/jayden-wilson-46132125/college-319686,
46154507,Ethan Stuhlsatz,LB,Kapaun Mt. Carmel,Wichita,KS,82,2025,2509,192,3,Lindenwood,Wyoming,2023,,LB,,,,https://247sports.com/player/ethan-stuhlsatz-46154507/junior-college-327295,,https://247sports.com/player/ethan-stuhlsatz-46154507/college-327296,
46155942,Garrett Hawkins,LB,Sevier County,Sevierville,TN,82,2025,2511,194,3,Austin Peay,UTEP,2023,,LB,,,,https://247sports.com/player/garrett-hawkins-46155942/high-school-330137,,https://247sports.com/player/garrett-hawkins-46155942/college-330139,
46154904,JaMair Diaz,LB,Passaic,Passaic,NJ,82,2025,2510,193,3,Glenville State  (NA),Sam Houston,2023,,LB,,,,https://247sports.com/player/jamair-diaz-46154904/prep-328212,,https://247sports.com/player/jamair-diaz-46154904/college-328213,
46156030,Zane Porter,LB,Spring Valley,Huntington,WV,82,2025,2512,195,3,Morehead State,Marshall,2021,,LB,,,,https://247sports.com/player/zane-porter-46156030/high-school-330371,,https://247sports.com/player/zane-porter-46156030/college-330373,
46156523,JT Kouame-Yao,LB,Westfield,Chantilly,VA,82,2025,2514,197,3,Shepherd (NA),James Madison,2022,,LB,,,,https://247sports.com/player/jt-kouame-yao-46156523/high-school-331551,,https://247sports.com/player/jt-kouame-yao-46156523/college-331552,
46129390,Robert Edmonson,LB,Shadow Creek,Pearland,TX,82,2025,2513,196,3,Prairie View A&amp;M,Colorado State,2023,,LB,,,,https://247sports.com/player/robert-edmonson-46129390/high-school-274986,,https://247sports.com/player/robert-edmonson-46129390/college-331437,
46156604,James Camden,LB,Anderson,Cincinnati,OH,82,2025,2515,198,3,Cincinnati,Western Michigan,2020,,ATH,,,,https://247sports.com/player/james-camden-46156604/high-school-331687,,https://247sports.com/player/james-camden-46156604/college-331689,
46058769,Jai-Ayviauynn Celestine,CB,Miami Palmetto,Miami,FL,82,2025,2516,283,3,Arizona,FIU,2022,84,ATH,0.8489,1297,95,https://247sports.com/player/jai-ayviauynn-celestine-46058769/high-school-265891,3,https://247sports.com/player/jai-ayviauynn-celestine-46058769/college-281178,
46147597,Edward Rhambo,CB,Palo Verde,Las Vegas,NV,82,2025,2519,286,3,Bowling Green,Nevada,2022,,CB,,,,https://247sports.com/player/edward-rhambo-46147597/high-school-309456,,https://247sports.com/player/edward-rhambo-46147597/college-309458,
46051848,JoJo Johnson,CB,Merrillville,Merrillville,IN,82,2025,2518,285,3,Indiana,Bowling Green,2023,,CB,,,,https://247sports.com/player/jojo-johnson-46051848/junior-college-289756,,https://247sports.com/player/jojo-johnson-46051848/college-296543,
46086841,Lionell Whitaker,CB,Rickards,Tallahassee,FL,82,2025,2517,284,3,Maryland,Coastal Carolina,2022,85,CB,0.8596,1012,92,https://247sports.com/player/lionell-whitaker-46086841/high-school-240568,3,https://247sports.com/player/lionell-whitaker-46086841/college-285809,
46086978,Larry Preston,CB,McDougal Technical Institute,Apopka,FL,82,2025,2522,289,3,FIU,Jacksonville State,2022,,CB,,,,https://247sports.com/player/larry-preston-46086978/high-school-276509,,https://247sports.com/player/larry-preston-46086978/college-324455,
46114153,Jarvarius Sims,CB,Martin Luther King Jr.,Lithonia,GA,82,2025,2521,288,3,UConn,Western Michigan,2022,,S,,,,https://247sports.com/player/jarvarius-sims-46114153/high-school-262683,,https://247sports.com/player/jarvarius-sims-46114153/college-310492,
46052178,Anthony Romphf,CB,Southfield,Southfield,MI,82,2025,2520,287,3,Charlotte,Tulsa,2020,85,ATH,0.8552,1063,64,https://247sports.com/player/anthony-romphf-46052178/high-school-212340,3,https://247sports.com/player/anthony-romphf-46052178/college-310065,
46134455,Miles Thompson,CB,George Washington,Cedar Rapids,IA,82,2025,2523,290,3,Texas Tech,Northern Illinois,2023,85,ATH,0.8437,1596,139,https://247sports.com/player/miles-thompson-46134455/high-school-282337,3,https://247sports.com/player/miles-thompson-46134455/college-324934,
46054450,Trae Tomlinson,CB,Clearwater Academy International,Clearwater,FL,82,2025,2524,291,3,Richmond,Louisiana,2022,82,CB,,,,https://247sports.com/player/trae-tomlinson-46054450/high-school-215655,3,https://247sports.com/player/trae-tomlinson-46054450/college-329922,
46156528,Kamrin Canterbury,CB,Pinellas Park,Largo,FL,82,2025,2527,294,3,West Florida (NA),Louisiana-Monroe,2023,,CB,,,,https://247sports.com/player/kamrin-canterbury-46156528/high-school-331562,,https://247sports.com/player/kamrin-canterbury-46156528/college-331564,
46132345,Ethan Tookes,CB,Riverside,Jacksonville,FL,82,2025,2525,292,3,Alabama State,Kennesaw State,2023,,CB,,,,https://247sports.com/player/ethan-tookes-46132345/high-school-278709,,https://247sports.com/player/ethan-tookes-46132345/college-330248,
46156531,Jaquez White,CB,Pierce County,Blackshear,GA,82,2025,2528,295,3,Washburn,Troy,2023,,CB,,,,https://247sports.com/player/jaquez-white-46156531/high-school-331569,,https://247sports.com/player/jaquez-white-46156531/college-331570,
46081855,Joshua Pierre-Louis,CB,The Benjamin School,North Palm Beach,FL,82,2025,2526,293,3,West Georgia,Marshall,2024,,CB,,,,https://247sports.com/player/joshua-pierre-louis-46081855/junior-college-303698,,https://247sports.com/player/joshua-pierre-louis-46081855/college-330367,
46156606,Raylyn Manley,CB,Lake Taylor,Norfolk,VA,82,2025,2529,296,3,Virginia Union (NA),Western Michigan,2020,,CB,,,,https://247sports.com/player/raylyn-manley-46156606/high-school-331696,,https://247sports.com/player/raylyn-manley-46156606/college-334179,
46082411,Diondre Glover,CB,Newton,Covington,GA,82,2025,2530,297,3,Gardner-Webb,UConn,2022,,WR,,,,https://247sports.com/player/diondre-glover-46082411/junior-college-336523,,https://247sports.com/player/diondre-glover-46082411/college-336525,
46086953,Aaron Turner,WR,Gonzaga,Washington,DC,82,2025,2531,389,3,UConn,Rice,2021,81,RB,0.8396,1483,108,https://247sports.com/player/aaron-turner-46086953/high-school-241095,3,https://247sports.com/player/aaron-turner-46086953/college-301255,
46046607,Jake Woods,TE,Cardinal Newman,Santa Rosa,CA,82,2025,2532,146,3,Cal Poly,Temple,2019,78,WR,0.7956,2722,330,https://247sports.com/player/jake-woods-46046607/high-school-200052,2,https://247sports.com/player/jake-woods-46046607/college-337101,
46085692,Alex Branch,S,Twinsburg,Twinsburg,OH,82,2025,2533,233,3,Kent State,Akron,2021,81,CB,0.813,2177,195,https://247sports.com/player/alex-branch-46085692/high-school-237638,3,https://247sports.com/player/alex-branch-46085692/college-271528,
46080419,Rickey Hyatt Jr.,S,Westerville Central,Westerville,OH,82,2025,2534,234,3,South Alabama,Ohio,2020,87,S,0.8685,714,56,https://247sports.com/player/rickey-hyatt-jr-46080419/high-school-230034,3,https://247sports.com/player/rickey-hyatt-jr-46080419/college-287415,
46103659,Devin Pringle,S,Bolingbrook,Bolingbrook,IL,82,2025,2536,236,3,Grand Valley State,UConn,2021,,S,,,,https://247sports.com/player/devin-pringle-46103659/high-school-254826,,https://247sports.com/player/devin-pringle-46103659/college-314527,
46102095,C.J. Johnson,S,Paetow,Katy,TX,82,2025,2535,235,3,Auburn,New Mexico,2023,87,S,0.8786,633,58,https://247sports.com/player/cj-johnson-46102095/high-school-251823,3,https://247sports.com/player/cj-johnson-46102095/college-298251,
46118135,Jayden Davis,S,Collins Hill,Suwanee,GA,82,2025,2537,237,3,Cincinnati,Georgia Southern,2023,87,S,0.8869,494,47,https://247sports.com/player/jayden-davis-46118135/high-school-268862,3,https://247sports.com/player/jayden-davis-46118135/college-316460,
46143395,MaLik Caswell,S,Stockbridge,Stockbridge,GA,82,2025,2538,238,3,Marshall,Southern Miss,2024,82,S,0.8311,2185,207,https://247sports.com/player/malik-caswell-46143395/high-school-300436,3,https://247sports.com/player/malik-caswell-46143395/college-320498,
46098537,Daniel Harris,S,Palm Bay Senior,Melbourne,FL,82,2025,2539,239,3,UAB,Marshall,2023,85,EDGE,0.8661,936,89,https://247sports.com/player/daniel-harris-46098537/high-school-247012,3,https://247sports.com/player/daniel-harris-46098537/college-320599,
46154557,Davion Williams,S,Frostproof,Frostproof,FL,82,2025,2541,241,3,Charleston Southern,Eastern Michigan,2022,,S,,,,https://247sports.com/player/davion-williams-46154557/high-school-327401,,https://247sports.com/player/davion-williams-46154557/college-327402,
46098840,Michael Gravely Jr.,S,Euclid,Cleveland,OH,82,2025,2540,240,3,Michigan State,Ball State,2021,84,S,0.8541,1090,94,https://247sports.com/player/michael-gravely-jr-46098840/high-school-247394,3,https://247sports.com/player/michael-gravely-jr-46098840/college-326215,
46132277,TJ McGill,S,Chambers,Charlotte,NC,82,2025,2542,242,3,William &amp; Mary,James Madison,2023,,CB,,,,https://247sports.com/player/tj-mcgill-46132277/high-school-278613,,https://247sports.com/player/tj-mcgill-46132277/college-330124,
46113765,Rashawn Carr,S,Leuzinger,Lawndale,CA,82,2025,2543,243,3,Campbell,Marshall,2023,84,S,0.8367,1745,153,https://247sports.com/player/rashawn-carr-46113765/high-school-262112,3,https://247sports.com/player/rashawn-carr-46113765/college-330149,
46104097,Emory Floyd,S,Hillgrove,Powder Springs,GA,82,2025,2545,244,3,South Carolina,Appalachian State,2022,88,S,0.8904,425,37,https://247sports.com/player/emory-floyd-46104097/high-school-255861,3,https://247sports.com/player/emory-floyd-46104097/college-282114,
46087025,Daniel Demery,LB,Parish Episcopal School,Dallas,TX,82,2025,2547,199,3,Ole Miss,Arkansas State,2023,86,S,0.8711,823,65,https://247sports.com/player/daniel-demery-46087025/high-school-241484,3,https://247sports.com/player/daniel-demery-46087025/college-300969,
46131043,Cam Fleming,S,Trinity Episcopal,Richmond,VA,82,2025,2546,245,3,Virginia Tech,Appalachian State,2023,87,CB,0.8647,988,98,https://247sports.com/player/cam-fleming-46131043/high-school-277024,3,https://247sports.com/player/cam-fleming-46131043/college-297126,
46138728,Cedric Franklin II,S,Kell,Marietta,GA,82,2025,2548,246,3,Georgia Tech,Arkansas State,2024,85,S,0.8558,1391,129,https://247sports.com/player/cedric-franklin-ii-46138728/high-school-291363,3,https://247sports.com/player/cedric-franklin-ii-46138728/college-306834,
46101190,Ja'Marion Wayne,CB,Parkway West,Ballwin,MO,82,2025,2550,298,3,Missouri,Coastal Carolina,2022,90,WR,0.9031,286,41,https://247sports.com/player/jamarion-wayne-46101190/high-school-250419,4,https://247sports.com/player/jamarion-wayne-46101190/college-285958,
46094253,Macyo Williams,DL,St. Vincent-St. Mary,Akron,OH,82,2025,2551,271,3,Kent State,Charlotte,2021,80,DL,0.817,2062,240,https://247sports.com/player/macyo-williams-46094253/high-school-242880,3,https://247sports.com/player/macyo-williams-46094253/college-309332,
46128310,Carson Osmus,OT,Camas,Camas,WA,82,2025,2552,185,3,Washington State,Florida Atlantic,2024,85,OT,0.8558,1391,110,https://247sports.com/player/carson-osmus-46128310/high-school-273410,3,https://247sports.com/player/carson-osmus-46128310/college-319880,
46150754,Dennious Jackson,DL,Lakeside,Evans,GA,82,2025,2553,272,3,Kentucky,Colorado State,2024,,DL,,,,https://247sports.com/player/dennious-jackson-46150754/junior-college-316508,,https://247sports.com/player/dennious-jackson-46150754/college-321440,
46157949,Noah Gibson,CB,Jacksonville,Jacksonville,NC,82,2025,2555,300,3,Shaw,Coastal Carolina,2022,,CB,,,,https://247sports.com/player/noah-gibson-46157949/high-school-336534,,https://247sports.com/player/noah-gibson-46157949/college-336535,
94747,Keontae Jenkins,CB,Frank W. Cox,Virginia Beach,VA,82,2025,2554,299,3,TCU,Delaware,2020,90,CB,0.9069,268,19,https://247sports.com/player/keontae-jenkins-94747/high-school-181035,4,https://247sports.com/player/keontae-jenkins-94747/college-335059,
46130630,Zion Allen,CB,Manteca,Manteca,CA,82,2025,2556,301,3,BYU,Hawaii,2022,82,CB,0.8367,1576,139,https://247sports.com/player/zion-allen-46130630/high-school-276437,3,https://247sports.com/player/zion-allen-46130630/college-337301,
46102304,Dru McClough,IOL,Maiden,Maiden,NC,82,2025,2557,225,3,Presbyterian,East Carolina,2022,,ATH,,,,https://247sports.com/player/dru-mcclough-46102304/high-school-252205,,https://247sports.com/player/dru-mcclough-46102304/college-337613,
46131407,Braeden Wisloski,WR,Southern Columbia Area,Catawissa,PA,82,2025,2558,390,3,Maryland,James Madison,2023,87,ATH,0.8608,1095,92,https://247sports.com/player/braeden-wisloski-46131407/high-school-277448,3,https://247sports.com/player/braeden-wisloski-46131407/college-294735,
46138010,Jaheim Jenkins,S,Bainbridge,Bainbridge,GA,82,2025,2560,247,3,Eastern Michigan,Jacksonville State,2023,,S,,,,https://247sports.com/player/jaheim-jenkins-46138010/junior-college-289932,,https://247sports.com/player/jaheim-jenkins-46138010/college-320794,
46133236,Nasir Smith,DL,Grayson,Loganville,GA,82,2025,2559,273,3,Georgia Southern,Kennesaw State,2024,86,DL,0.8736,817,92,https://247sports.com/player/nasir-smith-46133236/high-school-279979,3,https://247sports.com/player/nasir-smith-46133236/college-319866,
46157907,Gerard Bullock Jr.,TE,Ensworth,Nashville,TN,82,2025,2561,147,3,Tennessee State,Kennesaw State,2020,,QB,,,,https://247sports.com/player/gerard-bullock-jr-46157907/high-school-336439,,https://247sports.com/player/gerard-bullock-jr-46157907/college-336441,
46157908,Jaden Kelly,LB,South Grand Prairie,Grand Prairie,TX,82,2025,2562,200,3,Arkansas-Pine Bluff,Kennesaw State,2024,,LB,,,,https://247sports.com/player/jaden-kelly-46157908/junior-college-336443,,https://247sports.com/player/jaden-kelly-46157908/college-336445,
46129046,Ladarian Paulk,S,Wekiva,Apopka,FL,82,2025,2564,248,3,West Florida (NA),East Carolina,2022,,CB,,,,https://247sports.com/player/ladarian-paulk-46129046/junior-college-274468,,https://247sports.com/player/ladarian-paulk-46129046/college-337853,
46085400,Chris Keys Jr.,S,Collins,Collins,MS,82,2025,2565,249,3,Mississippi State,Florida Atlantic,2020,88,CB,0.8563,1028,84,https://247sports.com/player/chris-keys-jr-46085400/high-school-237052,3,https://247sports.com/player/chris-keys-jr-46085400/college-296966,
46057172,Kamo'i Latu,S,St. Louis,Honolulu,HI,82,2025,2566,250,3,Wisconsin,UConn,2020,85,S,0.85,1200,86,https://247sports.com/player/kamoi-latu-46057172/high-school-220185,3,https://247sports.com/player/kamoi-latu-46057172/college-280730,
46117477,Alonzo Edwards Jr.,S,Germantown,Madison,MS,82,2025,2567,251,3,Texas State,Sam Houston,2022,,CB,,,,https://247sports.com/player/alonzo-edwards-jr-46117477/junior-college-267749,,https://247sports.com/player/alonzo-edwards-jr-46117477/college-287590,
46049709,Koby Gross,TE,Pittsburg,Pittsburg,CA,82,2025,2563,148,3,Florida A&amp;M,Ball State,2021,,TE,,,,https://247sports.com/player/koby-gross-46049709/junior-college-239033,,https://247sports.com/player/koby-gross-46049709/college-336464,
46081769,DJ Stepney,S,Dakota,Macomb,MI,82,2025,2569,253,3,Central Michigan,Akron,2021,86,S,0.8585,953,69,https://247sports.com/player/dj-stepney-46081769/high-school-231838,3,https://247sports.com/player/dj-stepney-46081769/college-319350,
46094683,Kahlil Ali,S,Pennsauken,Pennsauken,NJ,82,2025,2568,252,3,Boston College,Delaware,2023,87,S,0.8747,728,62,https://247sports.com/player/kahlil-ali-46094683/high-school-243253,3,https://247sports.com/player/kahlil-ali-46094683/college-300342,
46085479,Tayvion Beasley,S,St. John Bosco,Bellflower,CA,82,2025,2570,254,3,San Diego State,BYU,2022,85,CB,0.8685,796,73,https://247sports.com/player/tayvion-beasley-46085479/high-school-237185,3,https://247sports.com/player/tayvion-beasley-46085479/college-319704,
46099241,Calvin Pitcher,S,Centennial,Corona,CA,82,2025,2571,255,3,Idaho State,UAB,2021,84,S,,,,https://247sports.com/player/calvin-pitcher-46099241/high-school-247742,3,https://247sports.com/player/calvin-pitcher-46099241/college-331121,
46133974,Connor Cameron,OT,Campo Verde,Gilbert,AZ,82,2025,2572,186,3,Arizona State,Baylor,2024,,OT,,,,https://247sports.com/player/connor-cameron-46133974/high-school-281441,,https://247sports.com/player/connor-cameron-46133974/college-337856,
46153953,Tristan Holmbeck,IOL,Springside Chestnut Hill Academy,Philadelphia,PA,82,2025,2573,226,3,Dartmouth,Colorado State,2021,,IOL,,,,https://247sports.com/player/tristan-holmbeck-46153953/high-school-325543,,https://247sports.com/player/tristan-holmbeck-46153953/college-325544,
46113325,Derrell Farrar,LB,Grayson,Loganville,GA,82,2025,2574,201,3,Appalachian State,Liberty,2022,80,LB,0.8267,1766,186,https://247sports.com/player/derrell-farrar-46113325/high-school-261435,3,https://247sports.com/player/derrell-farrar-46113325/college-274980,
46130925,Jordan Pierro,CB,Clovis West,Fresno,CA,82,2025,2575,302,3,Fresno State,Louisiana Tech,2024,83,CB,0.8337,2130,198,https://247sports.com/player/jordan-pierro-46130925/high-school-276878,3,https://247sports.com/player/jordan-pierro-46130925/college-318878,
46135245,Josh Daniel,IOL,Minor,Adamsville,AL,82,2025,2576,227,3,Alabama State,Coastal Carolina,2023,82,IOL,0.817,2103,164,https://247sports.com/player/josh-daniel-46135245/high-school-283643,3,https://247sports.com/player/josh-daniel-46135245/college-337300,
46086241,Robby Harrison,DL,Emerald,Greenwood,SC,82,2025,2579,275,3,Arizona State,Western Kentucky,2022,84,DL,0.8444,1414,171,https://247sports.com/player/robby-harrison-46086241/high-school-239097,3,https://247sports.com/player/robby-harrison-46086241/college-296130,
46079853,Nick Booker-Brown,DL,Westfield,Houston,TX,82,2025,2577,274,3,UTSA,NC State,2020,86,DT,0.8511,1167,91,https://247sports.com/player/nick-booker-brown-46079853/high-school-229166,3,https://247sports.com/player/nick-booker-brown-46079853/college-286913,
46128968,Jet Thompson,WR,Johns Creek,Alpharetta,GA,82,2025,2578,391,3,Georgia Southern,UTEP,2022,,WR,,,,https://247sports.com/player/jet-thompson-46128968/high-school-274326,,https://247sports.com/player/jet-thompson-46128968/college-287144,
46116095,Caleb Coleman,S,Smiths Station,Smiths Station,AL,82,2025,2580,256,3,West Virginia,New Mexico,2021,,S,,,,https://247sports.com/player/caleb-coleman-46116095/junior-college-265533,,https://247sports.com/player/caleb-coleman-46116095/college-300106,
46152529,Lorenzo Smith,S,Velma Jackson,Camden,MS,82,2025,2586,258,3,South Alabama,New Mexico State,2025,,S,,,,https://247sports.com/player/lorenzo-smith-46152529/junior-college-322272,,https://247sports.com/player/lorenzo-smith-46152529/college-336425,
46058842,Jayden Davis,S,Bishop O'Dowd,Oakland,CA,82,2025,2583,257,3,Sacramento State,Western Michigan,2021,,S,,,,https://247sports.com/player/jayden-davis-46058842/junior-college-305290,,https://247sports.com/player/jayden-davis-46058842/college-335717,
46134301,Caleb Nitta,IOL,Tuscarora,Leesburg,VA,82,2025,2584,228,3,Virginia Tech,Western Kentucky,2023,,IOL,,,,https://247sports.com/player/caleb-nitta-46134301/high-school-282048,,https://247sports.com/player/caleb-nitta-46134301/college-336327,
46098705,Pius Odjugo,DL,River Rouge,River Rouge,MI,82,2025,2588,278,3,Central Michigan,Ohio,2024,,DL,,,,https://247sports.com/player/pius-odjugo-46098705/junior-college-306408,,https://247sports.com/player/pius-odjugo-46098705/college-312513,
46154349,Ky'won McCray,LB,Lake Clifton,Baltimore,MD,82,2025,2591,202,3,Jacksonville State,New Mexico,2022,,LB,,,,https://247sports.com/player/kywon-mccray-46154349/junior-college-326679,,https://247sports.com/player/kywon-mccray-46154349/college-326680,
46141809,Chris Stokes,DL,East Paulding,Dallas,GA,82,2025,2590,279,3,Marshall,Southern Miss,2024,82,DL,0.8433,1828,187,https://247sports.com/player/chris-stokes-46141809/high-school-296943,3,https://247sports.com/player/chris-stokes-46141809/college-320502,
46049482,Zachary Franks,IOL,Gilman,Baltimore,MD,82,2025,2589,229,3,Northwestern,UMass,2019,85,OT,0.8596,961,81,https://247sports.com/player/zachary-franks-46049482/high-school-207936,3,https://247sports.com/player/zachary-franks-46049482/college-316662,
46117800,Nate Forystek,TE,Bay Port,Green Bay,WI,82,2025,2596,150,3,North Dakota State,South Alabama,2022,,TE,,,,https://247sports.com/player/nate-forystek-46117800/high-school-268207,,https://247sports.com/player/nate-forystek-46117800/college-337205,
46056744,Bryce Carter,DL,Life Christian Academy,Chester,VA,82,2025,2597,281,3,Virginia,Texas State,2021,95,DL,0.9442,121,19,https://247sports.com/player/bryce-carter-46056744/high-school-219416,4,https://247sports.com/player/bryce-carter-46056744/college-269053,
46101839,Calvin Johnson II,WR,French Camp Academy,French Camp,MS,82,2025,2598,393,3,Northwestern,Tulsa,2021,84,ATH,0.8511,1157,83,https://247sports.com/player/calvin-johnson-ii-46101839/high-school-251506,3,https://247sports.com/player/calvin-johnson-ii-46101839/college-269342,
46053931,Mavin Anderson,WR,Mission Viejo,Mission Viejo,CA,82,2025,2599,394,3,California,Texas State,2021,92,WR,0.9031,292,43,https://247sports.com/player/mavin-anderson-46053931/high-school-214890,4,https://247sports.com/player/mavin-anderson-46053931/college-269780,
46147253,Anfernee Crease,OT,Tomball Memorial,Corsicana,TX,82,2025,2600,188,3,Kentucky,Texas State,2024,,OT,,,,https://247sports.com/player/anfernee-crease-46147253/junior-college-308870,,https://247sports.com/player/anfernee-crease-46147253/college-315963,
46115269,Ashton Heflin,LB,Newnan,Newnan,GA,82,2025,2601,204,3,Georgia Tech,Texas State,2023,84,LB,0.8417,1638,144,https://247sports.com/player/ashton-heflin-46115269/high-school-263962,3,https://247sports.com/player/ashton-heflin-46115269/college-319355,
46134531,Nathaniel Chandler,DL,Smyrna,Smyrna,DE,82,2025,2602,282,3,Sacred Heart,Toledo,2023,,DL,,,,https://247sports.com/player/nathaniel-chandler-46134531/high-school-282445,,https://247sports.com/player/nathaniel-chandler-46134531/college-335931,
46102067,Justin Cayenne,TE,The Bolles School,Jacksonville,FL,82,2025,2604,151,3,Pennsylvania,FIU,2021,81,TE,0.7994,2458,132,https://247sports.com/player/justin-cayenne-46102067/high-school-251787,3,https://247sports.com/player/justin-cayenne-46102067/college-326559,
46099242,Quincy Burroughs,WR,Raines,Jacksonville,FL,82,2025,2606,395,3,Cincinnati,Western Kentucky,2022,86,WR,0.86,994,142,https://247sports.com/player/quincy-burroughs-46099242/high-school-247743,3,https://247sports.com/player/quincy-burroughs-46099242/college-296170,
46085033,Ty Williams,S,Muskogee,Muskogee,OK,82,2025,2605,259,3,Oklahoma State,Tulsa,2021,90,S,0.8859,441,34,https://247sports.com/player/ty-williams-46085033/high-school-236434,4,https://247sports.com/player/ty-williams-46085033/college-262281,
46128071,Isaac Sohn,IOL,Aledo,Aledo,TX,82,2025,2608,231,3,North Texas,Sam Houston,2023,83,OT,0.8304,1866,141,https://247sports.com/player/isaac-sohn-46128071/high-school-272983,3,https://247sports.com/player/isaac-sohn-46128071/college-318411,
46141562,Elijah Brown,CB,Narbonne,Harbor City,CA,82,2025,2610,305,3,Arizona,Colorado State,2025,,CB,,,,https://247sports.com/player/elijah-brown-46141562/junior-college-327284,,https://247sports.com/player/elijah-brown-46141562/college-330703,
46144613,Wyatt Wright,LB,Woodbridge,Bridgeville,DE,82,2025,2611,205,3,NC State,Arkansas State,2024,,LB,,,,https://247sports.com/player/wyatt-wright-46144613/junior-college-303285,,https://247sports.com/player/wyatt-wright-46144613/college-332171,
46113253,Eric Willis III,WR,Academy Park,Sharon Hill,PA,82,2025,2615,396,3,California (PA) (NA),UTEP,2022,,WR,,,,https://247sports.com/player/eric-willis-iii-46113253/high-school-261295,,https://247sports.com/player/eric-willis-iii-46113253/college-338332,
46157869,Chris Gacayan II,TE,Axtell,Axtell,TX,82,2025,2612,152,3,Mary Hardin-Baylor (NA),Tulsa,2023,,TE,,,,https://247sports.com/player/chris-gacayan-ii-46157869/high-school-336328,,https://247sports.com/player/chris-gacayan-ii-46157869/college-336329,
46052753,Jaden Hardy,DL,Benedictine Military School,Savannah,GA,82,2025,2613,283,3,Grambling State,Western Kentucky,2020,86,SDE,0.8652,804,35,https://247sports.com/player/jaden-hardy-46052753/high-school-213362,3,https://247sports.com/player/jaden-hardy-46052753/college-338222,
46084639,Miles Davis,RB,Las Vegas,Las Vegas,NV,81,2025,2621,182,3,BYU,Utah State,2020,81,WR,0.81,2503,328,https://247sports.com/player/miles-davis-46084639/high-school-235915,3,https://247sports.com/player/miles-davis-46084639/college-257725,
46052224,Jamontez Woods,RB,Gadsden City,Gadsden,AL,81,2025,2622,183,3,West Florida (NA),Troy,2019,83,RB,0.8337,1617,99,https://247sports.com/player/jamontez-woods-46052224/high-school-212402,3,https://247sports.com/player/jamontez-woods-46052224/college-335514,
46139196,Shomari Lawrence,RB,Blanche Ely,Pompano Beach,FL,81,2025,2625,186,3,FIU,Missouri State,2020,,RB,,,,https://247sports.com/player/shomari-lawrence-46139196/high-school-292150,,https://247sports.com/player/shomari-lawrence-46139196/college-299580,
46156517,Orlando Daniels,EDGE,Plymouth,Canton,MI,81,2025,2627,245,3,Albion College,Arkansas State,2023,,EDGE,,,,https://247sports.com/player/orlando-daniels-46156517/high-school-331536,,https://247sports.com/player/orlando-daniels-46156517/college-332158,
46099283,Max White,RB,John F. Kennedy,Cedar Rapids,IA,81,2025,2626,187,3,Iowa,Wyoming,2021,,ATH,,,,https://247sports.com/player/max-white-46099283/high-school-247807,,https://247sports.com/player/max-white-46099283/college-269269,
46128147,Donovan Rieman,EDGE,Enid,Enid,OK,81,2025,2628,246,3,Kansas State,Louisiana Tech,2022,85,EDGE,0.867,838,53,https://247sports.com/player/donovan-rieman-46128147/high-school-273147,3,https://247sports.com/player/donovan-rieman-46128147/college-285365,
46136301,Evan Herrmann,EDGE,Hamilton,Sussex,WI,81,2025,2629,247,3,Vanderbilt,Ohio,2023,85,EDGE,0.8575,1196,110,https://247sports.com/player/evan-herrmann-46136301/high-school-286231,3,https://247sports.com/player/evan-herrmann-46136301/college-297684,
46110586,AJ Odom,EDGE,Oakman,Oakman,AL,81,2025,2633,251,3,Memphis,Bowling Green,2022,85,LB,0.8574,1073,105,https://247sports.com/player/aj-odom-46110586/high-school-259185,3,https://247sports.com/player/aj-odom-46110586/college-286287,
46154470,David Onuoha,EDGE,Matawan Regional,Matawan,NJ,81,2025,2631,249,3,Rutgers,UMass,2022,,EDGE,,,,https://247sports.com/player/david-onuoha-46154470/high-school-327161,,https://247sports.com/player/david-onuoha-46154470/college-327162,
46101660,Tim Malo,S,Sehome,Bellingham,WA,81,2025,2641,261,3,Brown,Hawaii,2021,80,S,0.7833,2624,213,https://247sports.com/player/tim-malo-46101660/high-school-251278,3,https://247sports.com/player/tim-malo-46101660/college-324316,
46108933,Terry Kirksey Jr.,LB,Baker,Mobile,AL,81,2025,2643,206,3,Kansas State,Arkansas State,2023,,LB,,,,https://247sports.com/player/terry-kirksey-jr-46108933/junior-college-288478,,https://247sports.com/player/terry-kirksey-jr-46108933/college-333077,
46110004,Tyler Stolsky,LB,Portage Central,Portage,MI,81,2025,2645,208,3,Minnesota,Florida Atlantic,2022,80,LB,,,,https://247sports.com/player/tyler-stolsky-46110004/high-school-258075,3,https://247sports.com/player/tyler-stolsky-46110004/college-306738,
46113805,TK King,WR,Alief Taylor,Houston,TX,81,2025,2647,397,3,Texas Tech,New Mexico State,2022,85,WR,0.8611,964,134,https://247sports.com/player/tk-king-46113805/high-school-262185,3,https://247sports.com/player/tk-king-46113805/college-312551,
46110492,Braden Pegan,WR,San Juan Hills,San Juan Capistrano,CA,81,2025,2650,400,3,UCLA,Utah State,2022,88,WR,0.8741,677,95,https://247sports.com/player/braden-pegan-46110492/high-school-258965,3,https://247sports.com/player/braden-pegan-46110492/college-284954,
46084068,Jakolbe Baldwin,WR,Richmond,Rockingham,NC,81,2025,2649,399,3,NC State,Marshall,2021,85,WR,0.85,1188,171,https://247sports.com/player/jakolbe-baldwin-46084068/high-school-234795,3,https://247sports.com/player/jakolbe-baldwin-46084068/college-262723,
46139166,Tyree Kelly,WR,Cairo,Cairo,GA,81,2025,2652,401,3,South Florida,UMass,2023,,WR,,,,https://247sports.com/player/tyree-kelly-46139166/high-school-292102,,https://247sports.com/player/tyree-kelly-46139166/college-301551,
46103758,Tanner Lemaster,TE,Washington,Washington Court House,OH,81,2025,2651,153,3,Kentucky,Eastern Michigan,2023,86,TE,0.8519,1333,58,https://247sports.com/player/tanner-lemaster-46103758/high-school-254952,3,https://247sports.com/player/tanner-lemaster-46103758/college-301205,
46156041,Jyrin Johnson,TE,East Ascension,Gonzales,LA,81,2025,2660,160,3,Texas Southern,Bowling Green,2020,,TE,,,,https://247sports.com/player/jyrin-johnson-46156041/high-school-330393,,https://247sports.com/player/jyrin-johnson-46156041/college-330394,
46084070,Ahmon Green,TE,Westwood,Blythewood,SC,81,2025,2656,156,3,Georgia State,Georgia Southern,2020,82,PRO,0.8163,2323,83,https://247sports.com/player/ahmon-green-46084070/high-school-234797,3,https://247sports.com/player/ahmon-green-46084070/college-254536,
46155878,Trey Miller,TE,Bishop Neumann,Wahoo,NE,81,2025,2659,159,3,Wayne State,Louisiana,2020,,TE,,,,https://247sports.com/player/trey-miller-46155878/high-school-329914,,https://247sports.com/player/trey-miller-46155878/college-329917,
46156039,Ben Turner,WR,Spring Valley,Huntington,WV,81,2025,2662,404,3,West Liberty (NA),Marshall,2022,,WR,,,,https://247sports.com/player/ben-turner-46156039/high-school-330389,,https://247sports.com/player/ben-turner-46156039/college-330390,
46156432,Junior Diallo,OT,North Springs,Atlanta,GA,81,2025,2666,191,3,Emory &amp; Henry (NA),Kent State,2022,,OT,,,,https://247sports.com/player/junior-diallo-46156432/high-school-331373,,https://247sports.com/player/junior-diallo-46156432/college-331374,
46156006,Jemeil Jackson,OT,Dutchtown,Hampton,GA,81,2025,2667,192,3,Fort Valley State,Western Kentucky,2021,,OT,,,,https://247sports.com/player/jemeil-jackson-46156006/high-school-330294,,https://247sports.com/player/jemeil-jackson-46156006/college-330296,
46154680,Ni Mansell,IOL,Westside,Anderson,SC,81,2025,2677,240,3,South Carolina,South Alabama,2020,,IOL,,,,https://247sports.com/player/ni-mansell-46154680/high-school-327656,,https://247sports.com/player/ni-mansell-46154680/college-327658,
46156516,Josh Waite,IOL,Central,Martinsburg,PA,81,2025,2674,237,3,Shippensburg,Ohio,2022,,IOL,,,,https://247sports.com/player/josh-waite-46156516/high-school-331534,,https://247sports.com/player/josh-waite-46156516/college-331535,
46085769,Aaron Beckwith,DL,Northwest,Germantown,MD,81,2025,2680,284,3,UMass,Temple,2020,85,ATH,0.8483,1274,78,https://247sports.com/player/aaron-beckwith-46085769/high-school-237774,3,https://247sports.com/player/aaron-beckwith-46085769/college-253494,
46103994,Jamaal Whyce Jr.,DL,Florida Christian School,Miami,FL,81,2025,2682,286,3,South Carolina,Marshall,2022,86,DL,0.8674,826,112,https://247sports.com/player/jamaal-whyce-jr-46103994/high-school-255641,3,https://247sports.com/player/jamaal-whyce-jr-46103994/college-275248,
46118343,Jordan Buchanan,CB,North Gwinnett,Suwanee,GA,81,2025,2696,307,3,South Alabama,UNLV,2022,84,S,0.8563,1103,85,https://247sports.com/player/jordan-buchanan-46118343/high-school-269479,3,https://247sports.com/player/jordan-buchanan-46118343/college-331499,
46058909,Cliff Mosley,DL,Calvary Baptist Academy,Shreveport,LA,81,2025,2702,298,3,Utah State,Louisiana-Monroe,2023,,DL,,,,https://247sports.com/player/cliff-mosley-46058909/junior-college-289766,,https://247sports.com/player/cliff-mosley-46058909/college-331557,
46115824,Alexander Ford,CB,Father Ryan,Nashville,TN,81,2025,2709,310,3,Western Kentucky,Kennesaw State,2022,81,CB,0.8106,2019,167,https://247sports.com/player/alexander-ford-46115824/high-school-264839,3,https://247sports.com/player/alexander-ford-46115824/college-286929,
46080205,Jaymar Mundy,CB,La Salle,Cincinnati,OH,81,2025,2713,314,3,Western Kentucky,Ohio,2024,,CB,,,,https://247sports.com/player/jaymar-mundy-46080205/junior-college-303087,,https://247sports.com/player/jaymar-mundy-46080205/college-312496,
46156036,Mayes Doggan,CB,Normal Community,Normal,IL,81,2025,2715,316,3,Northwest Missouri State,Bowling Green,2021,,CB,,,,https://247sports.com/player/mayes-doggan-46156036/high-school-330384,,https://247sports.com/player/mayes-doggan-46156036/college-330385,
46145474,Dylan Gentry,WR,Central Phenix City,Phenix City,AL,81,2025,2724,406,3,Auburn,Jacksonville State,2024,83,WR,0.83,2232,278,https://247sports.com/player/dylan-gentry-46145474/high-school-305107,3,https://247sports.com/player/dylan-gentry-46145474/college-308382,
46095045,Vince Fiacable,IOL,Bishop Dwenger,Fort Wayne,IN,81,2025,2723,243,3,Indiana,Florida Atlantic,2021,86,IOL,0.8578,969,62,https://247sports.com/player/vince-fiacable-46095045/high-school-244192,3,https://247sports.com/player/vince-fiacable-46095045/college-260989,
46112008,Ken Willis,S,Colerain,Cincinnati,OH,81,2025,2731,269,3,Cincinnati,James Madison,2022,85,CB,0.8493,1288,118,https://247sports.com/player/ken-willis-46112008/high-school-260180,3,https://247sports.com/player/ken-willis-46112008/college-286045,
46125792,Chrisdasson Saint-Jean,OT,Evans,Orlando,FL,81,2025,2732,194,3,Florida Atlantic,Kennesaw State,2023,86,OT,0.855,1264,98,https://247sports.com/player/chrisdasson-saint-jean-46125792/high-school-271947,3,https://247sports.com/player/chrisdasson-saint-jean-46125792/college-301499,
46145650,Lyndon Ravare,WR,Silverado,Victorville,CA,81,2025,2733,408,3,Fresno State,Kennesaw State,2024,,WR,,,,https://247sports.com/player/lyndon-ravare-46145650/junior-college-305591,,https://247sports.com/player/lyndon-ravare-46145650/college-318879,
46082184,Tyler Jones,S,West Orange,Winter Garden,FL,81,2025,2744,277,3,Missouri,UTEP,2020,84,S,0.8489,1253,90,https://247sports.com/player/tyler-jones-46082184/high-school-232592,3,https://247sports.com/player/tyler-jones-46082184/college-326445,
46138553,D'Andre Barnes,S,Regis Jesuit,Aurora,CO,81,2025,2750,278,3,Nebraska,Utah State,2023,84,WR,0.8575,1196,112,https://247sports.com/player/dandre-barnes-46138553/high-school-291133,3,https://247sports.com/player/dandre-barnes-46138553/college-295595,
46082257,Kevin Kalonji,OT,The Avalon School,Silver Spring,MD,81,2025,2753,196,3,Maryland,Sam Houston,2023,,OT,,,,https://247sports.com/player/kevin-kalonji-46082257/junior-college-296623,,https://247sports.com/player/kevin-kalonji-46082257/college-301231,
46116012,Saadiq Clements,DL,Henderson County,Henderson,KY,81,2025,2751,303,3,Louisville,North Texas,2023,87,DL,0.8761,701,75,https://247sports.com/player/saadiq-clements-46116012/high-school-265091,3,https://247sports.com/player/saadiq-clements-46116012/college-297410,
46148042,Donte Thompson,CB,West Florida Tech,Pensacola,FL,81,2025,2756,322,3,Texas State,UTEP,2022,,CB,,,,https://247sports.com/player/donte-thompson-46148042/junior-college-310743,,https://247sports.com/player/donte-thompson-46148042/college-310746,
46112901,Patrick Smith-Young,S,Clements,Sugar Land,TX,81,2025,2755,279,3,Old Dominion,North Texas,2022,82,CB,0.8156,1945,161,https://247sports.com/player/patrick-smith-young-46112901/high-school-260661,3,https://247sports.com/player/patrick-smith-young-46112901/college-310739,
46056747,Andres Dewerk,OT,Los Gatos,Los Gatos,CA,81,2025,2758,197,3,USC,Ohio,2020,84,OT,0.8489,1253,100,https://247sports.com/player/andres-dewerk-46056747/high-school-219419,3,https://247sports.com/player/andres-dewerk-46056747/college-319770,
46139135,Michael Levelle Watkins,IOL,Apollo,Glendale,AZ,81,2025,2761,249,3,Washington,San Diego State,2024,82,IOL,0.8519,1535,125,https://247sports.com/player/michael-levelle-watkins-46139135/high-school-291998,3,https://247sports.com/player/michael-levelle-watkins-46139135/college-321737,
46098031,Kadinn Morris,TE,Sacred Heart Griffin,Springfield,IL,81,2025,2769,167,3,Western Michigan,Southern Miss,2021,78,TE,0.8059,2336,123,https://247sports.com/player/kadinn-morris-46098031/high-school-246178,2,https://247sports.com/player/kadinn-morris-46098031/college-271737,
46131153,Jaden Lyles,S,Lipscomb Academy,Nashville,TN,81,2025,2764,281,3,Austin Peay,Western Michigan,2022,,CB,,,,https://247sports.com/player/jaden-lyles-46131153/high-school-277160,,https://247sports.com/player/jaden-lyles-46131153/college-335800,
46143417,Raheim Sexil,CB,Manatee,Bradenton,FL,81,2025,2771,323,3,FIU,UMass,2024,82,CB,0.8204,2469,225,https://247sports.com/player/raheim-sexil-46143417/high-school-300553,3,https://247sports.com/player/raheim-sexil-46143417/college-311729,
46139176,Dorion Jackson,S,Wetumpka,Wetumpka,AL,81,2025,2773,282,3,Troy,Tulane,2023,,S,,,,https://247sports.com/player/dorion-jackson-46139176/high-school-292123,,https://247sports.com/player/dorion-jackson-46139176/college-320873,
46079390,Rocko Griffin,RB,South Effingham,Savannah,GA,80,2025,2778,188,3,Vanderbilt,UMass,2020,85,RB,0.853,1123,73,https://247sports.com/player/rocko-griffin-46079390/high-school-228638,3,https://247sports.com/player/rocko-griffin-46079390/college-295307,
46101122,Aiden Gobaira,EDGE,Chantilly,Chantilly,VA,80,2025,2779,256,3,Notre Dame,James Madison,2022,93,EDGE,0.9332,168,16,https://247sports.com/player/aiden-gobaira-46101122/high-school-250328,4,https://247sports.com/player/aiden-gobaira-46101122/college-275472,
46115946,Max Brown,QB,Lincoln Christian School,Tulsa,OK,80,2025,2782,170,3,Florida,West Virginia,2022,87,QB,0.8374,1557,96,https://247sports.com/player/max-brown-46115946/high-school-264992,3,https://247sports.com/player/max-brown-46115946/college-310069,
46083517,Garrison Smith,K,Norwalk,Norwalk,OH,80,2025,2788,7,3,Akron,Florida Atlantic,2021,,K,,,,https://247sports.com/player/garrison-smith-46083517/high-school-234095,,https://247sports.com/player/garrison-smith-46083517/college-326504,
46154050,Jesus Gomez,K,Mexico,Mexico,MEXI,80,2025,2787,6,3,Eastern Michigan,Arizona State,2021,,K,,,,https://247sports.com/player/jesus-gomez-46154050/high-school-325790,,https://247sports.com/player/jesus-gomez-46154050/college-325791,
46076957,LeRon Husbands,TE,C.H. Flowers,Washington,DC,80,2025,2792,169,3,Maryland,Tulane,2021,85,TE,0.85,1188,62,https://247sports.com/player/leron-husbands-46076957/high-school-227570,3,https://247sports.com/player/leron-husbands-46076957/college-269275,
46097665,Jake McConnachie,WR,Verona,Verona,NJ,80,2025,2793,413,3,Pittsburgh,UMass,2020,,WR,,,,https://247sports.com/player/jake-mcconnachie-46097665/high-school-245666,,https://247sports.com/player/jake-mcconnachie-46097665/college-255054,
46147588,D'Angelo Mayes,WR,Syracuse,Syracuse,UT,80,2025,2795,415,3,New Mexico,Utah State,2024,,WR,,,,https://247sports.com/player/dangelo-mayes-46147588/high-school-309420,,https://247sports.com/player/dangelo-mayes-46147588/college-322110,
46080063,Luke McEndoo,TE,Stillwater,Stillwater,OK,80,2025,2796,170,3,Oklahoma State,Nevada,2021,74,RB,,,,https://247sports.com/player/luke-mcendoo-46080063/high-school-229452,2,https://247sports.com/player/luke-mcendoo-46080063/college-327854,
46098638,Harrison Hamsley,TE,Valwood School,Valdosta,GA,80,2025,2797,171,3,Valdosta State,Jacksonville State,2023,,TE,,,,https://247sports.com/player/harrison-hamsley-46098638/junior-college-330069,,https://247sports.com/player/harrison-hamsley-46098638/college-330070,
46155941,Cash Cheeks,TE,Mesa Ridge,Colorado Springs,CO,80,2025,2798,172,3,Northern State,UTEP,2022,,TE,,,,https://247sports.com/player/cash-cheeks-46155941/high-school-330134,,https://247sports.com/player/cash-cheeks-46155941/college-330136,
46131735,Kevin Longstreet,CB,Inglewood,Inglewood,CA,80,2025,2800,324,3,Louisville,USC,2023,,CB,,,,https://247sports.com/player/kevin-longstreet-46131735/high-school-277893,,https://247sports.com/player/kevin-longstreet-46131735/college-317155,
46116317,Jake Young,TE,Marvin Ridge,Waxhaw,NC,80,2025,2799,173,3,Western Carolina,Charlotte,2022,,TE,,,,https://247sports.com/player/jake-young-46116317/high-school-265858,,https://247sports.com/player/jake-young-46116317/college-330986,
46134385,Brian Green Jr.,WR,Orange Park,Orange Park,FL,80,2025,2801,416,3,Florida,Georgia Southern,2023,,WR,,,,https://247sports.com/player/brian-green-jr-46134385/high-school-282190,,https://247sports.com/player/brian-green-jr-46134385/college-330094,
46131850,Mitch Bolden,QB,Lakota West,West Chester,OH,80,2025,2802,171,3,Army,Miami (OH),2023,82,QB,,,,https://247sports.com/player/mitch-bolden-46131850/high-school-278032,3,https://247sports.com/player/mitch-bolden-46131850/college-331376,
46156513,Colton Grover,WR,Desert Vista,Phoenix,AZ,80,2025,2803,417,3,South Dakota Mines (NA),Ohio,2020,,WR,,,,https://247sports.com/player/colton-grover-46156513/high-school-331527,,https://247sports.com/player/colton-grover-46156513/college-331529,
46156034,Morgan Scott,OT,Houston,Germantown,TN,80,2025,2804,200,3,Middle Tennessee,Marshall,2022,,IOL,,,,https://247sports.com/player/morgan-scott-46156034/junior-college-330380,,https://247sports.com/player/morgan-scott-46156034/college-330381,
46156291,Jack Hood,OT,Rabun County,Tiger,GA,80,2025,2805,201,3,East Tennessee State,Tulsa,2024,,OT,,,,https://247sports.com/player/jack-hood-46156291/high-school-331079,,https://247sports.com/player/jack-hood-46156291/college-331080,
46125526,Wyatt Minor,IOL,Robert C. Byrd,Clarksburg,WV,80,2025,2806,251,3,Youngstown State,West Virginia,2023,,OT,,,,https://247sports.com/player/wyatt-minor-46125526/high-school-271274,,https://247sports.com/player/wyatt-minor-46125526/college-327630,
46154995,Blake Martin,IOL,Alexander Central,Taylorsville,NC,80,2025,2807,252,3,Wingate,Coastal Carolina,2021,,IOL,,,,https://247sports.com/player/blake-martin-46154995/high-school-328360,,https://247sports.com/player/blake-martin-46154995/college-335654,
46141073,Jake Eichorn,IOL,Beaver,Beaver,UT,80,2025,2808,253,3,Weber State,Utah State,2021,,IOL,,,,https://247sports.com/player/jake-eichorn-46141073/high-school-295391,,https://247sports.com/player/jake-eichorn-46141073/college-299716,
46079565,Jeremiah Mawali,IOL,Chaminade-Madonna,Hollywood,FL,80,2025,2809,254,3,Valdosta State,James Madison,2023,,IOL,,,,https://247sports.com/player/jeremiah-mawali-46079565/junior-college-326889,,https://247sports.com/player/jeremiah-mawali-46079565/college-332063,
46154493,Will Flowers,IOL,LaGrange,LaGrange,GA,80,2025,2810,255,3,Valdosta State,Appalachian State,2020,,IOL,,,,https://247sports.com/player/will-flowers-46154493/high-school-327218,,https://247sports.com/player/will-flowers-46154493/college-327219,
46156485,Jack MacKinnon,EDGE,Cardinal Mooney,Sarasota,FL,80,2025,2811,260,3,Michigan,Nevada,2023,,LB,,,,https://247sports.com/player/jack-mackinnon-46156485/high-school-331457,,https://247sports.com/player/jack-mackinnon-46156485/college-331458,
46101353,Logologo Va'a,DL,Bishop Garcia Diego,Santa Barbara,CA,80,2025,2813,305,3,UTEP,Nevada,2022,78,DL,,,,https://247sports.com/player/logologo-vaa-46101353/high-school-250623,2,https://247sports.com/player/logologo-vaa-46101353/college-321075,
46086458,Emmett Morehead,QB,Episcopal,Alexandria,VA,80,2025,2812,172,3,Old Dominion,Minnesota,2021,82,QB,0.8356,1589,103,https://247sports.com/player/emmett-morehead-46086458/high-school-239510,3,https://247sports.com/player/emmett-morehead-46086458/college-319946,
46155985,Mike Jones,DL,Shaw,Columbus,GA,80,2025,2814,306,3,Catawba,Kennesaw State,2020,,DL,,,,https://247sports.com/player/mike-jones-46155985/high-school-330239,,https://247sports.com/player/mike-jones-46155985/college-330241,
46155847,Jaylan Jones,DL,Cibolo Steele,Cibolo,TX,80,2025,2815,307,3,Texas-Rio Grande Valley,UTSA,2024,,DL,,,,https://247sports.com/player/jaylan-jones-46155847/high-school-329874,,https://247sports.com/player/jaylan-jones-46155847/college-331151,
46103129,Udoka Ezeani,LB,Foster,Richmond,TX,80,2025,2816,219,3,Boise State,UTEP,2024,,LB,,,,https://247sports.com/player/udoka-ezeani-46103129/junior-college-304209,,https://247sports.com/player/udoka-ezeani-46103129/college-311338,
46117267,Rob Fogler,OT,St. Xavier,Cincinnati,OH,80,2025,2817,202,3,Ball State,Kentucky,2023,79,OT,0.8117,2174,169,https://247sports.com/player/rob-fogler-46117267/high-school-267445,2,https://247sports.com/player/rob-fogler-46117267/college-289935,
46158179,Joe Pesansky,QB,Jesuit,Tampa,FL,80,2025,2818,173,3,Holy Cross,FIU,2021,,QB,,,,https://247sports.com/player/joe-pesansky-46158179/high-school-337075,,https://247sports.com/player/joe-pesansky-46158179/college-337076,
46155931,Rod Elston,S,Oxford,Oxford,AL,80,2025,2820,285,3,Auburn,Jacksonville State,2023,,S,,,,https://247sports.com/player/rod-elston-46155931/junior-college-330085,,https://247sports.com/player/rod-elston-46155931/college-330086,
46129955,Jamari Somerville,S,Henry E. Lackey,Indian Head,MD,80,2025,2819,284,3,James Madison,Akron,2023,,CB,,,,https://247sports.com/player/jamari-somerville-46129955/high-school-276036,,https://247sports.com/player/jamari-somerville-46129955/college-326761,
46079841,Ronnie Porter,LB,Heathwood Hall Episcopal School,Columbia,SC,80,2025,2821,220,3,South Carolina,Appalachian State,2021,,LB,,,,https://247sports.com/player/ronnie-porter-46079841/high-school-229153,,https://247sports.com/player/ronnie-porter-46079841/college-270219,
46110393,Rondo Porter,DL,Heathwood Hall Episcopal School,Columbia,SC,80,2025,2822,308,3,Newberry,Appalachian State,2022,,DL,,,,https://247sports.com/player/rondo-porter-46110393/high-school-258734,,https://247sports.com/player/rondo-porter-46110393/college-336935,
46154150,Aaron Roberts,OT,Cardinal Ritter,Indianapolis,IN,80,2025,2824,203,3,Purdue,Ball State,2021,,IOL,,,,https://247sports.com/player/aaron-roberts-46154150/high-school-326117,,https://247sports.com/player/aaron-roberts-46154150/college-326120,
46103897,Thomas Amankwaa,S,Hillsborough,Hillsborough,NJ,80,2025,2827,288,3,Rutgers,Delaware,2022,91,S,0.8767,631,56,https://247sports.com/player/thomas-amankwaa-46103897/high-school-255449,4,https://247sports.com/player/thomas-amankwaa-46103897/college-284281,
46077154,DJ Taylor Jr.,S,Tampa Catholic,Brandon,FL,80,2025,2828,289,3,Arizona State,Texas State,2020,90,S,0.8756,598,42,https://247sports.com/player/dj-taylor-jr-46077154/high-school-227805,4,https://247sports.com/player/dj-taylor-jr-46077154/college-297141,
46100232,Koby Bretz,S,Omaha Westside,Omaha,NE,80,2025,2825,286,3,Nebraska,South Dakota State,2021,88,S,0.8704,683,54,https://247sports.com/player/koby-bretz-46100232/high-school-249119,3,https://247sports.com/player/koby-bretz-46100232/college-268355,
46146969,Lucas Scheerhorn,QB,Klein Oak,Spring,TX,80,2025,2833,174,3,Kennesaw State,Rice,2024,,QB,,,,https://247sports.com/player/lucas-scheerhorn-46146969/high-school-308481,,https://247sports.com/player/lucas-scheerhorn-46146969/college-309353,
46052898,Josh Baka,S,Vanier College,St. Catharines,ON,80,2025,2831,292,3,Kent State,UAB,2022,79,CB,,,,https://247sports.com/player/josh-baka-46052898/high-school-274472,2,https://247sports.com/player/josh-baka-46052898/college-325677,
46139877,Hunter Najm,QB,Aliso Niguel,Aliso Viejo,CA,80,2025,2834,175,3,Washington State,Bowling Green,2024,,QB,,,,https://247sports.com/player/hunter-najm-46139877/high-school-293085,,https://247sports.com/player/hunter-najm-46139877/college-313060,
46134797,Bradyn Fleharty,QB,Hilliard Bradley,Hilliard,OH,80,2025,2835,176,3,Yale,Ball State,2024,79,QB,0.79,2983,178,https://247sports.com/player/bradyn-fleharty-46134797/high-school-282884,2,https://247sports.com/player/bradyn-fleharty-46134797/college-337650,
46085918,Harold Stubbs IV,S,Oakleaf,Orange Park,FL,80,2025,2836,294,3,Florida State,Florida,2022,,CB,,,,https://247sports.com/player/harold-stubbs-iv-46085918/high-school-238040,,https://247sports.com/player/harold-stubbs-iv-46085918/college-302027,
46101551,Xayvion Turner-Bradshaw,WR,Graham,Bluefield,VA,80,2025,2837,418,3,Virginia Tech,Marshall,2022,87,ATH,0.8611,964,70,https://247sports.com/player/xayvion-turner-bradshaw-46101551/high-school-251160,3,https://247sports.com/player/xayvion-turner-bradshaw-46101551/college-282274,
46054916,Devyn Curtis,LB,Brentwood Academy,Brentwood,TN,80,2025,2839,221,3,Middle Tennessee,Arkansas State,2020,85,ILB,0.867,765,32,https://247sports.com/player/devyn-curtis-46054916/high-school-216477,3,https://247sports.com/player/devyn-curtis-46054916/college-256269,
46051513,Joseph Habinowski,IOL,Chaminade-Madonna,Hollywood,FL,80,2025,2840,257,3,Ohio,Middle Tennessee,2020,81,OT,0.8322,1768,145,https://247sports.com/player/joseph-habinowski-46051513/high-school-211512,3,https://247sports.com/player/joseph-habinowski-46051513/college-256760,
46114845,Jackson Long,TE,Beech,Hendersonville,TN,80,2025,2838,174,3,Georgia Tech,Georgia Southern,2022,86,TE,0.8511,1231,73,https://247sports.com/player/jackson-long-46114845/high-school-263481,3,https://247sports.com/player/jackson-long-46114845/college-290547,
46113573,Danny Royster,EDGE,Lawrence North,Indianapolis,IN,80,2025,2843,261,3,Ball State,Indianapolis (NA),2022,80,LB,0.8056,2061,212,https://247sports.com/player/danny-royster-46113573/high-school-261822,3,https://247sports.com/player/danny-royster-46113573/college-287653,
46100526,Tommy Ziesmer,DL,Boyle County,Danville,KY,80,2025,2847,310,3,Kentucky,Eastern Kentucky,2023,87,EDGE,0.8711,823,78,https://247sports.com/player/tommy-ziesmer-46100526/high-school-249538,3,https://247sports.com/player/tommy-ziesmer-46100526/college-295418,
46116328,Dylan Shaw,IOL,Flour Bluff,Corpus Christi,TX,80,2025,2848,259,3,Texas Tech,North Texas,2023,88,IOL,0.8761,701,59,https://247sports.com/player/dylan-shaw-46116328/high-school-265873,3,https://247sports.com/player/dylan-shaw-46116328/college-301327,
46083331,Quincy Jenkins,IOL,Brookwood,Snellville,GA,80,2025,2853,260,3,Campbell,Western Kentucky,2020,,OT,,,,https://247sports.com/player/quincy-jenkins-46083331/high-school-233858,,https://247sports.com/player/quincy-jenkins-46083331/college-336544,
46146048,Armahn Hale,CB,Buchtel,Akron,OH,80,2025,2851,326,3,Kent State,New Mexico State,2024,,CB,,,,https://247sports.com/player/armahn-hale-46146048/junior-college-306411,,https://247sports.com/player/armahn-hale-46146048/college-320268,
46103936,DJ Wesolak,EDGE,Boonville,Boonville,MO,80,2025,2849,262,3,Oregon State,Missouri State,2022,91,EDGE,0.9338,166,15,https://247sports.com/player/dj-wesolak-46103936/high-school-255504,4,https://247sports.com/player/dj-wesolak-46103936/college-312183,
46157872,Caleb Chamberlin,S,Palm Beach Gardens,Palm Beach Gardens,FL,80,2025,2857,295,3,Air Force,Ohio,2024,,S,,,,https://247sports.com/player/caleb-chamberlin-46157872/high-school-336339,,https://247sports.com/player/caleb-chamberlin-46157872/college-336340,
46147692,Quinzavious Warren,DL,Canton,Canton,MS,80,2025,2855,311,3,Jacksonville State,Southern Miss,2023,,DL,,,,https://247sports.com/player/quinzavious-warren-46147692/junior-college-309799,,https://247sports.com/player/quinzavious-warren-46147692/college-309801,
46149768,Logan Cox,IOL,Seaman,Topeka,KS,80,2025,2858,261,3,Kansas State,Old Dominion,2024,,IOL,,,,https://247sports.com/player/logan-cox-46149768/junior-college-314904,,https://247sports.com/player/logan-cox-46149768/college-337495,
46157828,Hudson Miller,LB,Cathedral,Indianapolis,IN,80,2025,2860,223,3,Purdue,Toledo,2022,,LB,,,,https://247sports.com/player/hudson-miller-46157828/high-school-336204,,https://247sports.com/player/hudson-miller-46157828/college-336205,
46148103,Codie Hornsby,IOL,Dallas Skyline,Dallas,TX,80,2025,2859,262,3,Syracuse,Tulsa,2020,,IOL,,,,https://247sports.com/player/codie-hornsby-46148103/high-school-310979,,https://247sports.com/player/codie-hornsby-46148103/college-319214,
46145033,RJ Whitehead,OT,Horn Lake,Horn Lake,MS,80,2025,2856,204,3,Tulane,Southern Miss,2024,,OT,,,,https://247sports.com/player/rj-whitehead-46145033/junior-college-304147,,https://247sports.com/player/rj-whitehead-46145033/college-319324,
46108891,Peter Simmons III,DL,Bishop Verot,Fort Myers,FL,80,2025,2862,313,3,Michigan,UAB,2021,,IOL,,,,https://247sports.com/player/peter-simmons-iii-46108891/high-school-256192,,https://247sports.com/player/peter-simmons-iii-46108891/college-270479,
46055957,Marquis Black,DL,Eagle's Landing Christian Academy,McDonough,GA,80,2025,2861,312,3,Gardner-Webb,UConn,2020,86,DT,0.8652,804,70,https://247sports.com/player/marquis-black-46055957/high-school-218055,3,https://247sports.com/player/marquis-black-46055957/college-337612,
46057098,Zeiqui Lawton,DL,South Charleston,Charleston,WV,80,2025,2863,314,3,Cincinnati,Sam Houston,2021,88,DL,0.8763,559,69,https://247sports.com/player/zeiqui-lawton-46057098/high-school-220042,3,https://247sports.com/player/zeiqui-lawton-46057098/college-276367,
46152007,Race Stewart,DL,Bloomington North,Bloomington,IN,80,2025,2866,315,3,Indiana,Western Michigan,2021,,DL,,,,https://247sports.com/player/race-stewart-46152007/high-school-321294,,https://247sports.com/player/race-stewart-46152007/college-321295,
46142986,Karsten Upchurch,OT,Starkville,Starkville,MS,80,2025,2864,205,3,Mississippi State,Western Kentucky,2024,,OT,,,,https://247sports.com/player/karsten-upchurch-46142986/junior-college-299156,,https://247sports.com/player/karsten-upchurch-46142986/college-318159,
46131959,Dallen Ponder,WR,Vanguard,Ocala,FL,80,2025,2865,421,3,Western Kentucky,Tulsa,2024,81,WR,0.8204,2469,304,https://247sports.com/player/dallen-ponder-46131959/high-school-278157,3,https://247sports.com/player/dallen-ponder-46131959/college-319346,
46156050,Sefa Saipaia,LB,McKinley,Canton,OH,80,2025,2867,224,3,Ferris State,Western Michigan,2020,,LB,,,,https://247sports.com/player/sefa-saipaia-46156050/high-school-330405,,https://247sports.com/player/sefa-saipaia-46156050/college-332663,
46117321,Ziggy Loa,EDGE,Mount Tahoma,Tacoma,WA,80,2025,2868,263,3,New Mexico State,Louisiana-Monroe,2025,,EDGE,,,,https://247sports.com/player/ziggy-loa-46117321/junior-college-330350,,https://247sports.com/player/ziggy-loa-46117321/college-332917,
46100317,Shawqi Itraish,QB,Braden River,Bradenton,FL,80,2025,2869,178,3,Rice,Ole Miss,2021,83,QB,0.8263,1854,118,https://247sports.com/player/shawqi-itraish-46100317/high-school-249238,3,https://247sports.com/player/shawqi-itraish-46100317/college-271005,
46086765,Noah Bolticoff,IOL,Rose Hill,Rose Hill,KS,79,2025,2870,263,2,TCU,North Alabama,2021,87,IOL,0.8663,756,49,https://247sports.com/player/noah-bolticoff-46086765/high-school-240313,3,https://247sports.com/player/noah-bolticoff-46086765/college-295736,
46147838,Coleman Bennett,RB,Cardinal Gibbons,Fort Lauderdale,FL,79,2025,2872,189,2,Rice,Kennesaw State,2020,,RB,,,,https://247sports.com/player/coleman-bennett-46147838/high-school-310110,,https://247sports.com/player/coleman-bennett-46147838/college-312439,
46118303,Adam Samaha,K,Huron,Ann Arbor,MI,79,2025,2873,8,2,Michigan,Akron,2023,79,K,0.8169,2116,7,https://247sports.com/player/adam-samaha-46118303/high-school-269409,2,https://247sports.com/player/adam-samaha-46118303/college-332597,
46138014,Connor Gibbs,K,Metairie Park Country Day,Metairie,LA,79,2025,2874,9,2,Southern Miss,Auburn,2023,77,K,0.8117,2174,12,https://247sports.com/player/connor-gibbs-46138014/high-school-289950,2,https://247sports.com/player/connor-gibbs-46138014/college-320865,
46103394,Connor Weselman,P,Westminster School,Atlanta,GA,79,2025,2875,7,2,Stanford,Missouri,2021,79,P,0.8226,1941,4,https://247sports.com/player/connor-weselman-46103394/high-school-254272,2,https://247sports.com/player/connor-weselman-46103394/college-269953,
46155920,Cade Cunningham,QB,Heritage,Wake Forest,NC,79,2025,2878,179,2,Memphis,Jacksonville State,2021,,QB,,,,https://247sports.com/player/cade-cunningham-46155920/high-school-330063,,https://247sports.com/player/cade-cunningham-46155920/college-330067,
46134023,Rayfield Lotten,TE,Brother Martin,New Orleans,LA,79,2025,2877,176,2,Mississippi State,Sam Houston,2023,,TE,,,,https://247sports.com/player/rayfield-lotten-46134023/high-school-281538,,https://247sports.com/player/rayfield-lotten-46134023/college-326872,
46135037,Jackson Grier,WR,St. Thomas Aquinas,Fort Lauderdale,FL,79,2025,2876,422,2,Boise State,Appalachian State,2023,79,WR,0.8004,2258,298,https://247sports.com/player/jackson-grier-46135037/high-school-283294,2,https://247sports.com/player/jackson-grier-46135037/college-300796,
46131345,Brady Simmons,WR,Ben Davis,Indianapolis,IN,79,2025,2879,423,2,Indiana,Miami (OH),2022,,WR,,,,https://247sports.com/player/brady-simmons-46131345/high-school-277371,,https://247sports.com/player/brady-simmons-46131345/college-326465,
46156490,Cade Keith,TE,Faith Lutheran,Las Vegas,NV,79,2025,2880,177,2,TCU,New Mexico,2024,,TE,,,,https://247sports.com/player/cade-keith-46156490/high-school-331470,,https://247sports.com/player/cade-keith-46156490/college-331471,
46154533,Kyle Cunanan,K,Sunnyslope,Phoenix,AZ,79,2025,2881,10,2,California,Nebraska,2023,,K,,,,https://247sports.com/player/kyle-cunanan-46154533/high-school-327343,,https://247sports.com/player/kyle-cunanan-46154533/college-333382,
46081228,Thomas Aden,DL,St. Edward,Lakewood,OH,79,2025,2883,317,2,Pittsburgh,Kent State,2021,79,IOL,,,,https://247sports.com/player/thomas-aden-46081228/high-school-231138,2,https://247sports.com/player/thomas-aden-46081228/college-325736,
46138678,Joshua Pierce,DL,University Liggett School,Grosse Pointe,MI,79,2025,2884,318,2,Campbell,North Texas,2023,78,EDGE,,,,https://247sports.com/player/joshua-pierce-46138678/high-school-291283,2,https://247sports.com/player/joshua-pierce-46138678/college-325957,
46133474,Bryce Echols,DL,Coronado,Henderson,NV,79,2025,2882,316,2,Arizona,Nevada,2023,77,DL,,,,https://247sports.com/player/bryce-echols-46133474/high-school-280595,2,https://247sports.com/player/bryce-echols-46133474/college-325251,
46155945,Ali Abbasi,DL,Woodbridge,Woodbridge,VA,79,2025,2885,319,2,Roosevelt (NA),Marshall,2021,,DL,,,,https://247sports.com/player/ali-abbasi-46155945/high-school-330145,,https://247sports.com/player/ali-abbasi-46155945/college-330148,
46137760,Zach Potter,DL,Bishop Fenwick,Franklin,OH,79,2025,2887,320,2,Toledo,Wyoming,2023,79,DL,,,,https://247sports.com/player/zach-potter-46137760/high-school-289459,2,https://247sports.com/player/zach-potter-46137760/college-325835,
46114285,Andre Cobb,CB,Neuqua Valley,Naperville,IL,79,2025,2886,327,2,Northern Illinois,Fresno State,2022,,CB,,,,https://247sports.com/player/andre-cobb-46114285/high-school-262853,,https://247sports.com/player/andre-cobb-46114285/college-326763,
46156486,Cooper Wilson,S,Bonney Lake,Suquamish,WA,79,2025,2889,297,2,Nebraska,Nevada,2023,,S,,,,https://247sports.com/player/cooper-wilson-46156486/high-school-331459,,https://247sports.com/player/cooper-wilson-46156486/college-331460,
46134641,Micah Davis,S,Dexter,Dexter,MI,79,2025,2890,298,2,Michigan,Western Michigan,2023,79,S,,,,https://247sports.com/player/micah-davis-46134641/high-school-282623,2,https://247sports.com/player/micah-davis-46134641/college-331690,
46129594,Angelo Stockstill,S,Simeon,Chicago,IL,79,2025,2888,296,2,Western Michigan,Kent State,2023,79,ATH,0.8153,2141,185,https://247sports.com/player/angelo-stockstill-46129594/high-school-275404,2,https://247sports.com/player/angelo-stockstill-46129594/college-320718,
46138597,Franklin Baret Jr.,WR,Wake Forest,Wake Forest,NC,79,2025,2891,424,2,Appalachian State,Jacksonville State,2024,,WR,,,,https://247sports.com/player/franklin-baret-jr-46138597/high-school-291184,,https://247sports.com/player/franklin-baret-jr-46138597/college-315539,
46113769,Luke Jones,WR,Deerfield,Deerfield,IL,79,2025,2892,425,2,Purdue,Fresno State,2022,72,ATH,,,,https://247sports.com/player/luke-jones-46113769/high-school-262117,2,https://247sports.com/player/luke-jones-46113769/college-336562,
46114716,Jacob Merritt,IOL,Northville,Northville,MI,79,2025,2893,265,2,Michigan State,Buffalo,2022,78,OT,,,,https://247sports.com/player/jacob-merritt-46114716/high-school-263319,2,https://247sports.com/player/jacob-merritt-46114716/college-337671,
46086463,Caleb Nix,S,Central Phenix City,Phenix City,AL,79,2025,2894,299,2,Clemson,Jacksonville State,2022,,QB,,,,https://247sports.com/player/caleb-nix-46086463/high-school-260847,,https://247sports.com/player/caleb-nix-46086463/college-336305,
46146057,Cole Gustafson,DL,Rocklin,Rocklin,CA,79,2025,2896,321,2,FIU,UTEP,2024,,DL,,,,https://247sports.com/player/cole-gustafson-46146057/junior-college-306426,,https://247sports.com/player/cole-gustafson-46146057/college-319044,
46148782,Malakai Murphy,CB,Bradford,Starke,FL,79,2025,2897,328,2,Colorado,Southern Miss,2024,,CB,,,,https://247sports.com/player/malakai-murphy-46148782/high-school-312971,,https://247sports.com/player/malakai-murphy-46148782/college-319513,
46155128,John Gayer,EDGE,Notre Dame,Sherman Oaks,CA,79,2025,2898,264,2,California,Utah State,2025,,EDGE,,,,https://247sports.com/player/john-gayer-46155128/junior-college-328581,,https://247sports.com/player/john-gayer-46155128/college-336391,
46132753,Carson Morgan,RB,Bentonville West,Centerton,AR,79,2025,2899,190,2,Kansas,Rice,2023,,RB,,,,https://247sports.com/player/carson-morgan-46132753/high-school-279238,,https://247sports.com/player/carson-morgan-46132753/college-336468,
46137785,Jaylen Booker,OT,Trinity Christian Academy,Jacksonville,FL,79,2025,2900,206,2,Bethune-Cookman,South Alabama,2024,,IOL,,,,https://247sports.com/player/jaylen-booker-46137785/high-school-299676,,https://247sports.com/player/jaylen-booker-46137785/college-336598,
46115711,Carson Tujague,DL,Western Albemarle,Crozet,VA,79,2025,2903,322,2,BYU,Utah State,2022,80,LB,,,,https://247sports.com/player/carson-tujague-46115711/high-school-264586,3,https://247sports.com/player/carson-tujague-46115711/college-337531,
46102235,Navarion Benson,CB,Crystal Springs,Crystal Springs,MS,79,2025,2901,329,2,Louisiana Tech,Louisiana-Monroe,2024,,CB,,,,https://247sports.com/player/navarion-benson-46102235/junior-college-306323,,https://247sports.com/player/navarion-benson-46102235/college-312461,
46127603,Kaden Brown,QB,Midlothian Heritage,Midlothian,TX,79,2025,2902,180,2,South Dakota State,Louisiana Tech,2023,,QB,,,,https://247sports.com/player/kaden-brown-46127603/high-school-272278,,https://247sports.com/player/kaden-brown-46127603/college-336752,
46159039,Cade Adams,DL,Dawson County,Dawsonville,GA,79,2025,2904,323,2,Georgia Tech,Sam Houston,2023,,DL,,,,https://247sports.com/player/cade-adams-46159039/high-school-338286,,https://247sports.com/player/cade-adams-46159039/college-338287,
46159063,Grady O'Neill,WR,St. Thomas Academy,Mendota Heights,MN,79,2025,2905,426,2,Wisconsin,Sam Houston,2022,,WR,,,,https://247sports.com/player/grady-oneill-46159063/high-school-338343,,https://247sports.com/player/grady-oneill-46159063/college-338344,
46159066,Semaj Parker,TE,Camden County,Kingsland,GA,79,2025,2906,178,2,Livingstone,Kennesaw State,2022,,TE,,,,https://247sports.com/player/semaj-parker-46159066/high-school-338348,,https://247sports.com/player/semaj-parker-46159066/college-338350,
46147248,Anthony Boswell,IOL,Ben Davis,Indianapolis,IN,78,2025,2907,266,2,Purdue,Toledo,2024,78,IOL,0.78,3084,285,https://247sports.com/player/anthony-boswell-46147248/high-school-308857,2,https://247sports.com/player/anthony-boswell-46147248/college-325279,
46128900,Jack Bernstein,LS,Alpharetta,Alpharetta,GA,78,2025,2908,4,2,Georgia State,Kennesaw State,2022,,LS,,,,https://247sports.com/player/jack-bernstein-46128900/high-school-274214,,https://247sports.com/player/jack-bernstein-46128900/college-319715,
46154836,Jax Thompson,LS,Flower Mound,Flower Mound,TX,78,2025,2909,5,2,TCU,Hawaii,2024,,LS,,,,https://247sports.com/player/jax-thompson-46154836/high-school-328110,,https://247sports.com/player/jax-thompson-46154836/college-328111,
46154678,Leavy Johnson,IOL,Bay,Panama City,FL,78,2025,2910,267,2,Western Kentucky,South Alabama,2023,,IOL,,,,https://247sports.com/player/leavy-johnson-46154678/high-school-327643,,https://247sports.com/player/leavy-johnson-46154678/college-327644,
46142984,Morrow Evans,LS,Episcopal,Bellaire,TX,78,2025,2912,6,2,Ohio State,UCLA,2024,78,LS,0.78,3084,1,https://247sports.com/player/morrow-evans-46142984/high-school-299153,2,https://247sports.com/player/morrow-evans-46142984/college-318493,
46133325,DJ Barnes,S,Florida State University School,Tallahassee,FL,78,2025,2911,301,2,West Florida (NA),Kent State,2023,,CB,,,,https://247sports.com/player/dj-barnes-46133325/high-school-280165,,https://247sports.com/player/dj-barnes-46133325/college-331375,
46130829,Joep Engbers,IOL,Fenwick,Oak Park,IL,78,2025,2914,268,2,Illinois,Liberty,2023,,IOL,,,,https://247sports.com/player/joep-engbers-46130829/high-school-276756,,https://247sports.com/player/joep-engbers-46130829/college-337809,
46146089,Tripp Woody,K,Charlotte Christian,Charlotte,NC,78,2025,2913,11,2,Iowa,Syracuse,2024,78,K,0.78,3084,20,https://247sports.com/player/tripp-woody-46146089/high-school-306482,2,https://247sports.com/player/tripp-woody-46146089/college-326082,
46103400,Jimmy Liston,IOL,Fenwick,Oak Park,IL,78,2025,2916,269,2,Purdue,Utah State,2022,85,OC,0.8456,1385,75,https://247sports.com/player/jimmy-liston-46103400/high-school-254279,3,https://247sports.com/player/jimmy-liston-46103400/college-298985,
46152685,Cam Todd,IOL,Leesville Road,Raleigh,NC,78,2025,2920,271,2,Coastal Carolina,Sam Houston,2025,,IOL,,,,https://247sports.com/player/cam-todd-46152685/junior-college-322468,,https://247sports.com/player/cam-todd-46152685/college-335646,
46101126,J.P. Deeter,DL,Manvel,Manvel,TX,78,2025,2918,324,2,Purdue,Texas State,2022,84,DL,0.8444,1414,171,https://247sports.com/player/jp-deeter-46101126/high-school-250333,3,https://247sports.com/player/jp-deeter-46101126/college-312307,
46145761,Steven Scott III,OT,Menomonee Falls,Menomonee Falls,WI,77,2025,2921,207,2,Illinois,Fresno State,2024,77,OT,0.77,3253,244,https://247sports.com/player/steven-scott-iii-46145761/high-school-305826,2,https://247sports.com/player/steven-scott-iii-46145761/college-337668,
46114316,Micah Hudson,WR,Lake Belton,Temple,TX,93,2025,,5,4,Texas A&amp;M,Texas Tech,2024,98,WR,0.9934,16,4,https://247sports.com/player/micah-hudson-46114316/high-school-262888,5,https://247sports.com/player/micah-hudson-46114316/college-311143,
46099592,Emmanuel Karnley,CB,Las Lomas,Walnut Creek,CA,91,2025,,98,4,Miami,Virginia,2023,87,CB,0.8706,835,84,https://247sports.com/player/emmanuel-karnley-46099592/high-school-248316,3,https://247sports.com/player/emmanuel-karnley-46099592/college-300568,
46097332,Tanner Koziol,TE,Nazareth Academy,La Grange Park,IL,92,2025,,,4,Wisconsin,Houston,2021,72,WR,0.7859,2603,323,https://247sports.com/player/tanner-koziol-46097332/high-school-245255,2,https://247sports.com/player/tanner-koziol-46097332/college-305279,
46117173,Mark Hamper,WR,West Linn,West Linn,OR,91,2025,,,4,Idaho,California,2023,86,ATH,,,,https://247sports.com/player/mark-hamper-46117173/high-school-267315,3,https://247sports.com/player/mark-hamper-46117173/college-326103,
46082821,Mikai Gbayor,LB,Irvington,Irvington,NJ,90,2025,,65,4,Nebraska,North Carolina,2021,87,LB,0.8737,613,68,https://247sports.com/player/mikai-gbayor-46082821/high-school-233282,3,https://247sports.com/player/mikai-gbayor-46082821/college-268353,
46114844,Hardley Gilmore IV,WR,Pahokee,Pahokee,FL,88,2025,,89,3,Nebraska,Kentucky,2024,88,WR,0.9052,317,52,https://247sports.com/player/hardley-gilmore-iv-46114844/high-school-285048,3,https://247sports.com/player/hardley-gilmore-iv-46114844/college-307230,
46084387,Keyan Burnett,TE,Servite,Anaheim,CA,89,2025,,6,3,Kansas,Arizona,2022,92,TE,0.9127,236,7,https://247sports.com/player/keyan-burnett-46084387/high-school-247018,4,https://247sports.com/player/keyan-burnett-46084387/college-281170,
46101934,Kaedin Robinson,WR,Christ School,Asheville,NC,88,2025,,6,3,Appalachian State,UCF,2021,,WR,,,,https://247sports.com/player/kaedin-robinson-46101934/junior-college-251626,,https://247sports.com/player/kaedin-robinson-46101934/college-274763,
46052719,Carson Lee,IOL,Cherry Creek,Englewood,CO,88,2025,,,3,Mississippi State,West Virginia,2020,84,OC,0.8593,942,21,https://247sports.com/player/carson-lee-46052719/high-school-213316,3,https://247sports.com/player/carson-lee-46052719/college-326248,
46154055,A.J. Pena,EDGE,Somerville,Somerville,NJ,88,2025,,,3,Memphis,Rhode Island,2021,,LB,,,,https://247sports.com/player/aj-pena-46154055/high-school-325811,,https://247sports.com/player/aj-pena-46154055/college-325812,
46133769,Jayvin James,OT,Blanche Ely,Pompano Beach,FL,88,2025,,161,3,Akron,Mississippi State,2023,82,OT,0.8163,2120,164,https://247sports.com/player/jayvin-james-46133769/high-school-281056,3,https://247sports.com/player/jayvin-james-46133769/college-320698,
46059368,Zach Pyron,QB,Pinson Valley,Pinson,AL,86,2025,,18,3,Georgia Tech,South Alabama,2022,90,QB,0.8911,414,24,https://247sports.com/player/zach-pyron-46059368/high-school-249782,4,https://247sports.com/player/zach-pyron-46059368/college-275430,
46116444,Darius Thomas,LB,Miramar,Hollywood,FL,87,2025,,,3,Louisville,Oklahoma State,2022,85,S,0.8648,888,75,https://247sports.com/player/darius-thomas-46116444/high-school-266039,3,https://247sports.com/player/darius-thomas-46116444/college-286923,
46117071,Nathan Leacock,WR,Millbrook,Raleigh,NC,86,2025,,13,3,Tennessee,North Carolina,2023,95,WR,0.9618,76,13,https://247sports.com/player/nathan-leacock-46117071/high-school-267152,4,https://247sports.com/player/nathan-leacock-46117071/college-289781,
94681,Demon Clowney,EDGE,St. Frances Academy,Baltimore,MD,86,2025,,5,3,Louisville,South Carolina,2020,90,WDE,0.9168,229,11,https://247sports.com/player/demon-clowney-94681/high-school-214084,4,https://247sports.com/player/demon-clowney-94681/college-302775,
46116368,Keionte Scott,CB,Helix,La Mesa,CA,86,2025,,1,3,Auburn,Miami,2022,,CB,,,,https://247sports.com/player/keionte-scott-46116368/junior-college-265958,,https://247sports.com/player/keionte-scott-46116368/college-285169,
46055396,Quincy Brown,WR,Destrehan,Destrehan,LA,86,2025,,65,3,Texas State,Florida Atlantic,2020,90,WR,0.9,312,51,https://247sports.com/player/quincy-brown-46055396/high-school-217376,4,https://247sports.com/player/quincy-brown-46055396/college-326751,
46129581,Brandon Jacob Jr.,S,Evans,Orlando,FL,86,2025,,24,3,Maryland,UTSA,2024,90,S,0.9044,321,30,https://247sports.com/player/brandon-jacob-jr-46129581/high-school-275391,4,https://247sports.com/player/brandon-jacob-jr-46129581/college-311579,
46114748,Ryan Browne,QB,Milford Academy,New Berlin,NY,86,2025,,55,3,North Carolina,Purdue,2023,86,QB,0.8633,1024,50,https://247sports.com/player/ryan-browne-46114748/high-school-277936,3,https://247sports.com/player/ryan-browne-46114748/college-292225,
46082331,Rashad Amos,RB,Sandy Creek,Tyrone,GA,86,2025,,62,3,Memphis,Georgia State,2020,86,RB,0.8541,1090,70,https://247sports.com/player/rashad-amos-46082331/high-school-232523,3,https://247sports.com/player/rashad-amos-46082331/college-318154,
46094638,Jakiah Leftwich,OT,Westlake,Atlanta,GA,86,2025,,84,3,North Carolina,UCF,2021,86,OT,0.8652,785,69,https://247sports.com/player/jakiah-leftwich-46094638/high-school-243192,3,https://247sports.com/player/jakiah-leftwich-46094638/college-318334,
46103216,Harry Lodge,TE,Belmont Hill School,Belmont,MA,86,2025,,101,3,Georgia Tech,Wake Forest,2022,84,TE,0.8433,1433,88,https://247sports.com/player/harry-lodge-46103216/high-school-253997,3,https://247sports.com/player/harry-lodge-46103216/college-282763,
46076963,Demerick Morris,DL,Phillips Academy,Chicago,IL,86,2025,,,3,Oklahoma State,Temple,2020,80,DT,0.8244,2047,150,https://247sports.com/player/demerick-morris-46076963/high-school-227578,3,https://247sports.com/player/demerick-morris-46076963/college-255327,
46110081,Johnny Pascuzzi,TE,Rockhurst,Kansas City,MO,86,2025,,151,3,West Virginia,Tulane,2021,79,TE,,,,https://247sports.com/player/johnny-pascuzzi-46110081/high-school-258216,2,https://247sports.com/player/johnny-pascuzzi-46110081/college-269265,
46100531,Gevani McCoy,QB,Lakewood,Lakewood,CA,86,2025,,,3,Texas State,Temple,2021,,QB,,,,https://247sports.com/player/gevani-mccoy-46100531/high-school-249548,,https://247sports.com/player/gevani-mccoy-46100531/college-307667,
46095019,Antonio Martin Jr.,RB,Langston Hughes,Fairburn,GA,86,2025,,,3,Louisiana-Monroe,Kansas State,2024,,RB,,,,https://247sports.com/player/antonio-martin-jr-46095019/junior-college-325877,,https://247sports.com/player/antonio-martin-jr-46095019/college-325878,
46154294,Jacob Dennison,OT,Lexington,Mansfield,OH,86,2025,,,3,Jacksonville State,Wake Forest,2020,,OT,,,,https://247sports.com/player/jacob-dennison-46154294/high-school-326466,,https://247sports.com/player/jacob-dennison-46154294/college-326468,
46118313,Ajay Allen,RB,Neville,Monroe,LA,85,2025,,25,3,FIU,Tulsa,2022,90,RB,0.8837,502,40,https://247sports.com/player/ajay-allen-46118313/high-school-269421,4,https://247sports.com/player/ajay-allen-46118313/college-301101,
46102539,Andy Jean,WR,Miami Northwestern,Miami,FL,85,2025,,58,3,Florida,Arkansas,2023,89,WR,0.8958,381,57,https://247sports.com/player/andy-jean-46102539/high-school-252659,3,https://247sports.com/player/andy-jean-46102539/college-290482,
46080851,An'Darius Coffey,S,Winona,Winona,MS,85,2025,,,3,Northwestern,Purdue,2020,86,ATH,0.8533,1103,67,https://247sports.com/player/andarius-coffey-46080851/high-school-230610,3,https://247sports.com/player/andarius-coffey-46080851/college-255977,
46040985,TJ Finley,QB,Ponchatoula,Ponchatoula,LA,85,2025,,4,3,Georgia State,Tulane,2020,87,PRO,0.8826,486,19,https://247sports.com/player/tj-finley-46040985/high-school-203138,3,https://247sports.com/player/tj-finley-46040985/college-312501,
46135194,Brock Montgomery,WR,Riverdale,Murfreesboro,TN,85,2025,,182,3,UConn,Marshall,2024,85,WR,0.8467,1741,208,https://247sports.com/player/brock-montgomery-46135194/high-school-283537,3,https://247sports.com/player/brock-montgomery-46135194/college-310485,
46144775,Isaiah Myers,WR,Princeton,Cincinnati,OH,85,2025,,14,3,Charlotte,Western Kentucky,2024,,WR,,,,https://247sports.com/player/isaiah-myers-46144775/junior-college-303709,,https://247sports.com/player/isaiah-myers-46144775/college-309652,
46136486,AJ Hasson,IOL,Davis Senior,Davis,CA,85,2025,,,3,Washington State,UC Davis,2024,85,ATH,0.8403,1912,182,https://247sports.com/player/aj-hasson-46136486/high-school-286705,3,https://247sports.com/player/aj-hasson-46136486/college-308025,
46139361,Greg Burrell,RB,Desert Pines,Las Vegas,NV,85,2025,,131,3,UNLV,Texas State,2024,84,RB,0.8314,2181,159,https://247sports.com/player/greg-burrell-46139361/high-school-292443,3,https://247sports.com/player/greg-burrell-46139361/college-312528,
46129519,Marcus Moore Jr.,DL,Washington,Massillon,OH,85,2025,,239,3,Akron,Purdue,2023,80,DL,0.817,2103,219,https://247sports.com/player/marcus-moore-jr-46129519/high-school-275297,3,https://247sports.com/player/marcus-moore-jr-46129519/college-320703,
46053691,Joey Aguilar,QB,Freedom,Oakley,CA,85,2025,,3,3,Appalachian State,Tennessee,2023,,QB,,,,https://247sports.com/player/joey-aguilar-46053691/junior-college-289518,,https://247sports.com/player/joey-aguilar-46053691/college-292486,
46118241,Cole Gonzales,QB,Trinity Catholic,Ocala,FL,85,2025,,,3,Oklahoma,Pittsburgh,2022,,QB,,,,https://247sports.com/player/cole-gonzales-46118241/high-school-269248,,https://247sports.com/player/cole-gonzales-46118241/college-325970,
46154249,Brandon Sneh,OT,Neumann Goretti,Philadelphia,PA,85,2025,,,3,Kansas State,UAB,2022,,OT,,,,https://247sports.com/player/brandon-sneh-46154249/prep-326331,,https://247sports.com/player/brandon-sneh-46154249/college-326333,
46146754,Jesse Ramil,OT,Binghamton,Binghamton,NY,85,2025,,,3,Mississippi State,Charlotte,2021,,OT,,,,https://247sports.com/player/jesse-ramil-46146754/high-school-308084,,https://247sports.com/player/jesse-ramil-46146754/college-310652,
46118015,Wallace Unamba,OT,Rowlett,Rowlett,TX,85,2025,,24,3,Kentucky,Virginia,2023,,OT,,,,https://247sports.com/player/wallace-unamba-46118015/junior-college-268578,,https://247sports.com/player/wallace-unamba-46118015/college-309600,
46110105,John Lewis,LB,Germantown,Madison,MS,84,2025,,19,3,Mississippi State,West Virginia,2021,92,LB,0.914,237,26,https://247sports.com/player/john-lewis-46110105/high-school-258246,4,https://247sports.com/player/john-lewis-46110105/college-266567,
46154939,Terez Reid,CB,Warren Central,Indianapolis,IN,85,2025,,,3,Grand Valley State,Florida Atlantic,2021,,CB,,,,https://247sports.com/player/terez-reid-46154939/high-school-328289,,https://247sports.com/player/terez-reid-46154939/college-328290,
46139991,Montreze Smith Jr.,LB,Carrollton,Carrollton,GA,84,2025,,79,3,Duke,Austin Peay,2024,87,LB,0.8681,977,84,https://247sports.com/player/montreze-smith-jr-46139991/high-school-293256,3,https://247sports.com/player/montreze-smith-jr-46139991/college-316099,
46116827,EJ Colson,QB,Cedar Grove,Ellenwood,GA,84,2025,,64,3,UCF,Incarnate Word,2024,86,QB,0.8819,619,38,https://247sports.com/player/ej-colson-46116827/high-school-266630,3,https://247sports.com/player/ej-colson-46116827/college-317427,
46050194,CJ Montes,QB,Paraclete,Pasadena,CA,84,2025,,95,3,Fordham,Kent State,2021,83,QB,0.8293,1767,116,https://247sports.com/player/cj-montes-46050194/high-school-209583,3,https://247sports.com/player/cj-montes-46050194/college-325248,
46098008,Trent Whalen,LB,Arbor View,Las Vegas,NV,84,2025,,,3,Southern Utah,Arkansas,2020,,OLB,,,,https://247sports.com/player/trent-whalen-46098008/high-school-246146,,https://247sports.com/player/trent-whalen-46098008/college-325975,
46154317,Kegan Mountain,CB,Millard West,Omaha,NE,84,2025,,,3,Eastern Michigan,Northern State,2023,,CB,,,,https://247sports.com/player/kegan-mountain-46154317/high-school-326533,,https://247sports.com/player/kegan-mountain-46154317/college-326534,
46154124,Jordan Owens,TE,McGehee,McGehee,AR,84,2025,,,3,Central Arkansas,North Carolina,2022,,TE,,,,https://247sports.com/player/jordan-owens-46154124/junior-college-326021,,https://247sports.com/player/jordan-owens-46154124/college-326023,
46140042,Shemar Kirk,WR,McGavock,Nashville,TN,83,2025,,3,3,Miami,Austin Peay,2023,,WR,,,,https://247sports.com/player/shemar-kirk-46140042/junior-college-293344,,https://247sports.com/player/shemar-kirk-46140042/college-298572,
46097807,Pierce Clarkson,QB,St. John Bosco,Bellflower,CA,83,2025,,25,3,Louisville,UCLA,2023,90,QB,0.8983,351,23,https://247sports.com/player/pierce-clarkson-46097807/high-school-245859,4,https://247sports.com/player/pierce-clarkson-46097807/college-290646,
46049997,DJ Warnell Jr.,S,Dickinson,Dickinson,TX,83,2025,,,3,North Texas,Nevada,2020,87,CB,0.8559,1041,88,https://247sports.com/player/dj-warnell-jr-46049997/high-school-209289,3,https://247sports.com/player/dj-warnell-jr-46049997/college-315357,
46094724,Ty Cooper,EDGE,Louisville,Louisville,MS,83,2025,,61,3,Mississippi State,Tulsa,2021,86,EDGE,0.8533,1099,65,https://247sports.com/player/ty-cooper-46094724/high-school-243390,3,https://247sports.com/player/ty-cooper-46094724/college-266576,
46102754,Rickey Hunt Jr.,RB,Millwood,Oklahoma City,OK,83,2025,,74,3,Ohio,Middle Tennessee,2023,86,RB,0.8559,1235,81,https://247sports.com/player/rickey-hunt-jr-46102754/high-school-253179,3,https://247sports.com/player/rickey-hunt-jr-46102754/college-320737,
46142803,Moses Gray,RB,St. Augustine,New Orleans,LA,83,2025,,137,3,Marshall,Southern Miss,2024,84,RB,0.8337,2130,155,https://247sports.com/player/moses-gray-46142803/high-school-298800,3,https://247sports.com/player/moses-gray-46142803/college-320500,
46128840,Ta'ir Brooks,WR,McClymonds,Oakland,CA,83,2025,,16,3,UTEP,Charlotte,2022,,WR,,,,https://247sports.com/player/tair-brooks-46128840/junior-college-274133,,https://247sports.com/player/tair-brooks-46128840/college-325816,
46053431,Ronald Jackson Jr.,S,Belleville,Belleville,MI,83,2025,,216,3,Old Dominion,Ohio,2020,79,S,0.8006,2793,212,https://247sports.com/player/ronald-jackson-jr-46053431/high-school-214241,2,https://247sports.com/player/ronald-jackson-jr-46053431/college-325890,
46098667,Kyrik Mason,OT,St. John's College,Washington,DC,83,2025,,245,3,Kent State,UAB,2021,78,OT,0.7956,2494,210,https://247sports.com/player/kyrik-mason-46098667/high-school-247167,2,https://247sports.com/player/kyrik-mason-46098667/college-307031,
46049492,Jordan Dunbar,CB,Iona Preparatory School,Syracuse,NY,83,2025,,273,3,Bowling Green,Missouri State,2020,78,CB,0.8007,2785,248,https://247sports.com/player/jordan-dunbar-46049492/high-school-207967,2,https://247sports.com/player/jordan-dunbar-46049492/college-319560,
46094719,Kody Jones,S,Germantown,Germantown,TN,82,2025,,,3,Michigan,Kennesaw State,2022,90,ATH,0.9,311,13,https://247sports.com/player/kody-jones-46094719/high-school-254142,4,https://247sports.com/player/kody-jones-46094719/college-281102,
46097173,Quincy Wright,DL,Duncanville,Duncanville,TX,82,2025,,92,3,North Texas,Arkansas State,2022,87,DL,0.8737,690,99,https://247sports.com/player/quincy-wright-46097173/high-school-245055,3,https://247sports.com/player/quincy-wright-46097173/college-319280,
46097116,Richie Munoz,QB,Charter Oak,Covina,CA,82,2025,,89,3,Weber State,Incarnate Word,2023,84,QB,,,,https://247sports.com/player/richie-munoz-46097116/high-school-287015,3,https://247sports.com/player/richie-munoz-46097116/college-325297,
46149479,Petey Tucker,WR,DeMatha Catholic,Hyattsville,MD,82,2025,,25,3,Georgia State,Colorado State,2024,,WR,,,,https://247sports.com/player/petey-tucker-46149479/junior-college-314496,,https://247sports.com/player/petey-tucker-46149479/college-315856,
46129046,Ladarian Paulk,S,Wekiva,Apopka,FL,82,2025,,,3,West Florida (NA),East Carolina,2022,,CB,,,,https://247sports.com/player/ladarian-paulk-46129046/junior-college-274468,,https://247sports.com/player/ladarian-paulk-46129046/college-337852,
46128652,Jeff Burton,IOL,Fordson,Dearborn,MI,82,2025,,,3,Grand Valley State,Georgia State,2022,,OT,,,,https://247sports.com/player/jeff-burton-46128652/high-school-273893,,https://247sports.com/player/jeff-burton-46128652/college-325809,
46147623,Antoineo Harris Jr.,EDGE,Morton West,Berwyn,IL,82,2025,,,3,Utah State,UConn,2022,,EDGE,,,,https://247sports.com/player/antoineo-harris-jr-46147623/junior-college-309571,,https://247sports.com/player/antoineo-harris-jr-46147623/college-309585,
46058842,Jayden Davis,S,Bishop O'Dowd,Oakland,CA,82,2025,,,3,Sacramento State,Western Michigan,2021,,S,,,,https://247sports.com/player/jayden-davis-46058842/junior-college-305290,,https://247sports.com/player/jayden-davis-46058842/college-326653,
46157908,Jaden Kelly,LB,South Grand Prairie,Grand Prairie,TX,82,2025,,,3,Arkansas-Pine Bluff,Kennesaw State,2024,,LB,,,,https://247sports.com/player/jaden-kelly-46157908/junior-college-336443,,https://247sports.com/player/jaden-kelly-46157908/college-336444,
46156606,Raylyn Manley,CB,Lake Taylor,Norfolk,VA,82,2025,,,3,Virginia Union (NA),Western Michigan,2020,,CB,,,,https://247sports.com/player/raylyn-manley-46156606/high-school-331696,,https://247sports.com/player/raylyn-manley-46156606/college-331698,
46108933,Terry Kirksey Jr.,LB,Baker,Mobile,AL,81,2025,,3,3,Kansas State,Arkansas State,2023,,LB,,,,https://247sports.com/player/terry-kirksey-jr-46108933/junior-college-288478,,https://247sports.com/player/terry-kirksey-jr-46108933/college-301146,
46052224,Jamontez Woods,RB,Gadsden City,Gadsden,AL,81,2025,,101,3,West Florida (NA),Troy,2019,83,RB,0.8337,1617,99,https://247sports.com/player/jamontez-woods-46052224/high-school-212402,3,https://247sports.com/player/jamontez-woods-46052224/college-324633,
46052171,Dominic Richardson,RB,Bishop McGuinness,Oklahoma City,OK,81,2025,,61,3,New Mexico State,Tulsa,2020,86,RB,0.8704,682,48,https://247sports.com/player/dominic-richardson-46052171/high-school-212333,3,https://247sports.com/player/dominic-richardson-46052171/college-293505,
46097127,Keayen Nead,TE,Sugar-Salem,Sugar City,ID,81,2025,,139,3,Weber State,BYU,2020,79,TE,0.79,3115,143,https://247sports.com/player/keayen-nead-46097127/high-school-245000,2,https://247sports.com/player/keayen-nead-46097127/college-325943,
46156517,Orlando Daniels,EDGE,Plymouth,Canton,MI,81,2025,,,3,Albion College,Arkansas State,2023,,EDGE,,,,https://247sports.com/player/orlando-daniels-46156517/high-school-331536,,https://247sports.com/player/orlando-daniels-46156517/college-331537,
46154834,Alec Clark,P,Australia,Australia,AUST,81,2025,,,3,Marshall,Tulane,2023,,P,,,,https://247sports.com/player/alec-clark-46154834/high-school-328106,,https://247sports.com/player/alec-clark-46154834/college-328107,
46079565,Jeremiah Mawali,IOL,Chaminade-Madonna,Hollywood,FL,80,2025,,,3,Valdosta State,James Madison,2023,,IOL,,,,https://247sports.com/player/jeremiah-mawali-46079565/junior-college-326889,,https://247sports.com/player/jeremiah-mawali-46079565/college-326890,
46154995,Blake Martin,IOL,Alexander Central,Taylorsville,NC,80,2025,,,3,Wingate,Coastal Carolina,2021,,IOL,,,,https://247sports.com/player/blake-martin-46154995/high-school-328360,,https://247sports.com/player/blake-martin-46154995/college-328361,
46118303,Adam Samaha,K,Huron,Ann Arbor,MI,79,2025,,9,2,Michigan,Akron,2023,79,K,0.8169,2116,7,https://247sports.com/player/adam-samaha-46118303/high-school-269409,2,https://247sports.com/player/adam-samaha-46118303/college-301249,
46154533,Kyle Cunanan,K,Sunnyslope,Phoenix,AZ,79,2025,,,2,California,Nebraska,2023,,K,,,,https://247sports.com/player/kyle-cunanan-46154533/high-school-327343,,https://247sports.com/player/kyle-cunanan-46154533/college-327344,
46117531,Christian Williams,IOL,Fort Bend Marshall,Missouri City,TX,82,2025,2463,205,3,Florida,Liberty,2022,86,IOL,0.8511,1231,67,https://247sports.com/player/christian-williams-46117531/high-school-267816,3,https://247sports.com/player/christian-williams-46117531/college-281899,
46141181,Thomas McCoy,WR,Mt. Zion Prep,Baltimore,MD,82,2025,2420,376,3,Marshall,Northern Illinois,2024,,WR,,,,https://247sports.com/player/thomas-mccoy-46141181/high-school-295610,,https://247sports.com/player/thomas-mccoy-46141181/college-319372,
46142274,Chase Stevens,IOL,Vero Beach,Vero Beach,FL,80,2025,2823,256,3,Florida,Kennesaw State,2024,,IOL,,,,https://247sports.com/player/chase-stevens-46142274/high-school-297931,,https://247sports.com/player/chase-stevens-46142274/college-336558,
46052171,Dominic Richardson,RB,Bishop McGuinness,Oklahoma City,OK,81,2025,2623,184,3,New Mexico State,Tulsa,2020,86,RB,0.8704,682,48,https://247sports.com/player/dominic-richardson-46052171/high-school-212333,3,https://247sports.com/player/dominic-richardson-46052171/college-332890,
46130599,Sid Kaba,DL,KIPP Columbus,Columbus,OH,81,2025,2683,287,3,Western Michigan,Marshall,2023,84,DL,0.8594,1135,118,https://247sports.com/player/sid-kaba-46130599/high-school-276397,3,https://247sports.com/player/sid-kaba-46130599/college-320710,
46114453,TJ Johnson,TE,Oscar Smith,Chesapeake,VA,80,2025,2854,175,3,West Virginia,Southern Miss,2023,86,WR,0.8589,1150,165,https://247sports.com/player/tj-johnson-46114453/high-school-263020,3,https://247sports.com/player/tj-johnson-46114453/college-290505,
46128841,Reese Osei-Wusu,IOL,Bridgeland,Cypress,TX,78,2025,2917,270,2,Lamar,South Alabama,2023,,IOL,,,,https://247sports.com/player/reese-osei-wusu-46128841/high-school-274134,,https://247sports.com/player/reese-osei-wusu-46128841/college-336983,
46100114,Julian Neal,CB,Mission,San Francisco,CA,92,2025,,,4,Fresno State,Arkansas,2021,84,ATH,0.8348,1608,128,https://247sports.com/player/julian-neal-46100114/high-school-248971,3,https://247sports.com/player/julian-neal-46100114/college-272102,
46099547,Chris Boti,DL,St. Vincent Pallotti,Laurel,MD,82,2025,2549,270,3,Liberty,Arkansas State,2021,82,DL,0.8111,2236,259,https://247sports.com/player/chris-boti-46099547/high-school-248232,3,https://247sports.com/player/chris-boti-46099547/college-335961,
46052193,Eric Taylor,DL,Hewitt-Trussville,Trussville,AL,86,2025,,4,3,Mississippi State,Coastal Carolina,2023,,DL,,,,https://247sports.com/player/eric-taylor-46052193/junior-college-288721,,https://247sports.com/player/eric-taylor-46052193/college-291624,
46136822,Jude McCoskey,OT,Terre Haute South Vigo,Terre Haute,IN,85,2025,,186,3,Indiana State,Purdue,2023,79,OT,,,,https://247sports.com/player/jude-mccoskey-46136822/high-school-287346,2,https://247sports.com/player/jude-mccoskey-46136822/college-316166,
46154433,LJ Turner Jr.,RB,Heritage,Palm Bay,FL,85,2025,,,3,Catawba,Lenoir-Rhyne,2022,,RB,,,,https://247sports.com/player/lj-turner-jr-46154433/high-school-326964,,https://247sports.com/player/lj-turner-jr-46154433/college-326965,
46156289,Robbie Pizzolato,IOL,John Curtis,New Orleans,LA,84,2025,,,3,Nicholls,Tulane,2022,,IOL,,,,https://247sports.com/player/robbie-pizzolato-46156289/junior-college-331073,,https://247sports.com/player/robbie-pizzolato-46156289/college-331074,
46053702,Brandon Buckhaulter,WR,Hartfield Academy,Flowood,MS,83,2025,,83,3,Western Kentucky,Louisiana-Monroe,2021,88,WR,0.8785,535,84,https://247sports.com/player/brandon-buckhaulter-46053702/high-school-237759,3,https://247sports.com/player/brandon-buckhaulter-46053702/college-320629,
46084459,Alton McCaskill,RB,Oak Ridge,Conroe,TX,82,2025,2401,179,3,Arizona State,Sam Houston,2021,89,RB,0.8893,406,27,https://247sports.com/player/alton-mccaskill-46084459/high-school-235496,3,https://247sports.com/player/alton-mccaskill-46084459/college-319392,
46042188,Jordon Simmons,RB,McEachern,Powder Springs,GA,86,2025,,53,3,Ole Miss,Georgia State,2020,86,RB,0.8748,605,43,https://247sports.com/player/jordon-simmons-46042188/high-school-194325,3,https://247sports.com/player/jordon-simmons-46042188/college-310604,
46056135,Bangally Kamara,LB,East,Akron,OH,92,2024,70,2,4,South Carolina,Kansas,2020,90,OLB,0.8763,579,36,https://247sports.com/player/bangally-kamara-46056135/high-school-218271,4,https://247sports.com/player/bangally-kamara-46056135/college-311429,
46113644,KingJoseph Edwards,EDGE,Mill Creek,Hoschton,GA,88,2025,346,41,3,Syracuse,,2024,90,EDGE,0.894,431,33,https://247sports.com/player/kingjoseph-edwards-46113644/high-school-291135,4,https://247sports.com/player/kingjoseph-edwards-46113644/college-312037,portal_only
46145972,Adrian Maddox,S,Heritage,Conyers,GA,87,2025,355,22,3,UAB,Georgia,2022,,S,,,,https://247sports.com/player/adrian-maddox-46145972/high-school-306288,,https://247sports.com/player/adrian-maddox-46145972/college-310168,committed
46113750,Kyle Sfarcioc,IOL,Liberty,Peoria,AZ,86,2025,621,54,3,Southern Utah,BYU,2021,79,IOL,,,,https://247sports.com/player/kyle-sfarcioc-46113750/high-school-262097,2,https://247sports.com/player/kyle-sfarcioc-46113750/college-325973,committed
46055274,Agiye Hall,WR,Bloomingdale,Valrico,FL,86,2025,737,136,3,Texas,UCF,2021,96,WR,0.9788,45,5,https://247sports.com/player/agiye-hall-46055274/high-school-250225,4,https://247sports.com/player/agiye-hall-46055274/college-321650,committed
46050894,Andrew Gentry,OT,Columbine,Littleton,CO,86,2025,567,45,3,Michigan,BYU,2020,94,OT,0.9628,88,8,https://247sports.com/player/andrew-gentry-46050894/high-school-210627,4,https://247sports.com/player/andrew-gentry-46050894/college-285848,committed
46086759,Kristopher Ross,EDGE,North Shore,Houston,TX,87,2025,484,49,3,Texas,Nevada,2022,91,DL,0.9103,250,33,https://247sports.com/player/kristopher-ross-46086759/high-school-240307,4,https://247sports.com/player/kristopher-ross-46086759/college-318897,committed
46085662,Deven Wright,EDGE,DeSoto Central,Southaven,MS,86,2025,817,82,3,Boise State,Texas State,2022,,EDGE,,,,https://247sports.com/player/deven-wright-46085662/junior-college-262904,,https://247sports.com/player/deven-wright-46085662/college-300130,committed
46052018,Markevious Brown,CB,IMG Academy,Bradenton,FL,87,2025,417,53,3,Purdue,,2021,88,CB,0.8938,364,29,https://247sports.com/player/markevious-brown-46052018/high-school-230410,3,https://247sports.com/player/markevious-brown-46052018/college-300599,portal_only
46157485,Chavez Brown,LB,Terrebonne,Houma,LA,86,2025,832,47,3,North Texas,South Florida,2023,,WR,,,,https://247sports.com/player/chavez-brown-46157485/junior-college-335520,,https://247sports.com/player/chavez-brown-46157485/college-335521,committed
46082993,Carsen Ryan,TE,American Fork,American Fork,UT,87,2025,401,22,3,Utah,BYU,2022,89,TE,0.901,306,15,https://247sports.com/player/carsen-ryan-46082993/high-school-233529,3,https://247sports.com/player/carsen-ryan-46082993/college-307201,committed
46137152,Marquise Henderson,RB,Belton-Honea Path,Honea Path,SC,88,2025,271,16,3,Clemson,,2025,92,RB,0.9283,183,14,https://247sports.com/player/marquise-henderson-46137152/high-school-288199,4,https://247sports.com/player/marquise-henderson-46137152/college-330021,portal_only
46056736,Savion Red,RB,Grand Prairie,Grand Prairie,TX,86,2025,836,54,3,Texas,Nevada,2022,84,WR,0.8444,1414,107,https://247sports.com/player/savion-red-46056736/high-school-219403,3,https://247sports.com/player/savion-red-46056736/college-318892,committed
46098060,Izaiah Guy,CB,Vanguard,Ocala,FL,86,2025,867,101,3,Georgia State,South Florida,2022,82,ATH,0.8378,1535,115,https://247sports.com/player/izaiah-guy-46098060/high-school-267376,3,https://247sports.com/player/izaiah-guy-46098060/college-282529,committed
46057238,Ethan Hilliman,WR,Somerville,Somerville,NJ,86,2025,901,162,3,Monroe College (JUCO),Sacred Heart,2023,,WR,,,,https://247sports.com/player/ethan-hilliman-46057238/junior-college-336640,,https://247sports.com/player/ethan-hilliman-46057238/college-336641,committed
46036258,Trejan Bridges,WR,Hebron,Carrollton,TX,86,2025,856,156,3,Central Arkansas,,2024,,WR,,,,https://247sports.com/player/trejan-bridges-46036258/junior-college-287183,,https://247sports.com/player/trejan-bridges-46036258/college-335438,portal_only
46113232,Zeed Haynes,WR,North Penn,Fort Washington,PA,86,2025,908,163,3,Syracuse,,2023,90,WR,0.9238,200,28,https://247sports.com/player/zeed-haynes-46113232/high-school-261260,4,https://247sports.com/player/zeed-haynes-46113232/college-312034,portal_only
46139291,Jack Hasz,IOL,Creighton Prep,Omaha,NE,85,2025,1106,96,3,UNLV,,2021,,IOL,,,,https://247sports.com/player/jack-hasz-46139291/junior-college-292332,,https://247sports.com/player/jack-hasz-46139291/college-299978,portal_only
46086671,Tausili Akana,EDGE,Skyridge,Lehi,UT,85,2025,969,98,3,Texas,BYU,2023,96,LB,0.9397,141,11,https://247sports.com/player/tausili-akana-46086671/high-school-269803,4,https://247sports.com/player/tausili-akana-46086671/college-297297,committed
46098909,Boogsie Silvera,S,American Heritage,Fort Lauderdale,FL,85,2025,1226,104,3,McNeese,South Florida,2021,83,S,,,,https://247sports.com/player/boogsie-silvera-46098909/high-school-247475,3,https://247sports.com/player/boogsie-silvera-46098909/college-325049,committed
46154339,James Jones,RB,Owings Mills,Owings Mills,MD,85,2025,1153,77,3,Garden City C.C.  (JUCO),Louisiana-Monroe,2024,,RB,,,,https://247sports.com/player/james-jones-46154339/junior-college-326628,,https://247sports.com/player/james-jones-46154339/college-326629,committed
46079048,Connor McLaughlin,OT,Jesuit,Tampa,FL,85,2025,1173,95,3,Stanford,South Florida,2020,89,OT,0.901,304,23,https://247sports.com/player/connor-mclaughlin-46079048/high-school-228191,3,https://247sports.com/player/connor-mclaughlin-46079048/college-325481,committed
46112782,Chas Nimrod,WR,Bentonville,Bentonville,AR,85,2025,1142,194,3,Tennessee,South Florida,2022,87,WR,0.8804,562,79,https://247sports.com/player/chas-nimrod-46112782/high-school-260462,3,https://247sports.com/player/chas-nimrod-46112782/college-275914,committed
46116126,Cartevious Norton,RB,Ware County,Waycross,GA,85,2025,1237,82,3,Charlotte,South Florida,2022,87,RB,0.8707,759,62,https://247sports.com/player/cartevious-norton-46116126/high-school-265582,3,https://247sports.com/player/cartevious-norton-46116126/college-310064,committed
46045585,Abdur-Rahmaan Yaseen,WR,Walled Lake Western,Walled Lake,MI,85,2025,1252,217,3,Purdue,South Florida,2020,90,WR,0.9,312,51,https://247sports.com/player/abdur-rahmaan-yaseen-46045585/high-school-198659,4,https://247sports.com/player/abdur-rahmaan-yaseen-46045585/college-310108,committed
46157469,A.J. Seay,CB,Southwest DeKalb,Decatur,GA,85,2025,1300,147,3,Presbyterian,North Alabama,2021,,CB,,,,https://247sports.com/player/aj-seay-46157469/high-school-335458,,https://247sports.com/player/aj-seay-46157469/college-335460,committed
46056882,Edwin White Schultz,S,UMS-Wright Preparatory School,Mobile,AL,85,2025,1282,110,3,Kansas,North Alabama,2021,86,S,0.8652,785,62,https://247sports.com/player/edwin-white-schultz-46056882/high-school-219675,3,https://247sports.com/player/edwin-white-schultz-46056882/college-297316,committed
46080928,Mali Hamrick,EDGE,Shelby,Shelby,NC,85,2025,1313,127,3,North Carolina,,2022,93,LB,0.9208,199,20,https://247sports.com/player/mali-hamrick-46080928/high-school-230703,4,https://247sports.com/player/mali-hamrick-46080928/college-275153,portal_only
46137687,Naiem Simmons,WR,Cherry Hill West,Cherry Hill,NJ,85,2025,1301,226,3,Wagner,South Florida,2019,,WR,,,,https://247sports.com/player/naiem-simmons-46137687/high-school-289314,,https://247sports.com/player/naiem-simmons-46137687/college-299407,committed
46057664,Dre Martin,DL,Life Christian Academy,Durham,NC,85,2025,1341,137,3,Charlotte,,2022,87,DL,0.8493,1288,159,https://247sports.com/player/dre-martin-46057664/high-school-267266,3,https://247sports.com/player/dre-martin-46057664/college-310057,portal_only
46125429,Tyler Williams,WR,Lakeland,Lakeland,FL,85,2025,1371,230,3,Minnesota,South Florida,2023,94,WR,0.9532,95,17,https://247sports.com/player/tyler-williams-46125429/high-school-271086,4,https://247sports.com/player/tyler-williams-46125429/college-315313,committed
46083335,Sam Franklin,RB,Little Rock Central,Little Rock,AR,85,2025,1455,98,3,Oklahoma,South Florida,2021,,RB,,,,https://247sports.com/player/sam-franklin-46083335/high-school-233862,,https://247sports.com/player/sam-franklin-46083335/college-312144,committed
46117639,Dane Pardridge,WR,Marmion Academy,Summit Argo,IL,85,2025,1474,246,3,Northern Illinois,Rutgers,2022,78,WR,0.7844,2190,260,https://247sports.com/player/dane-pardridge-46117639/high-school-267939,2,https://247sports.com/player/dane-pardridge-46117639/college-342288,committed
46136967,Jayden Anderson,WR,Green Run,Virginia Beach,VA,85,2025,1471,245,3,Virginia Tech,,2025,87,WR,0.8769,728,106,https://247sports.com/player/jayden-anderson-46136967/high-school-287570,3,https://247sports.com/player/jayden-anderson-46136967/college-338446,portal_only
46080868,Oluwaseyi Omotosho,EDGE,Fort Bend Bush,Richmond,TX,85,2025,1476,142,3,Oregon State,West Virginia,2020,,OLB,,,,https://247sports.com/player/oluwaseyi-omotosho-46080868/high-school-230628,,https://247sports.com/player/oluwaseyi-omotosho-46080868/college-290377,committed
46100624,Rocco Milia,LB,Brother Rice,Bloomfield Hills,MI,85,2025,1477,107,3,Columbia,Michigan,2021,79,S,,,,https://247sports.com/player/rocco-milia-46100624/high-school-249669,2,https://247sports.com/player/rocco-milia-46100624/college-324494,committed
46052283,Sammy Anderson Jr.,CB,Trotwood-Madison,Dayton,OH,84,2025,1499,175,3,Cincinnati,Austin Peay,2020,90,CB,0.8785,543,39,https://247sports.com/player/sammy-anderson-jr-46052283/high-school-212504,4,https://247sports.com/player/sammy-anderson-jr-46052283/college-324368,committed
46080949,Justin Lamson,QB,Oak Ridge,El Dorado Hills,CA,84,2025,1545,110,3,Syracuse,Stanford,2021,87,QB,0.8589,937,65,https://247sports.com/player/justin-lamson-46080949/high-school-230724,3,https://247sports.com/player/justin-lamson-46080949/college-301136,committed
46129696,George Silva,OT,La Habra,La Habra,CA,84,2025,1687,130,3,Oregon,,2023,,OT,,,,https://247sports.com/player/george-silva-46129696/junior-college-275599,,https://247sports.com/player/george-silva-46129696/college-294041,portal_only
46084927,Josh Celiscar,EDGE,Winter Haven,Winter Haven,FL,84,2025,1588,154,3,Texas A&amp;M,South Florida,2020,84,SDE,0.8393,1554,82,https://247sports.com/player/josh-celiscar-46084927/high-school-236276,3,https://247sports.com/player/josh-celiscar-46084927/college-317156,committed
46097433,Jonas Duclona,CB,Naples,Naples,FL,84,2025,1627,183,3,Wisconsin,South Florida,2023,88,CB,0.8778,654,66,https://247sports.com/player/jonas-duclona-46097433/high-school-273624,3,https://247sports.com/player/jonas-duclona-46097433/college-293578,committed
46036402,Khafre Brown,WR,West Mecklenburg,Charlotte,NC,84,2025,1713,285,3,Arkansas,,2019,91,WR,0.9161,214,31,https://247sports.com/player/khafre-brown-46036402/high-school-186130,4,https://247sports.com/player/khafre-brown-46036402/college-318103,portal_only
46076578,Thomas Shrader,IOL,Venice,Venice,FL,84,2025,1701,139,3,Appalachian State,South Florida,2020,87,OC,0.8737,618,14,https://247sports.com/player/thomas-shrader-46076578/high-school-227046,3,https://247sports.com/player/thomas-shrader-46076578/college-310316,committed
46099486,Dennard Flowers,EDGE,Creekside,Fairburn,GA,84,2025,1733,170,3,Murray State,South Florida,2021,85,EDGE,0.8483,1248,70,https://247sports.com/player/dennard-flowers-46099486/high-school-261196,3,https://247sports.com/player/dennard-flowers-46099486/college-324453,committed
46099232,Jacob Merrifield,DL,Winder-Barrow,Winder,GA,84,2025,1756,181,3,Florida Atlantic,South Florida,2021,81,DL,0.8322,1682,194,https://247sports.com/player/jacob-merrifield-46099232/high-school-247733,3,https://247sports.com/player/jacob-merrifield-46099232/college-268803,committed
46080759,Cedrick Hawkins Jr.,S,Cocoa,Cocoa,FL,84,2025,1745,151,3,UCF,South Florida,2023,90,S,0.8975,361,35,https://247sports.com/player/cedrick-hawkins-jr-46080759/high-school-230507,4,https://247sports.com/player/cedrick-hawkins-jr-46080759/college-319717,committed
46133581,Derrick McCormick Jr.,LB,Rockledge,Rockledge,FL,84,2025,1852,141,3,UCF,South Florida,2024,86,LB,0.8689,947,81,https://247sports.com/player/derrick-mccormick-jr-46133581/high-school-280786,3,https://247sports.com/player/derrick-mccormick-jr-46133581/college-307149,committed
46046530,Jake Jensen,QB,Pleasant Grove,San Pablo,CA,83,2025,1907,130,3,BYU,USC,2022,,QB,,,,https://247sports.com/player/jake-jensen-46046530/junior-college-268519,,https://247sports.com/player/jake-jensen-46046530/college-285275,committed
46102715,Austin Uke,IOL,Parish Episcopal School,Dallas,TX,83,2025,1928,163,3,Stanford,Seattle,2021,90,OT,0.883,476,40,https://247sports.com/player/austin-uke-46102715/high-school-253092,4,https://247sports.com/player/austin-uke-46102715/college-269952,committed
46113213,Wyatt Sullivan,TE,Robert F. Munroe Day School,Quincy,FL,83,2025,1915,112,3,Florida Atlantic,South Florida,2022,87,WR,0.8522,1191,85,https://247sports.com/player/wyatt-sullivan-46113213/high-school-261241,3,https://247sports.com/player/wyatt-sullivan-46113213/college-282101,committed
46113170,D'Arco Perkins-McAllister,CB,Stratford Comprehensive,Nashville,TN,83,2025,1988,226,3,Chattanooga,Louisiana-Monroe,2021,90,S,0.8956,354,25,https://247sports.com/player/darco-perkins-mcallister-46113170/high-school-261162,4,https://247sports.com/player/darco-perkins-mcallister-46113170/college-327554,committed
46049484,Jacolby Criswell,QB,Morrilton,Morrilton,AR,83,2025,1997,137,3,Arkansas,North Carolina,2020,90,DUAL,0.907,267,11,https://247sports.com/player/jacolby-criswell-46049484/high-school-207938,4,https://247sports.com/player/jacolby-criswell-46049484/college-318273,committed
46081690,Noah Robinson,WR,Louisa County,Mineral,VA,83,2025,2048,350,3,Old Dominion,Robert Morris,2020,82,WR,0.8215,2125,277,https://247sports.com/player/noah-robinson-46081690/high-school-231697,3,https://247sports.com/player/noah-robinson-46081690/college-325060,committed
46058993,Al Wooten II,RB,Christian Brothers,Memphis,TN,83,2025,2079,158,3,Mercer,Duke,2020,78,RB,0.7956,3023,197,https://247sports.com/player/al-wooten-ii-46058993/high-school-225648,2,https://247sports.com/player/al-wooten-ii-46058993/college-316660,committed
46102803,Mudia Reuben,WR,Park Hill South,Riverside,MO,83,2025,2037,339,3,Stanford,South Florida,2022,87,WR,0.8781,600,86,https://247sports.com/player/mudia-reuben-46102803/high-school-253296,3,https://247sports.com/player/mudia-reuben-46102803/college-286062,committed
46154263,Anisi Purcell,DL,Bountiful,Bountiful,UT,83,2025,2068,209,3,Southern Utah,BYU,2022,,DL,,,,https://247sports.com/player/anisi-purcell-46154263/high-school-326397,,https://247sports.com/player/anisi-purcell-46154263/college-326398,committed
46052628,Tate Rodemaker,QB,Valdosta,Valdosta,GA,83,2025,2063,145,3,Florida State,Southern Miss,2020,88,PRO,0.8719,647,25,https://247sports.com/player/tate-rodemaker-46052628/high-school-213212,3,https://247sports.com/player/tate-rodemaker-46052628/college-312579,committed
46154675,Tirrell Johnson,EDGE,Wynne,Wynne,AR,83,2025,2135,205,3,South Alabama,,2022,,EDGE,,,,https://247sports.com/player/tirrell-johnson-46154675/high-school-327637,,https://247sports.com/player/tirrell-johnson-46154675/college-327639,portal_only
46094391,Jacolby Spells,CB,American Heritage,Fort Lauderdale,FL,83,2025,2073,228,3,West Virginia,,2022,93,CB,0.9175,213,27,https://247sports.com/player/jacolby-spells-46094391/high-school-243082,4,https://247sports.com/player/jacolby-spells-46094391/college-282236,portal_only
46052396,Dre Butler,DL,Newton,Covington,GA,83,2025,2146,218,3,Charlotte,South Florida,2020,,SDE,,,,https://247sports.com/player/dre-butler-46052396/junior-college-242108,,https://247sports.com/player/dre-butler-46052396/college-318191,committed
46054109,Jayden Williams,CB,Centennial,Corona,CA,83,2025,2180,240,3,Miami (OH),,2019,85,S,0.85,1194,102,https://247sports.com/player/jayden-williams-46054109/high-school-215129,3,https://247sports.com/player/jayden-williams-46054109/college-325990,portal_only
46053584,Joe Moore,EDGE,Cardinal Ritter College Prep,Florissant,MO,83,2025,2214,212,3,Arizona State,Missouri,2020,87,SDE,0.89,411,14,https://247sports.com/player/joe-moore-46053584/high-school-214417,3,https://247sports.com/player/joe-moore-46053584/college-303256,committed
46129041,Josiah Allen,CB,Franklin,Elk Grove,CA,83,2025,2236,253,3,Sacramento City College (JUCO),UTEP,2022,,S,,,,https://247sports.com/player/josiah-allen-46129041/junior-college-274460,,https://247sports.com/player/josiah-allen-46129041/college-286888,committed
46050710,Jayme Simmons,OT,Thompson,Alabaster,AL,83,2025,2222,162,3,UAB,Samford,2019,87,OT,0.8685,780,61,https://247sports.com/player/jayme-simmons-46050710/high-school-210347,3,https://247sports.com/player/jayme-simmons-46050710/college-337757,committed
46153849,Pius Njenge,EDGE,Stratford,Houston,TX,83,2025,2248,215,3,Lamar,Gardner-Webb,2020,,EDGE,,,,https://247sports.com/player/pius-njenge-46153849/high-school-325325,,https://247sports.com/player/pius-njenge-46153849/college-325328,committed
46053449,Craig McDonald,S,Minnehaha Academy,Minneapolis,MN,82,2025,2297,221,3,Auburn,Minnesota,2020,86,S,0.863,855,66,https://247sports.com/player/craig-mcdonald-46053449/high-school-214262,3,https://247sports.com/player/craig-mcdonald-46053449/college-301064,committed
46142097,Damion Miller,S,Port Gibson,Port Gibson,MS,82,2025,2299,223,3,Southwest Mississippi C.C. (JUCO),Southern Miss,2026,,S,,,,https://247sports.com/player/damion-miller-46142097/junior-college-346575,,https://247sports.com/player/damion-miller-46142097/college-312560,committed
46097668,Tristan Monday,DL,Saguaro,Scottsdale,AZ,82,2024,2304,241,3,Arizona State,,2022,86,LB,0.8704,766,76,https://247sports.com/player/tristan-monday-46097668/high-school-245672,3,https://247sports.com/player/tristan-monday-46097668/college-296579,portal_only
46156698,Darrian King,IOL,Oak Grove,Hattiesburg,MS,82,2025,2439,197,3,East Mississippi C.C. (JUCO),Samford,2023,,OT,,,,https://247sports.com/player/darrian-king-46156698/junior-college-332206,,https://247sports.com/player/darrian-king-46156698/college-332209,committed
46099603,Jase Bauer,QB,Ankeny,Ankeny,IA,82,2025,2411,162,3,Central Michigan,Sam Houston,2021,82,QB,0.8237,1919,120,https://247sports.com/player/jase-bauer-46099603/high-school-248333,3,https://247sports.com/player/jase-bauer-46099603/college-310482,committed
46051389,Ma'jon Wright,WR,Cardinal Gibbons,Fort Lauderdale,FL,82,2025,2434,386,3,San Diego State,Valdosta State,2023,,WR,,,,https://247sports.com/player/majon-wright-46051389/junior-college-289650,,https://247sports.com/player/majon-wright-46051389/college-330392,committed
46101959,VJ Bronson,DL,Katy Taylor,Katy,TX,82,2025,2581,276,3,Arkansas State,North Texas,2021,,DL,,,,https://247sports.com/player/vj-bronson-46101959/high-school-251656,,https://247sports.com/player/vj-bronson-46101959/college-318234,committed
46048394,Joey Wright,OT,Bishop Manogue,Reno,NV,82,2025,2582,187,3,San Diego State,Sacramento State,2020,85,OT,0.8693,703,53,https://247sports.com/player/joey-wright-46048394/high-school-204068,3,https://247sports.com/player/joey-wright-46048394/college-335475,committed
46097159,Devin Lee,DL,Ola,McDonough,GA,82,2025,2587,277,3,Vanderbilt,South Florida,2021,87,DL,0.8707,670,81,https://247sports.com/player/devin-lee-46097159/high-school-245038,3,https://247sports.com/player/devin-lee-46097159/college-267065,committed
46130638,Rocco Nicholl,LB,St. Joseph's Prep,Philadelphia,PA,82,2025,2592,203,3,Kent State,South Florida,2022,82,LB,,,,https://247sports.com/player/rocco-nicholl-46130638/high-school-276465,3,https://247sports.com/player/rocco-nicholl-46130638/college-336039,committed
46158042,Traevon Mitchell,DL,Dr. Henry Wise,Upper Marlboro,MD,82,2025,2595,280,3,West Florida (NA),South Florida,2022,,DL,,,,https://247sports.com/player/traevon-mitchell-46158042/high-school-336796,,https://247sports.com/player/traevon-mitchell-46158042/college-336798,committed
46147596,Nick Reimer,OT,Central Catholic,Allentown,PA,82,2025,2603,189,3,Merrimack,Bowling Green,2020,,OT,,,,https://247sports.com/player/nick-reimer-46147596/high-school-309453,,https://247sports.com/player/nick-reimer-46147596/college-309455,committed
46097134,Destin Wade,QB,Summit,Spring Hill,TN,81,2025,2639,167,3,Kentucky,Colorado,2022,87,ATH,0.8909,418,24,https://247sports.com/player/destin-wade-46097134/high-school-245009,3,https://247sports.com/player/destin-wade-46097134/college-311369,committed
46130384,Jarret Nielsen,QB,Jordan,Long Beach,CA,81,2025,2640,168,3,Hawaii,,2025,82,QB,0.8292,2622,173,https://247sports.com/player/jarret-nielsen-46130384/high-school-276081,3,https://247sports.com/player/jarret-nielsen-46130384/college-331878,portal_only
46127978,Nick Rempert,WR,Batavia,Batavia,IL,81,2025,2648,398,3,North Texas,Northern Illinois,2022,,WR,,,,https://247sports.com/player/nick-rempert-46127978/junior-college-272841,,https://247sports.com/player/nick-rempert-46127978/college-317774,committed
46146272,Deontre Morris,S,Therrell School Of Business And Entrepreneurship,Atlanta,GA,81,2025,2740,274,3,Kennesaw State,Georgia Southern,2021,,S,,,,https://247sports.com/player/deontre-morris-46146272/high-school-306957,,https://247sports.com/player/deontre-morris-46146272/college-310539,committed
46081316,Markus Knight,S,Lincoln,Tallahassee,FL,81,2025,2763,280,3,Independence C.C. (JUCO),Old Dominion,2022,,S,,,,https://247sports.com/player/markus-knight-46081316/junior-college-335481,,https://247sports.com/player/markus-knight-46081316/college-335482,committed
46111966,Zach Person,TE,Kingsford,Kingsford,MI,81,2025,2767,166,3,Toledo,Northern Michigan,2022,80,TE,0.8052,2073,126,https://247sports.com/player/zach-person-46111966/high-school-260131,3,https://247sports.com/player/zach-person-46111966/college-338147,committed
46056902,Christian Burkhalter,EDGE,Spanish Fort,Spanish Fort,AL,80,2025,2784,259,3,UCLA,Georgia Tech,2021,90,EDGE,0.8881,422,28,https://247sports.com/player/christian-burkhalter-46056902/high-school-219700,4,https://247sports.com/player/christian-burkhalter-46056902/college-281948,committed
46112938,Ryan Robinson Jr.,S,Edna Karr,New Orleans,LA,80,2025,2829,290,3,LSU,Iowa State,2023,87,CB,0.8719,796,81,https://247sports.com/player/ryan-robinson-jr-46112938/high-school-260720,3,https://247sports.com/player/ryan-robinson-jr-46112938/college-319556,committed
93369,Cade McNamara,QB,Damonte Ranch,Reno,NV,80,2025,2844,177,3,Michigan,Iowa,2019,90,PRO,0.9052,282,7,https://247sports.com/player/cade-mcnamara-93369/high-school-178695,4,https://247sports.com/player/cade-mcnamara-93369/college-291102,committed
46146051,Jaylen Dotson,CB,Our Lady of Good Counsel,Olney,MD,80,2025,2850,325,3,Monmouth,Kent State,2021,,CB,,,,https://247sports.com/player/jaylen-dotson-46146051/high-school-306416,,https://247sports.com/player/jaylen-dotson-46146051/college-320255,committed
46053216,Tyson Meiguez,LB,Creekside,Fairburn,GA,80,2025,2852,222,3,Georgia Tech,Murray State,2020,87,OLB,0.8759,588,37,https://247sports.com/player/tyson-meiguez-46053216/high-school-216700,3,https://247sports.com/player/tyson-meiguez-46053216/college-324596,committed
46094631,Talyn Hunter,IOL,Hickory Ridge,Harrisburg,NC,79,2024,2871,264,2,Old Dominion,,2020,79,OT,0.79,3115,246,https://247sports.com/player/talyn-hunter-46094631/high-school-243184,2,https://247sports.com/player/talyn-hunter-46094631/college-256337,portal_only
46110511,Takeshi Faupula,RB,Yuba City,Yuba City,CA,78,2025,2919,191,2,New Mexico,,2025,,RB,,,,https://247sports.com/player/takeshi-faupula-46110511/junior-college-325389,,https://247sports.com/player/takeshi-faupula-46110511/college-333628,portal_only
46053527,Pig Cage,S,Archbishop Rummel,Metairie,LA,79,2025,2895,300,2,UTSA,Louisiana Tech,2020,83,S,0.8317,1780,134,https://247sports.com/player/pig-cage-46053527/high-school-214357,3,https://247sports.com/player/pig-cage-46053527/college-319197,committed
46102255,Tru Edwards,WR,Mansfield Legacy,Mansfield,TX,90,2025,,,4,Hawaii,Louisiana Tech,2021,,WR,,,,https://247sports.com/player/tru-edwards-46102255/junior-college-252075,,https://247sports.com/player/tru-edwards-46102255/college-321029,committed
46111905,Louis Brown IV,WR,Inglewood,Inglewood,CA,85,2025,,203,3,Colorado State,Baylor,2022,84,WR,0.8207,1882,233,https://247sports.com/player/louis-brown-iv-46111905/high-school-260059,3,https://247sports.com/player/louis-brown-iv-46111905/college-310862,committed
46103582,Easton Messer,WR,Christian Academy of Louisville,Louisville,KY,84,2025,1663,264,3,Western Kentucky,Florida Atlantic,2022,77,WR,,,,https://247sports.com/player/easton-messer-46103582/high-school-254667,2,https://247sports.com/player/easton-messer-46103582/college-286927,committed
46155126,Simon Mapa,TE,Aragon,San Mateo,CA,82,2025,2585,149,3,California,New Mexico,2025,,TE,,,,https://247sports.com/player/simon-mapa-46155126/junior-college-328579,,https://247sports.com/player/simon-mapa-46155126/college-336393,committed
46056791,Dekel Crowdus,WR,Frederick Douglass,Lexington,KY,86,2025,923,164,3,Hawaii,Wisconsin,2021,90,WR,0.9011,307,49,https://247sports.com/player/dekel-crowdus-46056791/high-school-247211,4,https://247sports.com/player/dekel-crowdus-46056791/college-310798,committed
46042923,Joshua Eaton,CB,Aldine MacArthur,Houston,TX,92,2025,75,5,4,Texas State,Michigan State,2020,89,CB,0.8967,347,26,https://247sports.com/player/joshua-eaton-46042923/high-school-195441,3,https://247sports.com/player/joshua-eaton-46042923/college-300125,committed
46153817,Adam Dolan,OT,St. Mary's,Orchard Lake,MI,85,2025,1260,97,3,Butler,,2021,,OT,,,,https://247sports.com/player/adam-dolan-46153817/high-school-325252,,https://247sports.com/player/adam-dolan-46153817/college-325253,portal_only
46111612,Nathan Jones,TE,Brock,Brock,TX,86,2025,813,40,3,Minnesota,,2022,87,TE,0.847,1354,81,https://247sports.com/player/nathan-jones-46111612/high-school-259669,3,https://247sports.com/player/nathan-jones-46111612/college-284318,portal_only
46098819,Ryan Pellum,WR,Millikan,Long Beach,CA,86,2025,805,150,3,Oregon,,2024,92,WR,0.9367,145,26,https://247sports.com/player/ryan-pellum-46098819/high-school-247360,4,https://247sports.com/player/ryan-pellum-46098819/college-312201,portal_only
46080049,Antonio Gates Jr.,WR,Fordson,Dearborn,MI,86,2025,807,151,3,Michigan State,,2022,92,WR,0.8969,354,54,https://247sports.com/player/antonio-gates-jr-46080049/high-school-229433,4,https://247sports.com/player/antonio-gates-jr-46080049/college-284810,portal_only
46129840,Luke Williams,S,Naperville North,Naperville,IL,85,2025,1419,124,3,Purdue,,2024,90,ATH,0.9004,352,15,https://247sports.com/player/luke-williams-46129840/high-school-275832,4,https://247sports.com/player/luke-williams-46129840/college-318505,portal_only
46154762,Hayden Bozich,OT,Linsly School,Wheeling,WV,84,2025,1602,129,3,Brown,,2022,,OT,,,,https://247sports.com/player/hayden-bozich-46154762/high-school-327952,,https://247sports.com/player/hayden-bozich-46154762/college-327953,portal_only
46137052,Jordan King,IOL,North Side,Fort Wayne,IN,84,2025,1806,155,3,Purdue,,2024,86,OT,0.8606,1212,93,https://247sports.com/player/jordan-king-46137052/high-school-287756,3,https://247sports.com/player/jordan-king-46137052/college-318514,portal_only
46108988,Richard Reese,RB,Bellville,Bellville,TX,84,2025,1736,129,3,Baylor,,2022,87,RB,0.873,709,58,https://247sports.com/player/richard-reese-46108988/high-school-256963,3,https://247sports.com/player/richard-reese-46108988/college-281983,portal_only
46111928,CJ Jacobsen,TE,Rocky Mountain,Meridian,ID,84,2025,1743,99,3,Utah,,2023,88,TE,0.8769,673,30,https://247sports.com/player/cj-jacobsen-46111928/high-school-260086,3,https://247sports.com/player/cj-jacobsen-46111928/college-297451,portal_only
46149712,Luke Banbury,LB,Upper St. Clair,Pittsburgh,PA,83,2024,1883,145,3,Cornell,,2021,,LB,,,,https://247sports.com/player/luke-banbury-46149712/high-school-314805,,https://247sports.com/player/luke-banbury-46149712/college-314807,portal_only
46097280,Chris Parson,QB,Ravenwood,Brentwood,TN,83,2025,1888,126,3,Mississippi State,,2023,88,QB,0.8935,404,28,https://247sports.com/player/chris-parson-46097280/high-school-262195,3,https://247sports.com/player/chris-parson-46097280/college-291617,portal_only
46041310,Kody Epps,WR,Mater Dei,Santa Ana,CA,83,2025,1913,307,3,BYU,,2020,86,ATH,0.8659,794,124,https://247sports.com/player/kody-epps-46041310/high-school-193332,3,https://247sports.com/player/kody-epps-46041310/college-257726,portal_only
46055157,Chris Long,WR,Willingboro,Willingboro,NJ,83,2025,1895,306,3,Rutgers,,2020,90,ATH,0.8689,708,41,https://247sports.com/player/chris-long-46055157/high-school-216783,4,https://247sports.com/player/chris-long-46055157/college-262595,portal_only
46054089,Lincoln Tuioti-Mariner,S,Bishop Gorman,Las Vegas,NV,83,2025,2230,214,3,Air Force,,2020,85,S,0.8306,1830,141,https://247sports.com/player/lincoln-tuioti-mariner-46054089/high-school-215109,3,https://247sports.com/player/lincoln-tuioti-mariner-46054089/college-325458,portal_only
46058436,Julius Loughridge,RB,Mayde Creek,Katy,TX,83,2025,2252,164,3,Fordham,,2021,83,RB,,,,https://247sports.com/player/julius-loughridge-46058436/high-school-224534,3,https://247sports.com/player/julius-loughridge-46058436/college-325537,portal_only
46132479,Jackson Cowgill,DL,Erie,Erie,CO,83,2025,2269,239,3,Washington State,,2024,85,DL,0.8461,1756,179,https://247sports.com/player/jackson-cowgill-46132479/high-school-278883,3,https://247sports.com/player/jackson-cowgill-46132479/college-319872,portal_only
46130848,Chris Lofton,WR,A.C. Flora,Columbia,SC,82,2025,2289,361,3,James Madison,,2023,,ATH,,,,https://247sports.com/player/chris-lofton-46130848/high-school-276775,,https://247sports.com/player/chris-lofton-46130848/college-320902,portal_only
46102189,Alex Geraci,TE,Don Bosco Prep,Ramsey,NJ,82,2024,2291,137,3,Dartmouth,,2021,,TE,,,,https://247sports.com/player/alex-geraci-46102189/high-school-251971,,https://247sports.com/player/alex-geraci-46102189/college-326412,portal_only
46103715,Steven Sannieniola,S,Quince Orchard,Gaithersburg,MD,82,2025,2329,225,3,Vanderbilt,,2022,86,S,0.86,994,80,https://247sports.com/player/steven-sannieniola-46103715/high-school-254898,3,https://247sports.com/player/steven-sannieniola-46103715/college-275048,portal_only
85423,Solomon Tuliaupupu,EDGE,Mater Dei,Santa Ana,CA,82,2025,2388,237,3,USC,,2018,96,ILB,0.9582,86,3,https://247sports.com/player/solomon-tuliaupupu-85423/high-school-190739,4,https://247sports.com/player/solomon-tuliaupupu-85423/college-219237,portal_only
46100554,Owen Ostroski,EDGE,Holland Hall,Tulsa,OK,82,2025,2390,239,3,Tulsa,,2021,80,DL,0.8222,1957,223,https://247sports.com/player/owen-ostroski-46100554/high-school-249585,3,https://247sports.com/player/owen-ostroski-46100554/college-270698,portal_only
46096377,Charlie Patterson,IOL,Fellowship Christian School,Roswell,GA,82,2025,2462,204,3,Virginia,,2021,84,OT,0.8563,1017,87,https://247sports.com/player/charlie-patterson-46096377/high-school-244398,3,https://247sports.com/player/charlie-patterson-46096377/college-269066,portal_only
46055406,Nicholas Hilliard,IOL,Ascension Catholic,Donaldsonville,LA,82,2024,2459,202,3,Princeton,,2020,84,DT,0.8367,1654,121,https://247sports.com/player/nicholas-hilliard-46055406/high-school-217388,3,https://247sports.com/player/nicholas-hilliard-46055406/college-324187,portal_only
46149724,Jack Powers,IOL,Westminster Christian Academy,St. Louis,MO,82,2025,2465,207,3,Cornell,,2021,,OT,,,,https://247sports.com/player/jack-powers-46149724/high-school-314835,,https://247sports.com/player/jack-powers-46149724/college-314836,portal_only
46097546,Jahon Myers,EDGE,Luella,Locust Grove,GA,81,2024,2635,253,3,Kennesaw State,,2020,,WDE,,,,https://247sports.com/player/jahon-myers-46097546/high-school-245500,,https://247sports.com/player/jahon-myers-46097546/college-324522,portal_only
46079650,Cole Batson,S,San Clemente,San Clemente,CA,81,2025,2734,270,3,Boston College,,2021,85,ATH,0.85,1188,86,https://247sports.com/player/cole-batson-46079650/high-school-228880,3,https://247sports.com/player/cole-batson-46079650/college-268565,portal_only
46082288,Julian Talley,S,St. Joseph's Prep,Philadelphia,PA,81,2024,2743,276,3,Pennsylvania,,2021,76,CB,,,,https://247sports.com/player/julian-talley-46082288/high-school-232449,2,https://247sports.com/player/julian-talley-46082288/college-325050,portal_only
46130722,Alex Elliott,LB,Hutchinson,Hutchinson,MN,81,2025,2752,218,3,Minnesota,,2023,86,LB,0.8639,1012,79,https://247sports.com/player/alex-elliott-46130722/high-school-276595,3,https://247sports.com/player/alex-elliott-46130722/college-298928,portal_only
46100035,Kaven Call,EDGE,Apopka,Apopka,FL,80,2024,2780,257,3,UCF,,2023,88,DL,0.8833,553,52,https://247sports.com/player/kaven-call-46100035/high-school-248876,3,https://247sports.com/player/kaven-call-46100035/college-301343,portal_only
46132630,Cole LaCrue,QB,Broomfield,Broomfield,CO,80,2024,2781,169,3,Wisconsin,,2023,84,QB,0.8628,1047,52,https://247sports.com/player/cole-lacrue-46132630/high-school-279063,3,https://247sports.com/player/cole-lacrue-46132630/college-293576,portal_only
46154835,Will Halkyard,LS,Glenbard West,Glen Ellyn,IL,80,2025,2791,3,3,Northwestern,,2020,,LS,,,,https://247sports.com/player/will-halkyard-46154835/high-school-328108,,https://247sports.com/player/will-halkyard-46154835/college-328109,portal_only
46118301,Reece Sylvester,S,Sterling,Baytown,TX,80,2025,2826,287,3,Washington State,,2022,83,S,0.7983,2125,158,https://247sports.com/player/reece-sylvester-46118301/high-school-269407,3,https://247sports.com/player/reece-sylvester-46118301/college-282998,portal_only
46103956,Inumidun Ayo-Durojaiye,S,Damascus,Damascus,MD,80,2024,2830,291,3,Yale,,2021,,S,,,,https://247sports.com/player/inumidun-ayo-durojaiye-46103956/high-school-255535,,https://247sports.com/player/inumidun-ayo-durojaiye-46103956/college-324950,portal_only
46154199,Dayne Hodge,S,Assumption,Davenport,IA,80,2025,2832,293,3,Tulsa,,2021,,S,,,,https://247sports.com/player/dayne-hodge-46154199/high-school-326212,,https://247sports.com/player/dayne-hodge-46154199/college-326213,portal_only
46083675,Jeff Bowie,DL,West Branch,West Branch,IA,80,2024,2841,309,3,Iowa,,2021,87,DL,0.8707,670,81,https://247sports.com/player/jeff-bowie-46083675/high-school-234299,3,https://247sports.com/player/jeff-bowie-46083675/college-267557,portal_only
46103616,De'Andre Coleman,WR,Hueytown,Hueytown,AL,80,2025,2842,419,3,Coastal Carolina,,2022,90,WR,0.8785,592,84,https://247sports.com/player/deandre-coleman-46103616/high-school-254727,4,https://247sports.com/player/deandre-coleman-46103616/college-287101,portal_only
46130998,Kenari Wilcher,WR,Moore Haven,Clewiston,FL,80,2025,2845,420,3,Illinois,,2023,87,ATH,0.8753,717,50,https://247sports.com/player/kenari-wilcher-46130998/high-school-276974,3,https://247sports.com/player/kenari-wilcher-46130998/college-291361,portal_only
46110536,James Durand,IOL,Basha,Chandler,AZ,80,2025,2846,258,3,Wisconsin,,2023,88,IOL,0.8978,356,20,https://247sports.com/player/james-durand-46110536/high-school-259069,3,https://247sports.com/player/james-durand-46110536/college-293579,portal_only
46076650,Landon Ibieta,WR,Mandeville,Mandeville,LA,78,2025,2915,427,2,LSU,,2022,87,WR,0.8878,449,67,https://247sports.com/player/landon-ibieta-46076650/high-school-227190,3,https://247sports.com/player/landon-ibieta-46076650/college-283231,portal_only
46132876,Jackson Ford,TE,Melissa,Melissa,TX,85,2025,1253,66,3,,,2024,86,DL,0.8589,1281,67,https://247sports.com/player/jackson-ford-46132876/high-school-279447,3,https://247sports.com/player/jackson-ford-46132876/college-318734,none
46116182,Dylan Gooden,EDGE,Wilde Lake,Columbia,MD,85,2025,1452,139,3,Maryland,,2023,88,EDGE,0.8939,403,42,https://247sports.com/player/dylan-gooden-46116182/high-school-265670,3,https://247sports.com/player/dylan-gooden-46116182/college-298901,portal_only
46080456,Drew Lawson,IOL,Bob Jones,Madison,AL,83,2025,2139,185,3,Southern Miss,,2021,,IOL,,,,https://247sports.com/player/drew-lawson-46080456/high-school-230089,,https://247sports.com/player/drew-lawson-46080456/college-271020,portal_only
46109874,Warren Smith Jr.,CB,El Cerrito,El Cerrito,CA,83,2025,2237,254,3,Washington State,,2023,88,CB,0.86,1111,107,https://247sports.com/player/warren-smith-jr-46109874/high-school-257841,3,https://247sports.com/player/warren-smith-jr-46109874/college-293588,portal_only
46131125,Aidan Glover,QB,Collierville,Collierville,TN,86,2025,591,50,3,,,2024,88,QB,0.8803,646,40,https://247sports.com/player/aidan-glover-46131125/high-school-293061,3,https://247sports.com/player/aidan-glover-46131125/college-311282,none
46136887,JJ Harrell,WR,North Panola,Sardis,MS,85,2025,1055,181,3,,,2024,90,WR,0.9181,217,36,https://247sports.com/player/jj-harrell-46136887/high-school-287458,4,https://247sports.com/player/jj-harrell-46136887/college-308341,none
46156701,Bryson Parker,S,Weddington,Matthews,NC,84,2025,1816,161,3,Richmond,,2021,,S,,,,https://247sports.com/player/bryson-parker-46156701/high-school-332245,,https://247sports.com/player/bryson-parker-46156701/college-332250,portal_only
46154253,Cayman Spaulding,LB,Miller Grove,Lithonia,GA,85,2025,1228,93,3,,,2023,,LB,,,,https://247sports.com/player/cayman-spaulding-46154253/high-school-326357,,https://247sports.com/player/cayman-spaulding-46154253/college-326362,none
46052107,Wyatt Draeger,DL,Reno,Reno,NV,82,2024,2305,242,3,San Diego State,,2019,81,SDE,0.81,2291,140,https://247sports.com/player/wyatt-draeger-46052107/high-school-212249,3,https://247sports.com/player/wyatt-draeger-46052107/college-241752,portal_only
46117160,Greg Johnson II,CB,Midlothian Heritage,Midlothian,TX,82,2025,2594,303,3,,,2022,,ATH,,,,https://247sports.com/player/greg-johnson-ii-46117160/high-school-267281,,https://247sports.com/player/greg-johnson-ii-46117160/college-336698,none
46057338,Ryan Ruane,S,Rumson-Fair Haven,Rumson,NJ,81,2024,2742,275,3,Holy Cross,,2021,79,ATH,,,,https://247sports.com/player/ryan-ruane-46057338/high-school-220727,2,https://247sports.com/player/ryan-ruane-46057338/college-324946,portal_only
